id;category/id;category/name;scope/id;scope/name;participatory_space/id;participatory_space/url;component/id;title/ca;title/en;title/es;description/ca;description/en;description/es;start_time;end_time;attendees;contributions;organizations;address;location/ca;location/en;location/es;reference;comments;attachments;followers;url;related_proposals;related_results
10;;;;;8;http://torroella-estartit-decidim.ddgi.cat/processes/obrimelconvent?participatory_process_slug=obrimelconvent;22;Visites guiades de descoberta del Convent de les Clarisses;"";"";<p><strong>Vine a conèixer de primera mà com és l'edifici del Convent de les Clarisses i digues la teva!  </strong></p><p><strong>Dies:</strong></p><ul><li>24 i 25 de novembre de 2018, a les 10, a les 11 h, a les 12 h i a les 13 h </li><li>1 i 2 de desembre de 2018, obertura de l'espai dels patis i visita guiada conjunta de la Fira en el Record. </li><li>8 i 9 de desembre de 2018, a les 10 h ,a les 11 h, a les 12 h i a les 13 h </li><li>15 i 16 de desembre de 2018, a les 10 h ,a les 11 h, a les 12 h i a les 13 h</li><li>Inscripcions al Museu de la Mediterrània: c. Ullà, 31 - Tel. 972 75 51 80 - museu@torroella-estartit.cat</li></ul><p><br></p><p><strong>Voleu veure fotos de 360º del Convent de les Clarisses? </strong></p><p><strong>Pati carrer Sant Dolors:</strong></p><ul><li>https://goo.gl/maps/m1MqaMQHeG52</li><li>https://goo.gl/maps/xWtFt2fUaK12</li></ul><p><br></p><p><strong>Pati carrer Pintor Gimeno</strong></p><ul><li>https://goo.gl/maps/H2p6JqTtp932</li><li>https://goo.gl/maps/3xZZKqU6sAK2</li></ul><p><br></p><p><strong>Interior Església:</strong></p><ul><li>https://goo.gl/maps/AqEyUfuFnTQ2</li><li>https://goo.gl/maps/wGnd1xNjQzz</li></ul>;"";"";2019-01-26 11:00:00;2019-01-26 12:00:00;0;0;;Carrer dolors, 49 , 17257 Torroella de Montgrí ;Torroella de Montgrí;"";"";TM - EST-MEET-2018-11-10;0;0;7;http://torroella-estartit-decidim.ddgi.cat/processes/obrimelconvent/f/22/meetings/10;"";""
16;;;;;8;http://torroella-estartit-decidim.ddgi.cat/processes/obrimelconvent?participatory_process_slug=obrimelconvent;54;Taller obert a la ciutadania;"";"";<p>El dia 30 de gener de 2019, a les 19 h us esperem al taller obert a la ciutadania per definir els usos del Convent de les Clarisses. </p><p>Si vols participar-hi, escriu-nos un correu electrònic a participacio@torroella-estartit.cat i indica'ns el teu nom i cognoms i el teu correu electrònic, amb el concepte: Inscripció al taller de ciutadania Convent Clarisses. </p>;"";"";2019-01-30 19:00:00;2019-01-30 22:00:00;0;0;;Carrer d'Ullà, 31, 17257 Torroella de Montgrí, Girona;Torroella de Montgri;"";"";TM - EST-MEET-2019-01-16;0;0;7;http://torroella-estartit-decidim.ddgi.cat/processes/obrimelconvent/f/54/meetings/16;"";""
17;;;;;8;http://torroella-estartit-decidim.ddgi.cat/processes/obrimelconvent?participatory_process_slug=obrimelconvent;57;Taller amb entitats;"";"";<p>La participació de les entitats locals en la definició dels usos del Convent de les Clarisses es mereix una reunió específica. </p><p>Dia: </p><ul><li>17 de desembre de 2018, a les 19 h al Convent de les Clarisses. </li></ul>;"";"";2018-12-17 19:00:00;2018-12-17 21:00:00;0;0;;c. Pintor Gimeno, 12, Torroella de Montgrí;Convent de les Clarisses;"";"";TM - EST-MEET-2019-01-17;0;0;7;http://torroella-estartit-decidim.ddgi.cat/processes/obrimelconvent/f/57/meetings/17;"";""
19;;;;;8;http://torroella-estartit-decidim.ddgi.cat/processes/obrimelconvent?participatory_process_slug=obrimelconvent;58;Taller amb joves;"";"";"<p>Actualment, els joves de Torroella de Montgrí no disposen de cap espai propi on poder-se trobar i relacionar. Una mancança històricament reconeguda al municipi. És per aquesta raó, que amb l'adquisició d'aquest nou equipament municipal, els joves han 
de ser uns dels actors principals a escoltar i a tenir en compte. </p><p><strong>Taller de definició dels nous usos del Convent de les Clarisses amb Joves:</strong></p><p><strong>Dia: </strong>16 de febrer de 2019
<strong>Hora</strong>: de 16 a 19 h  - <strong>Lloc:</strong> Convent de les Clarisses. Adreça: C. Dolors, 49 - Torroella de Montgrí</p><p><strong>Confirmació d'assistència: </strong>participacio@torroella-estartit.cat. </p>";"";"";2019-02-16 16:00:00;2019-02-16 19:00:00;0;0;;Carrer dolors, 49 , 17257 Torroella de Montgrí ;Convent de les Clarisses;"";"";TM - EST-MEET-2019-01-19;0;0;7;http://torroella-estartit-decidim.ddgi.cat/processes/obrimelconvent/f/58/meetings/19;"";""
29;;;;;23;http://torroella-estartit-decidim.ddgi.cat/processes/espaijuvenilTdM?participatory_process_slug=espaijuvenilTdM;108;TALLER 1 - TALLER SOBRE L’ESPAI FÍSIC;"";"";"<p><strong>Objectiu</strong>: Definir com serà l’espai físicament – obtenir una imatge de les percepcions dels participants sobre l’espai juvenil</p><p><strong>Metodologia</strong>: plànol d’idees o plànol col·lectiu</p><p><strong>Proposta</strong>: Es crearan diversos grups entre els participants. Cada grup disposarà d’un plànol sobre el nou espai juvenil. En aquesta activitat es tracta de representar sobre el plànol tots aquells equipaments que als joves els hi agradaria disposar en l’espai. Una vegada fet, es repartiran unes fitxes on s’haurà de raonar el perquè de cada objecte. Finalment, es demanarà que es prioritzin de més a menys les demandes. Es consensuarà un plànol entre tots els grups.</p><p>La finalitat és poder visualitzar i reflexionar quin ús li donarem a l’espai, ens permetrà veure com les aportacions dels joves s’ubiquen directament sobre el plànol.&nbsp;</p><p><br></p>";"";"";2020-01-18 17:00:00;2020-01-18 19:00:00;0;0;;Carrer Pintor Gimeno, 16, Torroella de Montgrí;https://goo.gl/maps/DzzV3dYkuGVStjNp7;"";"";TM - EST-MEET-2020-01-29;0;4;5;http://torroella-estartit-decidim.ddgi.cat/processes/espaijuvenilTdM/f/108/meetings/29;"";""
30;;;;;23;http://torroella-estartit-decidim.ddgi.cat/processes/espaijuvenilTdM?participatory_process_slug=espaijuvenilTdM;109;TALLER 2 - MODEL DE GESTIÓ;"";"";<p>L'<strong>objectiu</strong> del taller és reflexionar de forma conjunta sobre els diferents models de gestió i treballar sobre totes les seves possibilitats. La finalitat és consensuar quin model pensen els joves que s'adapta més a la realitat del municipi i a la motivació dels joves. </p><p><strong>Metodologia</strong>: Taller de prospectiva o impacte de futur</p><p><strong>Descripció</strong>: Consisteix a plantejar diversos escenaris de futur, tant positius com negatius, per poder concretar els escenaris que volem i evitar els no desitjats, generant debat sobre els diferents posicionaments. A més a més, a posteriori, es demanarà que es plantegin possibles situacions per afrontar tots aquells punts febles que hagin esmentat.</p><p>Els models de gestió són:</p><ul><li>Gestió municipal directa</li><li>Gestió municipal externalitzada</li><li>Cogestió</li><li>Autogestió</li></ul>;"";"";2020-02-15 17:00:00;2020-02-15 19:15:00;0;0;;Carrer Pintor Gimeno, 16, Torroella de Montgrí;https://goo.gl/maps/DzzV3dYkuGVStjNp7;"";"";TM - EST-MEET-2020-01-30;0;5;5;http://torroella-estartit-decidim.ddgi.cat/processes/espaijuvenilTdM/f/109/meetings/30;"";""
31;;;;;23;http://torroella-estartit-decidim.ddgi.cat/processes/espaijuvenilTdM?participatory_process_slug=espaijuvenilTdM;112;TALLER 3: PROJECTE D'ACTIVITATS I NORMATIVA;"";"";"<p>El taller sobre el projecte d'activitats i normativa, és l'últim taller que marca el final del procés participatiu juvenil. La intenció d'aquest taller és per una part, dotar-lo de contingut, és a dir, començar a projectar totes aquelles idees en fets, en marcar una organització de l'espai sobre tot allò que el jovent desitja realitzar i ajudar a encaminar aquest pas. </p><p>I per altra banda, una vegada s'ha decidit com hauria de ser físicament aquest espai, com ha de ser gestionat l'espai i quines activitats es duran a terme, ve la part de parlar de responsabilitats. Per tal d'assegurar un compromís, respecte i responsabilitats entre les persones i cap a l'espai, i poder garantir ambient agradable i sa per a tothom.</p><p><br></p><p>Per tant, l'objectiu d'aquesta jornada és:</p><p>  1.&nbsp;&nbsp;&nbsp;&nbsp;&nbsp;&nbsp;Començar a fer reflexionar sobre tots els àmbits en què les polítiques de joventut ha de treballar. Demanar propostes concretes de possibles activitats que es podran realitzar en tots aquests àmbits.</p><p>2.&nbsp;&nbsp;&nbsp;&nbsp;&nbsp;&nbsp;Comencem a construir com s’organitzarà l’espai juvenil a partir de la calendarització de les activitats. Intentar fer-lo ple, plural i divers.</p><p>3.&nbsp;&nbsp;&nbsp;&nbsp;&nbsp;&nbsp;Consensuar una normativa que tothom estigui d’acord i faci respectar i complir les normes. </p><p>  </p>";"";"";2020-03-14 17:00:00;2020-03-14 19:30:00;0;0;;Carrer Pintor Gimeno, 16, Torroella de Montgrí;https://goo.gl/maps/DzzV3dYkuGVStjNp7;"";"";TM - EST-MEET-2020-01-31;0;1;5;http://torroella-estartit-decidim.ddgi.cat/processes/espaijuvenilTdM/f/112/meetings/31;"";""
33;;;;;23;http://torroella-estartit-decidim.ddgi.cat/processes/espaijuvenilTdM?participatory_process_slug=espaijuvenilTdM;113;VISITA CAN GENÍS, PALAFRUGELL;"";"";<p>Visita del centre Can Genís i l'espai jove de Palafrugell</p>;"";"";2020-01-30 00:00:00;2020-01-30 01:00:00;0;0;;Carrer de Cervantes, 8, Palafrugell;https://goo.gl/maps/Wo66jrXV7pHTFRCM7;"";"";TM - EST-MEET-2020-02-33;0;2;5;http://torroella-estartit-decidim.ddgi.cat/processes/espaijuvenilTdM/f/113/meetings/33;"";""
32;;;;;23;http://torroella-estartit-decidim.ddgi.cat/processes/espaijuvenilTdM?participatory_process_slug=espaijuvenilTdM;113;VISITA A L'ESBOTZADA, L'ESCALA;"";"";<p>Visita de l'espai juvenil a l'Escala, l'Esbotzada</p>;"";"";2020-01-29 00:00:00;2020-01-29 01:00:00;0;0;;Av. Girona, 40, l'Escala;https://goo.gl/maps/oop3g5CCqF17gw16A;"";"";TM - EST-MEET-2020-02-32;0;3;5;http://torroella-estartit-decidim.ddgi.cat/processes/espaijuvenilTdM/f/113/meetings/32;"";""
36;;;;;23;http://torroella-estartit-decidim.ddgi.cat/processes/espaijuvenilTdM?participatory_process_slug=espaijuvenilTdM;113;VISITA A L'ESPAI JOVE, LA BISBAL D'EMPORDÀ;"";"";<p>Visita a l'Espai Jove de la Bisbal d'Empordà</p>;"";"";2020-02-13 11:00:00;2020-02-13 12:30:00;0;0;;C/1 d'octubre de 2017, 16-24,   la Bisbal d'Empordà ;https://goo.gl/maps/VwQPLHrGf4TDkHSk6;"";"";TM - EST-MEET-2020-02-36;0;2;5;http://torroella-estartit-decidim.ddgi.cat/processes/espaijuvenilTdM/f/113/meetings/36;"";""
37;;;;;23;http://torroella-estartit-decidim.ddgi.cat/processes/espaijuvenilTdM?participatory_process_slug=espaijuvenilTdM;113;VISITA LOCAL JOVE I EL MOLL, CELRÀ;"";"";<p>Visita espais juvenils</p>;"";"";2020-02-11 16:00:00;2020-02-11 18:00:00;0;0;;Plaça de l'Església, 7, 17460, Celrà;https://goo.gl/maps/EeRx2wcckSeDfv2J8;"";"";TM - EST-MEET-2020-02-37;0;3;5;http://torroella-estartit-decidim.ddgi.cat/processes/espaijuvenilTdM/f/113/meetings/37;"";""
