id;category/id;category/name/fr;scope/id;scope/name;participatory_space/id;participatory_space/url;component/id;title/fr;description/fr;start_time;end_time;attendees;contributions;organizations;address;location/fr;reference;comments;attachments;followers;url;related_proposals;related_results
7;52;Complémentarité des espaces publics;;;9;http://ecrivons.angers.fr/processes/prubellebeille?participatory_process_slug=prubellebeille;73;La complémentarité des places;<p>Les places publiques sont des espaces qui permettent le passage des habitants, la rencontre, les commerces, l’événementiel...Nombre de place existe sur le quartier, notamment : place de la Dauversière, place Marcel Vigne, Place Bernier, place Beaussier...</p><p>Quelle(s) activité(s) souhaiteriez-vous y développer et quelle complémentarité entre ces places?</p>;2018-03-21 18:30:00;2018-03-21 20:30:00;0;0;;33 avenue Notre-Dame du lac 49000 Angers;Maison du projet;Angers-MEET-2018-02-7;0;0;3;http://ecrivons.angers.fr/processes/prubellebeille/f/73/meetings/7;"";""
9;43;La place Beaussier;;;9;http://ecrivons.angers.fr/processes/prubellebeille?participatory_process_slug=prubellebeille;73;La place Beaussier et le Petit Bois;"<p>Le projet de rénovation urbaine vise le renforcement de ce pôle commerciale : la restructuration du centre commercial, un arrêt de tramway, la création d'une place publique... sont prévus.</p><p><em>Dans cette perspective, quelle(s) activité(s) imaginez-vous sur cette future place et quel serait son fonctionnement idéal?</em></p><p>Le Petit Bois est une friche boisée  située à la croisée du campus universitaire Belle-Beille et du secteur résidentiel (entre la rue Joseph Lakanal, le boulevard de Lavoisier et le boulevard Victor Beaussier). Il s’agit d’imaginer un espace « mixte » favorisant la rencontre entre le monde universitaire et les habitants du quartier.</p><p><em>Comment imaginer un espace ""mixte"" favorisant la rencontre entre le monde universitaire et les habitants du quartier?</em></p>";2018-03-13 18:30:00;2018-03-13 20:30:00;50;0;Ville d’Angers / Angers Loire Métropole  - Conseil de quartier - ALTER - Traitclair ;33 avenue Notre-Dame du lac 49000 Angers;Maison du projet;Angers-MEET-2018-02-9;0;0;3;http://ecrivons.angers.fr/processes/prubellebeille/f/73/meetings/9;"";""
10;42;Secteur Tati;;;9;http://ecrivons.angers.fr/processes/prubellebeille?participatory_process_slug=prubellebeille;73;"Café du projet ""secteur Tati""";<p>Maison de quartier, piscine, bibliothèque, crèche.. composent aujourd'hui ce secteur. </p><p><em>Comment renforcer sa dimension sociale et éducative?</em></p><p><em>Comment permettre à chacun de trouver une place et de s'y retrouver? Quels nouveaux services sont possibles?</em></p><p>Rendez-vous à partir de 8h00</p><p><br></p>;2018-02-21 08:00:00;2018-02-21 10:00:00;24;0;Ville d’Angers / Angers Loire Métropole / ALTER / Traitclair  / Structures représentées : Association CLCV / Association Filalinge / Association Resto-Troc / Conseil de quartier de Belle-Beille / Centre Jacques Tati /  Bibliothèque de Belle-Beille / Infirmière santé publique Ville d’Angers /  Référent Pôle éducatif Ville d’Angers / Référente Relais Assistantes Maternelles / Crèche familiale /  Crèche collective municipale / Mutualité Française Anjou-Mayenne :  Halte-garderie « Le chat perché » /  Résidence Arceau / CAF de Maine et Loire;5 rue Eugénie Mansion 49000 Angers;Centre Jacques Tati;Angers-MEET-2018-02-10;0;1;3;http://ecrivons.angers.fr/processes/prubellebeille/f/73/meetings/10;"";""
20;26;Sensibilisation;;;15;http://ecrivons.angers.fr/processes/ideejourneecitoyenne?participatory_process_slug=ideejourneecitoyenne;87;Dépoz' Récup #39;"<p><strong>Rendez-vous pour déposer les objets (en bon état) qui ne vous servent plus et/ou récupérer des objets qui pourraient vous être utiles !</strong></p><p><em>En partenariat avec la Régie de quartier.</em></p><p><a href=""https://docs.google.com/forms/d/e/1FAIpQLSeKhS9XFhl8wgG-H2HP9a8vQqqbbSDyXbOYluV20sw94tg4ow/viewform?usp=pp_url&amp;entry.129492173&amp;entry.1830482339&amp;entry.254877681"" target=""_blank""><strong>JE M'INSCRIS</strong></a></p>";2018-05-27 10:00:00;2018-05-27 18:00:00;0;0;;Mail Coeffard 49000 ANGERS;Face à la tour Chaptal sur le trajet de la Run color ;Angers-MEET-2018-04-20;0;0;2;http://ecrivons.angers.fr/processes/ideejourneecitoyenne/f/87/meetings/20;"";""
21;29;Peinture/Bricolage;;;15;http://ecrivons.angers.fr/processes/ideejourneecitoyenne?participatory_process_slug=ideejourneecitoyenne;87;J'embellis ma résidence ! #40;"<p><strong>Nettoyage parvis de la résidence et peinture des murets.</strong></p><p><em>En partenariat avec la SOCLOVA.</em></p><p><a href=""https://docs.google.com/forms/d/e/1FAIpQLSd7fkuV86CBCwnF5cYiJcKmH4mFohxLANymQpLPQNjnNazM8w/viewform?usp=pp_url&amp;entry.129492173&amp;entry.1830482339&amp;entry.254877681"" target=""_blank""><strong>JE M'INSCRIS</strong></a></p>";2018-05-27 10:00:00;2018-05-27 18:00:00;0;0;; 2 rue Chaptal 49000 angers;Résidence Chaptal;Angers-MEET-2018-04-21;0;0;2;http://ecrivons.angers.fr/processes/ideejourneecitoyenne/f/87/meetings/21;"";""
22;23;Animations;;;15;http://ecrivons.angers.fr/processes/ideejourneecitoyenne?participatory_process_slug=ideejourneecitoyenne;87;COMPLET - Citizen Color Tour #41;<p><em>Cette action a rencontré un vif succès et affiche </em><strong><em><u>complet,</u></em></strong><em> n'hésitez pas à consulter les autres actions et ateliers au programme.</em></p><p><strong><u>! Sans inscription préalable, il ne vous sera pas possible de participer à la course/randonnée Citizen color tour. </u></strong></p><p>Parcours de 4 kilomètres reliant le jardin du Mail au centre Marcelle Menet. Les participants passeront par des zones d'ateliers citoyens et seront colorisés. <em>En partenariat avec le centre Marcelle Menet. </em></p><p><br></p>;2018-05-27 14:00:00;2018-05-27 18:00:00;0;0;;Mail Pasquereau 49000 Angers;Du Jardin du Mail au quartier du Grand Pigeon;Angers-MEET-2018-04-22;0;0;3;http://ecrivons.angers.fr/processes/ideejourneecitoyenne/f/87/meetings/22;"";""
23;24;Jardinage;;;15;http://ecrivons.angers.fr/processes/ideejourneecitoyenne?participatory_process_slug=ideejourneecitoyenne;87;Aménagement d'un jardin partagé au collège Félix Landreau #46;"<p><strong>Au sein de l'établissement, participer à la réalisation d'un jardin partagé</strong></p><p><em>En partenariat avec le collège Félix Landreau</em>.</p><p><a href=""https://docs.google.com/forms/d/e/1FAIpQLSccSBuGSFsdMmMifygVrR89MvAlFLwg_WBaJ0jIVR4bMUAkXw/viewform?usp=pp_url&amp;entry.129492173&amp;entry.1830482339&amp;entry.254877681"" target=""_blank""><strong>JE M'INSCRIS</strong></a></p>";2018-05-27 10:00:00;2018-05-27 12:00:00;0;0;;51 rue Jean Jaurès 49000 ANGERS;Collège Felix Landreau;Angers-MEET-2018-04-23;0;0;2;http://ecrivons.angers.fr/processes/ideejourneecitoyenne/f/87/meetings/23;"";""
24;28;Nettoyage;;;15;http://ecrivons.angers.fr/processes/ideejourneecitoyenne?participatory_process_slug=ideejourneecitoyenne;87;Participer à l'entretien de mon quartier #47;"<p><strong>Nettoyage des rues du quartier</strong></p><p><em>En partenariat avec le collège Félix Landreau.</em></p><p><a href=""https://docs.google.com/forms/d/e/1FAIpQLSdJv59EEFJ7eJaSHZMpTdrlORuc1-Ih6jSkNeqCtnfnrbO88A/viewform?usp=pp_url&amp;entry.129492173&amp;entry.1830482339&amp;entry.254877681"" target=""_blank""><strong>JE M'INSCRIS</strong></a></p>";2018-05-27 10:00:00;2018-05-27 12:00:00;0;0;; 51 rue Jean Jaurès 49000 Angers;Départ Collège Felix Landreau;Angers-MEET-2018-04-24;0;0;2;http://ecrivons.angers.fr/processes/ideejourneecitoyenne/f/87/meetings/24;"";""
25;26;Sensibilisation;;;15;http://ecrivons.angers.fr/processes/ideejourneecitoyenne?participatory_process_slug=ideejourneecitoyenne;87;Sensibilisation à l'utilisation des plateformes de tri sélectif #73;"<p><strong>Sensibilisation à l'utilisation des platesformes de tri sélectif (containers enterrés).</strong></p><p><em>En partenariat avec Angers Loire Habitat via un collectif de locataires et d'associations représentatives de locataires</em></p><p><a href=""https://docs.google.com/forms/d/e/1FAIpQLSe_LbjtCESapbHPQHfogakoYmPrcJI71cbzPT9vt5H4ncmdPg/viewform?usp=pp_url&amp;entry.129492173&amp;entry.1830482339&amp;entry.254877681"" target=""_blank""><strong>JE M'INSCRIS</strong></a></p>";2018-05-27 10:00:00;2018-05-27 13:00:00;0;0;;7 passage Savary 49000 ANGERS;Résidence Savary;Angers-MEET-2018-04-25;0;0;2;http://ecrivons.angers.fr/processes/ideejourneecitoyenne/f/87/meetings/25;"";""
26;27;Partage de savoirs;;;15;http://ecrivons.angers.fr/processes/ideejourneecitoyenne?participatory_process_slug=ideejourneecitoyenne;87;Récolement d’œuvres d'art #19;"<p><strong>Vérification et inventaire des collections du Musée des Beaux-Arts : </strong>Gravures, photographies ...</p><p><em>En partenariat avec le Musée de Beaux Arts</em></p><p>Plusieurs ateliers sur 3 créneaux horaires, Le nombre de places par atelier est limité. </p><p><a href=""https://docs.google.com/forms/d/e/1FAIpQLSdYTO8OwPpPTFm0UYvf8sJn-tgW9Zxoelm6xRzkn8PF2VQqBA/viewform?usp=pp_url&amp;entry.129492173&amp;entry.1830482339&amp;entry.254877681"" target=""_blank""><strong>JE M'INSCRIS</strong></a></p>";2018-05-27 10:00:00;2018-05-27 17:00:00;0;0;;14 rue du Musée 49000 angers;Musée des Beaux-arts;Angers-MEET-2018-04-26;0;0;2;http://ecrivons.angers.fr/processes/ideejourneecitoyenne/f/87/meetings/26;"";""
27;29;Peinture/Bricolage;;;15;http://ecrivons.angers.fr/processes/ideejourneecitoyenne?participatory_process_slug=ideejourneecitoyenne;87;Nettoyage des abords de la résidence David d'Angers #6;"<p><strong>Nettoyage des espaces verts, peinture des murs extérieurs.</strong></p><p><em>En partenariat avec la Résidence Habitat Jeunes David d'Angers</em></p><p>Le nombre de places est limité.</p><p>Cet atelier a rencontré un vif succès, il est aujourd’hui <strong>complet</strong>. Vous trouverez d’autres ateliers auxquels participer via ce <a href=""https://ecrivons.angers.fr/processes/ideejourneecitoyenne/f/87/"" target=""_blank"">lien</a>&nbsp;</p>";2018-05-27 10:00:00;2018-05-27 13:00:00;0;0;;22 rue David d'Angers 49000 ANGERS;Résidence Habitat Jeunes David d'Angers;Angers-MEET-2018-04-27;0;0;2;http://ecrivons.angers.fr/processes/ideejourneecitoyenne/f/87/meetings/27;"";""
28;26;Sensibilisation;;;15;http://ecrivons.angers.fr/processes/ideejourneecitoyenne?participatory_process_slug=ideejourneecitoyenne;87;Il y a quelque chose dans l'air #29;<p><strong>Adopter les bons gestes en matière de qualité de l'air.</strong></p><p><em>En partenariat avec un citoyen angevin.</em></p><p><strong>En accès libre de 10h à 18h.</strong></p>;2018-05-27 10:00:00;2018-05-27 17:00:00;0;0;;Place St Eloi 49000 Angers;Place St Eloi;Angers-MEET-2018-04-28;0;0;2;http://ecrivons.angers.fr/processes/ideejourneecitoyenne/f/87/meetings/28;"";""
29;24;Jardinage;;;15;http://ecrivons.angers.fr/processes/ideejourneecitoyenne?participatory_process_slug=ideejourneecitoyenne;87;Plantation au Grand Nozay #68;"<p><strong>Plantations de parterres. </strong></p><p><span class=""ql-cursor"">﻿﻿﻿</span><em>En partenariat avec l'association Paq'la lune</em></p><p><strong><span class=""ql-cursor"">﻿﻿﻿﻿﻿﻿</span></strong>Le nombre de places est limité.  Apportez vos gants et vos pelles. </p><p><a href=""https://docs.google.com/forms/d/e/1FAIpQLScASXyVXfdz55ZLfK8KPXw0fesf_aiM3dDpO-tLoNgd4ffsiQ/viewform?usp=pp_url&amp;entry.129492173&amp;entry.1830482339&amp;entry.254877681"" target=""_blank""><strong>JE M'INSCRIS</strong></a></p>";2018-05-27 10:00:00;2018-05-27 12:00:00;0;0;;24 rue du nozay 49000 angers;Devant les halls 24 et 26 de la rue de Nozay.;Angers-MEET-2018-04-29;0;0;2;http://ecrivons.angers.fr/processes/ideejourneecitoyenne/f/87/meetings/29;"";""
30;25;Solidarité/Entraide;;;15;http://ecrivons.angers.fr/processes/ideejourneecitoyenne?participatory_process_slug=ideejourneecitoyenne;87;Recycle tes livres de poche #37;<p><strong>Dépôt de livres de poche pour les salles d'attentes du CHU.</strong></p><p><em>En partenariat avec le Centre Hospitalier Universitaire d'Angers.</em></p><p><strong>En accès libre de 12h30 à 20h.</strong></p>;2018-05-27 12:30:00;2018-05-27 20:00:00;0;0;;4 rue Larrey 4900 ANGERS;Accueil Robert Debré;Angers-MEET-2018-04-30;0;0;3;http://ecrivons.angers.fr/processes/ideejourneecitoyenne/f/87/meetings/30;"";""
31;28;Nettoyage;;;15;http://ecrivons.angers.fr/processes/ideejourneecitoyenne?participatory_process_slug=ideejourneecitoyenne;87;Nettoyage du mail Les Prés #59;"<p><strong>Ramassage des déchets sur le parcours et tri à l'arrivée. </strong></p><p><em>En partenariat avec l'association Ecoquartier les prés.</em></p><p>Apportez vos gants.</p><p><a href=""https://docs.google.com/forms/d/e/1FAIpQLSe3egmhsIZC9HOeZsNrtkQHYlBMSzJPr12eOeT4WdwPB3-xbQ/viewform?usp=pp_url&amp;entry.129492173&amp;entry.1830482339&amp;entry.254877681"" target=""_blank""><strong>JE M'INSCRIS</strong></a></p>";2018-05-27 10:00:00;2018-05-27 12:00:00;0;0;;rue Jean Huré 49000 Angers;Au bout de la rue Maurice Fleuret;Angers-MEET-2018-04-31;0;0;2;http://ecrivons.angers.fr/processes/ideejourneecitoyenne/f/87/meetings/31;"";""
32;26;Sensibilisation;;;15;http://ecrivons.angers.fr/processes/ideejourneecitoyenne?participatory_process_slug=ideejourneecitoyenne;87;Mix'Cité : Les âges en partage #48;"<p><strong>Découverte de l'exposition ""parlons d'égalité dans les métiers"" et jeux surdimensionnés.</strong></p><p><strong>Micro trottoir sur le thème «&nbsp;parlons d’égalité femme/homme&nbsp;».</strong></p><p><a href=""https://docs.google.com/forms/d/e/1FAIpQLScuvKKCjOzpKor--ZjWPdnNEpxUBa_Pb4hr5U35jT2Th1Cd6w/viewform?usp=pp_url&amp;entry.129492173&amp;entry.1830482339&amp;entry.254877681"" target=""_blank""><strong>JE M'INSCRIS</strong></a></p>";2018-05-27 14:00:00;2018-05-27 17:00:00;0;0;;16 bis Jean XXIII 49000 ANGERS;Hall d'accueil - Espace du Bien Vieillir Robert Robin;Angers-MEET-2018-04-32;0;0;2;http://ecrivons.angers.fr/processes/ideejourneecitoyenne/f/87/meetings/32;"";""
33;28;Nettoyage;;;15;http://ecrivons.angers.fr/processes/ideejourneecitoyenne?participatory_process_slug=ideejourneecitoyenne;87;Montez à bord ! #53;"<p><strong>Nettoyage de l’île Robinson et ses alentours en canoë kayak.</strong></p><p><em>En partenariat avec l'association Canoé Kayak Club d'Angers</em></p><p>Cet atelier a rencontré un vif succès, il est aujourd’hui <strong>complet</strong>. Vous trouverez d’autres ateliers auxquels participer via <a href=""https://ecrivons.angers.fr/processes/ideejourneecitoyenne/f/87/"" target=""_blank"">ce lien</a>. </p>";2018-05-27 10:00:00;2018-05-27 13:00:00;0;0;;Avenue du Lac de Maine 49000 ANGERS;Plage d'embarquement à droite de la pyramide.;Angers-MEET-2018-04-33;0;0;2;http://ecrivons.angers.fr/processes/ideejourneecitoyenne/f/87/meetings/33;"";""
34;28;Nettoyage;;;15;http://ecrivons.angers.fr/processes/ideejourneecitoyenne?participatory_process_slug=ideejourneecitoyenne;87;Nettoyage du secteur Paul Valéry #69;"<p><strong>Ramassage des déchets.</strong></p><p><em>En partenariat avec l'association pour la Solidarité des Guinéens et Amis d'Angers.</em></p><p><span class=""ql-cursor"">﻿﻿</span>Apportez vos gants.</p><p><a href=""https://docs.google.com/forms/d/e/1FAIpQLSe1CKFexmq-S-yQOm-IXswJQHPmzJxth6I-IlEWyF_2gzWg8g/viewform?usp=pp_url&amp;entry.129492173&amp;entry.1830482339&amp;entry.254877681"" target=""_blank""><strong>JE M'INSCRIS</strong></a></p>";2018-05-27 10:00:00;2018-05-27 15:30:00;0;0;;Square Paul Valéry 49000 ANGERS;Départ du square Paul Valéry ;Angers-MEET-2018-04-34;0;0;2;http://ecrivons.angers.fr/processes/ideejourneecitoyenne/f/87/meetings/34;"";""
35;25;Solidarité/Entraide;;;15;http://ecrivons.angers.fr/processes/ideejourneecitoyenne?participatory_process_slug=ideejourneecitoyenne;87;Un dimanche de partage #70;"<p><strong>Atelier basket enfant et parcours handisport.<em> </em></strong>Le nombre de place est limité. A partir de 6 ans sous la responsabilité des parents.</p><p><strong>Match de basket féminin</strong> (UFAB (U17) vs Mur Erigné (NF2). En accès libre. </p><p><em>En partenariat avec un habitant solidaire PODELHIA, le Centre Communal d'Action Sociale, la Maison Pour Tous Monplaisir, le Foyer des Jeunes Travailleurs l'Harmattan, école Henri Chiron, école Voltaire, école Paul Valéru, école Alfred de Musset, Séniors du territoire. </em></p><p><a href=""https://docs.google.com/forms/d/1JGZqo-u6IuLXxXG6-FZ-WJbjam_jLS9X-KaIu65OuUE/edit"" target=""_blank"">Je m'inscris</a></p><p><br></p>";2018-05-27 14:00:00;2018-05-27 18:00:00;0;0;;Rue de l'écriture 49000 ANGERS;Complexe sportif;Angers-MEET-2018-04-35;0;0;2;http://ecrivons.angers.fr/processes/ideejourneecitoyenne/f/87/meetings/35;"";""
36;28;Nettoyage;;;15;http://ecrivons.angers.fr/processes/ideejourneecitoyenne?participatory_process_slug=ideejourneecitoyenne;87;Nettoyage des abords de la résidence l'Harmattan #71;"<p><strong>Nettoyage des espaces verts, peinture des murs extérieurs.</strong></p><p><em>En partenariat avec l'association Habitat Jeunes David d'Angers.</em></p><p>Le nombre de places par atelier est limité.</p><p><a href=""https://docs.google.com/forms/d/e/1FAIpQLSdScler__NqZYeJTaRaMnK6gg88rsBP-TOfCWcHoOwLXSFKyg/viewform?usp=pp_url&amp;entry.129492173&amp;entry.1830482339&amp;entry.254877681"" target=""_blank""><strong>JE M'INSCRIS</strong></a></p>";2018-05-27 10:00:00;2018-05-27 13:00:00;0;0;;38 boulevard Allonneau 49000 ANGERS;Résidence Habitat Jeunes L'Harmattan;Angers-MEET-2018-04-36;0;0;2;http://ecrivons.angers.fr/processes/ideejourneecitoyenne/f/87/meetings/36;"";""
37;29;Peinture/Bricolage;;;15;http://ecrivons.angers.fr/processes/ideejourneecitoyenne?participatory_process_slug=ideejourneecitoyenne;87;Passe à l'action dans ton école ! #7;"<p><strong>Réfection des tracés de la cour et peinture du mur intérieur.</strong></p><p><em>En partenariat avec l'équipe enseignante et l'association des parents d'élèves</em></p><p><a href=""https://docs.google.com/forms/d/e/1FAIpQLSdZIfrr5sZfxWzcvSLQD2whX-EjT8LcI9nRlrdA_Bpp5hPJRg/viewform?usp=pp_url&amp;entry.129492173&amp;entry.1830482339&amp;entry.254877681"" target=""_blank""><strong>JE M'INSCRIS</strong></a></p>";2018-05-27 10:00:00;2018-05-27 17:00:00;0;0;;13 et 15 rue des Cordeliers 49000 ANGERS;Ecoles maternelle et élémentaire Joseph Cussonneau;Angers-MEET-2018-04-37;0;0;2;http://ecrivons.angers.fr/processes/ideejourneecitoyenne/f/87/meetings/37;"";""
38;26;Sensibilisation;;;15;http://ecrivons.angers.fr/processes/ideejourneecitoyenne?participatory_process_slug=ideejourneecitoyenne;87;Dépoz' Récup/Régie Troc #49;"<p><strong>Rendez-vous pour déposer les objets (en bon état) qui ne vous servent plus et/ou récupérer des objets qui pourraient vous être utiles !</strong></p><p><em>En partenariat avec la Régie de quartier.</em></p><p><a href=""https://docs.google.com/forms/d/e/1FAIpQLSd96ldB_UqfYHLDJbNP0ZRGTVvRSlxps8uoin24JwwQskz16w/viewform?usp=pp_url&amp;entry.129492173&amp;entry.1830482339&amp;entry.254877681"" target=""_blank""><strong>JE M'INSCRIS</strong></a></p>";2018-05-27 10:00:00;2018-05-27 18:00:00;0;0;;Place Jean Vilar 49000 ANGERS;A proximité du Centre Jean Vilar;Angers-MEET-2018-04-38;0;0;2;http://ecrivons.angers.fr/processes/ideejourneecitoyenne/f/87/meetings/38;"";""
39;26;Sensibilisation;;;15;http://ecrivons.angers.fr/processes/ideejourneecitoyenne?participatory_process_slug=ideejourneecitoyenne;87;Dépoz' Récup #1;"<p><strong>Rendez-vous pour déposer les objets (en bon état) qui ne vous servent plus et/ou récupérer des objets qui pourraient vous être utile !</strong></p><p><em>En partenariat avec la Régie de quartier.</em></p><p><a href=""https://docs.google.com/forms/d/e/1FAIpQLSfzuMotMTD6WLFg-2NfsZuX79Df7Uk5CoIvQ4PiNNtrc8iepA/viewform?usp=pp_url&amp;entry.129492173&amp;entry.1830482339&amp;entry.254877681"" target=""_blank""><strong>JE M'INSCRIS</strong></a></p>";2018-05-27 10:00:00;2018-05-27 18:00:00;0;0;;5 rue Eugène Mansion 49000 ANGERS;A proximité du Centre Jacques Tati, parking de la piscine.;Angers-MEET-2018-04-39;0;0;2;http://ecrivons.angers.fr/processes/ideejourneecitoyenne/f/87/meetings/39;"";""
40;24;Jardinage;;;15;http://ecrivons.angers.fr/processes/ideejourneecitoyenne?participatory_process_slug=ideejourneecitoyenne;87;Jardiner ensemble ! #54;"<p><strong>Désherbage, nettoyage et plantation de saison.</strong></p><p><em>En partenariat avec la maison de l'environnement. </em></p><p>Enfants sous la responsabilité des parents.</p><p><a href=""https://docs.google.com/forms/d/e/1FAIpQLSdCLKQugKjDpDdsO1epZBllSNcLYZRWJ7_fmpqPrxZq7CL9qQ/viewform?usp=pp_url&amp;entry.129492173&amp;entry.1830482339&amp;entry.254877681"" target=""_blank""><strong>JE M'INSCRIS</strong></a></p>";2018-05-27 14:00:00;2018-05-27 18:00:00;0;0;;Avenue du Lac de Maine 49000 ANGERS;Maison de l'Environnement;Angers-MEET-2018-04-40;0;0;2;http://ecrivons.angers.fr/processes/ideejourneecitoyenne/f/87/meetings/40;"";""
41;29;Peinture/Bricolage;;;15;http://ecrivons.angers.fr/processes/ideejourneecitoyenne?participatory_process_slug=ideejourneecitoyenne;87;Mobilier du jardin: un bon coup de pinceau ! #55;"<p><strong>Repeindre les meubles du jardin.</strong></p><p><em>En partenariat avec la maison de l'environnement.</em></p><p>Le nombre de places est limité. Enfants sous la responsabilité des parents.</p><p><a href=""https://docs.google.com/forms/d/e/1FAIpQLSclFxzgCPdnIWoeIN4lB-xjmfJtz8e1luseyUYu6V_9QmMimg/viewform?usp=pp_url&amp;entry.129492173&amp;entry.1830482339&amp;entry.254877681"" target=""_blank""><strong>JE M'INSCRIS</strong>.</a></p>";2018-05-27 14:00:00;2018-05-27 18:00:00;0;0;;Avenue du Lac de Maine 49000 ANGERS;Maison de l'environnement;Angers-MEET-2018-04-41;0;0;2;http://ecrivons.angers.fr/processes/ideejourneecitoyenne/f/87/meetings/41;"";""
42;29;Peinture/Bricolage;;;15;http://ecrivons.angers.fr/processes/ideejourneecitoyenne?participatory_process_slug=ideejourneecitoyenne;87;Passe à l'action dans ton école ! #2;"<p><strong>Réfection des tracés de la cour et mise en place du jardin pédagogique.</strong></p><p><em>En partenariat avec l'équipe enseignante et l'association des parents d'élèves.</em></p><p><a href=""https://docs.google.com/forms/d/e/1FAIpQLSfipAwodZetMHFZlsw5tb3pcIO2ohyu41xtVH529P5rjpOQEg/viewform?usp=pp_url&amp;entry.129492173&amp;entry.1830482339&amp;entry.254877681"" target=""_blank""><strong>JE M'INSCRIS</strong></a></p>";2018-05-27 10:00:00;2018-05-27 13:00:00;0;0;;18 rue du Colonnel Sauveboeuf 49000 ANGERS;Ecole Pierre et Marie Curie;Angers-MEET-2018-04-42;0;0;2;http://ecrivons.angers.fr/processes/ideejourneecitoyenne/f/87/meetings/42;"";""
43;23;Animations;;;15;http://ecrivons.angers.fr/processes/ideejourneecitoyenne?participatory_process_slug=ideejourneecitoyenne;87;Traits portraits #3;"<p><strong>Atelier graphique pour sensibiliser à la rénovation verte du quartier.</strong></p><p><span class=""ql-cursor"">﻿﻿</span><em>En partenariat avec l'association les Libres Filmeurs.</em></p><p>3 créneaux horaires. Le nombre de places par atelier est limité.</p><p><a href=""https://docs.google.com/forms/d/e/1FAIpQLSc3jcbrtVE77ObkDPUFyNpw2rTN9eq1WQ0nwBCj-X5RWrn2-A/viewform?usp=pp_url&amp;entry.129492173&amp;entry.1830482339&amp;entry.254877681"" target=""_blank""><strong>JE M'INSCRIS</strong></a></p>";2018-05-27 10:00:00;2018-05-27 15:45:00;0;0;;5 rue Eugénie Mansion 49000 ANGERS;Centre Jacques Tati;Angers-MEET-2018-04-43;0;0;2;http://ecrivons.angers.fr/processes/ideejourneecitoyenne/f/87/meetings/43;"";""
44;29;Peinture/Bricolage;;;15;http://ecrivons.angers.fr/processes/ideejourneecitoyenne?participatory_process_slug=ideejourneecitoyenne;87;Passe à l'action dans ton école ! #8;"<p><strong>Peinture du mur du préau, nettoyage des jeux de la cour, peinture des murs extérieurs et des tracés au sol.</strong></p><p><em>En partenariat avec l'association des parents d'élèves.</em></p><p><a href=""https://docs.google.com/forms/d/e/1FAIpQLSd1hVmNSH1goL2QCsq8VjaqfbaAMLhvY0chNbDL1AV1nkSblg/viewform?usp=pp_url&amp;entry.129492173&amp;entry.1830482339&amp;entry.254877681"" target=""_blank""><strong>JE M'INSCRIS</strong></a></p>";2018-05-27 14:00:00;2018-05-27 17:00:00;0;0;;5 rue de Gutenberg 49000 ANGERS;Ecole Condorcet;Angers-MEET-2018-04-44;0;0;2;http://ecrivons.angers.fr/processes/ideejourneecitoyenne/f/87/meetings/44;"";""
45;28;Nettoyage;;;15;http://ecrivons.angers.fr/processes/ideejourneecitoyenne?participatory_process_slug=ideejourneecitoyenne;87;Nettoyage à poneys #56;"<p><strong>Ramassage des déchets avec les poneys au parc de loisirs du Lac de Maine. </strong></p><p><em>En partenariat avec Lac de Maine équitation.</em></p><p>Le nombre de places par atelier est limité. Age maximum 12 ans et mesurer moins de 1m50. Les enfants sont sous la responsabilité des parents.</p><p><a href=""https://docs.google.com/forms/d/e/1FAIpQLSdwBis2eclj1YkcRALZHdLk8ZgzIbQrJjhGn8hnKVtMa2SacQ/viewform?usp=pp_url&amp;entry.129492173&amp;entry.1830482339&amp;entry.254877681"" target=""_blank""><strong>JE M'INSCRIS</strong></a></p>";2018-05-27 10:00:00;2018-05-27 12:30:00;0;0;;Avenue du Lac de Maine 49000 ANGERS;A proximité de la Ferme de la Fontaine;Angers-MEET-2018-04-45;0;0;2;http://ecrivons.angers.fr/processes/ideejourneecitoyenne/f/87/meetings/45;"";""
46;28;Nettoyage;;;15;http://ecrivons.angers.fr/processes/ideejourneecitoyenne?participatory_process_slug=ideejourneecitoyenne;87;Nettoie ton quartier ! Autour du Parc Hébert de la Rousselière #72;"<p><strong>Ramassage des déchets autour de la piscine, Parc Hebert de la Rousselière et rues adjacentes.</strong></p><p><em>En partenariat avec un citoyen angevin.</em></p><p><a href=""https://docs.google.com/forms/d/e/1FAIpQLSe0HpxAQQ73rQ5cyTgnaU5zIVCV4BVqaZE6SaGbTYBWaEXqeA/viewform?usp=pp_url&amp;entry.129492173&amp;entry.1830482339&amp;entry.254877681"" target=""_blank""><strong>JE M'INSCRIS</strong></a></p>";2018-05-27 10:00:00;2018-05-27 13:00:00;0;0;;Boulevard de Copernic 49000 ANGERS;Départ du parking de la piscine;Angers-MEET-2018-04-46;0;0;2;http://ecrivons.angers.fr/processes/ideejourneecitoyenne/f/87/meetings/46;"";""
47;29;Peinture/Bricolage;;;15;http://ecrivons.angers.fr/processes/ideejourneecitoyenne?participatory_process_slug=ideejourneecitoyenne;87;Construisons une cabane pour enfants ! #62;"<p><strong>Construction d'une cabane pour enfants.</strong></p><p><span class=""ql-cursor"">﻿﻿﻿</span><em>En partenariat avec l'association Groom service.</em></p><p>Le nombre de places est limité. Les enfants sont sous la responsabilité des parents.</p><p><a href=""https://docs.google.com/forms/d/e/1FAIpQLSdg8I4CyiZOJjuyxIEMXyJNH_5VjKhDEYgxTC0VgAOMM3o2xg/viewform?usp=pp_url&amp;entry.129492173&amp;entry.1830482339&amp;entry.254877681"" target=""_blank""><strong>JE M'INSCRIS</strong></a></p>";2018-05-27 10:00:00;2018-05-27 17:00:00;0;0;;Port de l'ile 49000 ANGERS;Ferme de l'Ile Saint Aubin;Angers-MEET-2018-04-47;0;0;2;http://ecrivons.angers.fr/processes/ideejourneecitoyenne/f/87/meetings/47;"";""
48;24;Jardinage;;;15;http://ecrivons.angers.fr/processes/ideejourneecitoyenne?participatory_process_slug=ideejourneecitoyenne;87;Construisons une serre et plantons ! #63;"<p><strong>Construction d'une serre et plantations de légumes.</strong></p><p><span class=""ql-cursor"">﻿﻿﻿</span><em>En partenariat avec l'association Groom service.</em></p><p>Le nombre de places est limité. Les enfants sont sous la responsabilité des parents.</p><p><a href=""https://docs.google.com/forms/d/e/1FAIpQLSeiZiVMiFvWeK_Dt62m1kHjEqfy8lm1aVvQOl7MI5S9X09QZw/viewform?usp=pp_url&amp;entry.129492173&amp;entry.1830482339&amp;entry.254877681"" target=""_blank""><strong>JE M'INSCRIS</strong></a></p>";2018-05-27 10:00:00;2018-05-27 17:00:00;0;0;;Port de l'Ile 49000 ANGERS;Maison de l'Ile Saint Aubin;Angers-MEET-2018-04-48;0;0;2;http://ecrivons.angers.fr/processes/ideejourneecitoyenne/f/87/meetings/48;"";""
49;29;Peinture/Bricolage;;;15;http://ecrivons.angers.fr/processes/ideejourneecitoyenne?participatory_process_slug=ideejourneecitoyenne;87;Construisons une clôture pour animaux ! #64;"<p><strong>Construction d'une clôture en bois pour les animaux.</strong></p><p><em>En partenariat avec l'association Groom service.</em></p><p>Le nombre de places est limité. Les enfants sont sous la responsabilité des parents.</p><p><a href=""https://docs.google.com/forms/d/e/1FAIpQLSfGe6ibry_hXeB9NQIc_VCj10NkkKRWCKLvS87_lHOdTfR9fA/viewform?usp=pp_url&amp;entry.129492173&amp;entry.1830482339&amp;entry.254877681"" target=""_blank""><strong>JE M'INSCRIS</strong></a></p>";2018-05-27 10:00:00;2018-05-27 17:00:00;0;0;;Port de l'Ile 49000 ANGERS;Maison de l'Ile Saint Aubin;Angers-MEET-2018-04-49;0;0;2;http://ecrivons.angers.fr/processes/ideejourneecitoyenne/f/87/meetings/49;"";""
50;26;Sensibilisation;;;15;http://ecrivons.angers.fr/processes/ideejourneecitoyenne?participatory_process_slug=ideejourneecitoyenne;87;Soignons les animaux et construisons un abri ! #66;"<p><strong>Soignons les animaux et construction d'un abri.</strong></p><p><span class=""ql-cursor"">﻿﻿</span><em>En partenariat avec l'association Groom service.</em></p><p>Le nombre de places est limité. Les enfants sont sous la responsabilité des parents.</p><p><a href=""https://docs.google.com/forms/d/e/1FAIpQLSd3FOqO-FtNwrGhEBHe5OomUgo8NQlYiCQnkpEY6pqhapVNXQ/viewform?usp=pp_url&amp;entry.129492173&amp;entry.1830482339&amp;entry.254877681"" target=""_blank""><strong>JE M'INSCRIS</strong></a></p>";2018-05-27 10:00:00;2018-05-27 17:00:00;0;0;;Port de l'Ile 49000 ANGERS;Maison de l'Ile Saint Aubin;Angers-MEET-2018-04-50;0;0;2;http://ecrivons.angers.fr/processes/ideejourneecitoyenne/f/87/meetings/50;"";""
51;29;Peinture/Bricolage;;;15;http://ecrivons.angers.fr/processes/ideejourneecitoyenne?participatory_process_slug=ideejourneecitoyenne;87;Mise en place d'espace zen #67;"<p><strong>Mise en place d'espace zen dans le verger.</strong></p><p><span class=""ql-cursor"">﻿﻿</span><em>En partenariat avec l'association Groom service.</em></p><p>Le nombre de places est limité. Les enfants sont sous la responsabilité des parents.</p><p><a href=""https://docs.google.com/forms/d/e/1FAIpQLSc6oaXGjmBou0n6mgrXhOvDSIy3SUfobTMQlr7Q85TQd65XAQ/viewform?usp=pp_url&amp;entry.129492173&amp;entry.1830482339&amp;entry.254877681"" target=""_blank""><strong>JE M'INSCRIS</strong></a></p>";2018-05-27 10:00:00;2018-05-27 17:00:00;0;0;;Port de l'Ile 49000 ANGERS;Maison de l'Ile Saint Aubin;Angers-MEET-2018-04-51;0;0;2;http://ecrivons.angers.fr/processes/ideejourneecitoyenne/f/87/meetings/51;"";""
52;29;Peinture/Bricolage;;;15;http://ecrivons.angers.fr/processes/ideejourneecitoyenne?participatory_process_slug=ideejourneecitoyenne;87;Construisons une boite à lire! #65;"<p><strong>Construction d'une boite à lire.</strong></p><p><em>En partenariat avec l'association Groom service.</em></p><p>Le nombre de places est limité. Les enfants restent sous la responsabilité des parents.</p><p><a href=""https://docs.google.com/forms/d/e/1FAIpQLSfdcM_hxih1K_y0sBHk9vgRd53sB2Hg0TRy_h5opfMqgJnhsw/viewform?usp=pp_url&amp;entry.129492173&amp;entry.1830482339&amp;entry.254877681"" target=""_blank""><strong>JE M'INSCRIS</strong></a></p>";2018-05-27 10:00:00;2018-05-27 17:00:00;0;0;;Port de l'Ile 49000 ANGERS;Maison de l'Ile Saint Aubin;Angers-MEET-2018-04-52;0;0;2;http://ecrivons.angers.fr/processes/ideejourneecitoyenne/f/87/meetings/52;"";""
88;29;Peinture/Bricolage;;;15;http://ecrivons.angers.fr/processes/ideejourneecitoyenne?participatory_process_slug=ideejourneecitoyenne;87;Fabrication de nichoirs #57;"<p><strong>Fabrication de nichoirs</strong></p><p><span class=""ql-cursor"">﻿﻿</span><em>En partenariat avec l'association Fabrik Café</em></p><p>3 créneaux horaires. Le nombre de places par atelier est limité.</p><p><a href=""https://docs.google.com/forms/d/e/1FAIpQLSeIjI2A30-RW8U57AQ79uohCqcF1Q_rxu-m-rrGqLM-sA6bzw/viewform?usp=pp_url&amp;entry.129492173&amp;entry.1830482339&amp;entry.254877681"" target=""_blank""><strong>JE M'INSCRIS</strong></a></p>";2018-05-27 14:00:00;2018-05-27 17:00:00;0;0;;Avenue du Lac de Maine 49000 ANGERS;Maison de l'Environnement;Angers-MEET-2018-04-88;0;0;2;http://ecrivons.angers.fr/processes/ideejourneecitoyenne/f/87/meetings/88;"";""
53;28;Nettoyage;;;15;http://ecrivons.angers.fr/processes/ideejourneecitoyenne?participatory_process_slug=ideejourneecitoyenne;87;Nettoyons des accès de l’île Saint Aubin ! #61;"<p><strong>Nettoyage et ramassage des déchets sur les chemins d'accès à la ferme.</strong></p><p><span class=""ql-cursor"">﻿﻿﻿</span><em>En partenariat avec l'association Groom service.</em></p><p>Le nombre de places est limité. Les enfants restent sous la responsabilité des parents.</p><p><a href=""https://docs.google.com/forms/d/e/1FAIpQLSfODFhvtsAr87XAyUOA9to8ghJC-5OFuX9o2DmbWNxpRLKcSQ/viewform?usp=pp_url&amp;entry.129492173&amp;entry.1830482339&amp;entry.254877681"" target=""_blank""><strong>JE M'INSCRIS</strong></a></p>";2018-05-27 10:00:00;2018-05-27 17:00:00;0;0;;Port de l'Ile 49000 ANGERS;Maison de l'Ile Saint Aubin;Angers-MEET-2018-04-53;0;0;2;http://ecrivons.angers.fr/processes/ideejourneecitoyenne/f/87/meetings/53;"";""
54;23;Animations;;;15;http://ecrivons.angers.fr/processes/ideejourneecitoyenne?participatory_process_slug=ideejourneecitoyenne;87;A la découverte de l'Europe #25;"<p><strong>Animations sur l'Europe et les pays européens : carte géante, jeux et consultation citoyenne « My Europe in 2030 will ... » / « Mon Europe de 2030 sera ... » dans le cadre du projet&nbsp;""cities4europe""&nbsp;</strong></p><p><em>En partenariat avec la Maison de l'Europe &amp; Maine et Loire.</em></p><p><strong>En accès libre de 10h à 18h.</strong></p>";2018-05-27 10:00:00;2018-05-27 18:00:00;0;0;;Place Saint Eloi 49000 ANGERS;Place Saint Eloi;Angers-MEET-2018-04-54;0;0;2;http://ecrivons.angers.fr/processes/ideejourneecitoyenne/f/87/meetings/54;"";""
55;23;Animations;;;15;http://ecrivons.angers.fr/processes/ideejourneecitoyenne?participatory_process_slug=ideejourneecitoyenne;87;Cuisinons et partageons ensemble #26;<p><strong>Confection et partage de crêpes ensemble.</strong></p><p><em>En partenariat avec les 5 Lions Club d'Angers</em></p><p><strong>En accès libre de 10h à 18h</strong></p>;2018-05-27 10:00:00;2018-05-27 18:00:00;0;0;;Place St Eloi 49000 ANGERS;Place Saint Eloi;Angers-MEET-2018-04-55;0;0;2;http://ecrivons.angers.fr/processes/ideejourneecitoyenne/f/87/meetings/55;"";""
56;27;Partage de savoirs;;;15;http://ecrivons.angers.fr/processes/ideejourneecitoyenne?participatory_process_slug=ideejourneecitoyenne;87;Je découvre la maçonnerie #20;<p><strong>Réalisation d'une jardinière.</strong></p><p><em>En partenariat avec L'outil en main</em></p><p><strong>En accès libre de 10 à 18h</strong></p>;2018-05-27 10:00:00;2018-05-27 18:00:00;0;0;;Place Saint Eloi 49000 ANGERS;Place Saint Eloi;Angers-MEET-2018-04-56;0;0;2;http://ecrivons.angers.fr/processes/ideejourneecitoyenne/f/87/meetings/56;"";""
57;24;Jardinage;;;15;http://ecrivons.angers.fr/processes/ideejourneecitoyenne?participatory_process_slug=ideejourneecitoyenne;87;Embellissement du jardin de Terre Noire #9;"<p><strong>Désherbage, nettoyage et découverte des plantations.</strong></p><p><em>En partenariat avec l'association Libr'O jardin.</em></p><p>Le nombre de places est limité</p><p><a href=""https://docs.google.com/forms/d/e/1FAIpQLSdxJu80N8rm_hTLin3OYlFsIP8kfXKmWtja47w_5K8fCnfKuw/viewform?usp=pp_url&amp;entry.129492173&amp;entry.1830482339&amp;entry.254877681"" target=""_blank""><strong>JE M'INSCRIS</strong></a></p>";2018-05-27 14:30:00;2018-05-27 17:00:00;0;0;;26/28/30 rue de Terre Noire 49000 ANGERS;Résidence Terre Noire;Angers-MEET-2018-04-57;0;0;2;http://ecrivons.angers.fr/processes/ideejourneecitoyenne/f/87/meetings/57;"";""
58;23;Animations;;;15;http://ecrivons.angers.fr/processes/ideejourneecitoyenne?participatory_process_slug=ideejourneecitoyenne;87;"Exposition de la toile issue de l'atelier ""Traits portraits"" #28";<p><strong>Exposition et rencontre avec l'animateur et les participants.</strong></p><p><em>En partenariat avec l'association les Libres Filmeurs.</em></p><p><strong>En accès libre de 10h à 18h.</strong></p>;2018-05-27 16:00:00;2018-05-27 17:00:00;0;0;;Place Saint Eloi 49000 ANGERS;Place Saint Eloi;Angers-MEET-2018-04-58;0;0;2;http://ecrivons.angers.fr/processes/ideejourneecitoyenne/f/87/meetings/58;"";""
59;28;Nettoyage;;;15;http://ecrivons.angers.fr/processes/ideejourneecitoyenne?participatory_process_slug=ideejourneecitoyenne;87;A vos balais ! #35;<p><strong>Dans sa rue, devant chez soi, nettoyage des trottoirs.</strong></p><p><strong>En accès libre de 10h à 18h.</strong></p>;2018-05-27 10:00:00;2018-05-27 18:00:00;0;0;;Place Saint Eloi 49000 ANGERS;Place Saint Eloi;Angers-MEET-2018-04-59;0;0;2;http://ecrivons.angers.fr/processes/ideejourneecitoyenne/f/87/meetings/59;"";""
60;27;Partage de savoirs;;;15;http://ecrivons.angers.fr/processes/ideejourneecitoyenne?participatory_process_slug=ideejourneecitoyenne;87;Découverte de la forge #22;<p><strong>Réalisation d'un blason en métal.</strong></p><p><em>En partenariat avec l'association l'Outil en main</em><strong>.</strong></p><p><strong>En accès libre de 10h à 18h</strong></p>;2018-05-27 10:00:00;2018-05-27 18:00:00;0;0;;Place Saint Eloi 49000 ANGERS;Place Saint Eloi;Angers-MEET-2018-04-60;0;0;2;http://ecrivons.angers.fr/processes/ideejourneecitoyenne/f/87/meetings/60;"";""
61;29;Peinture/Bricolage;;;15;http://ecrivons.angers.fr/processes/ideejourneecitoyenne?participatory_process_slug=ideejourneecitoyenne;87;Peinture à la Maison des familles #10;"<p><strong>Relooking d'une salle d'accueil</strong></p><p><em>En partenariat avec la Maison des Familles</em></p><p>Le nombre de places est limité.</p><p><a href=""https://docs.google.com/forms/d/e/1FAIpQLSeDymlpJf7BnTgDJ3-WjibWAIZithmp59PfmQWWeg8Ozxr2kA/viewform?usp=pp_url&amp;entry.129492173&amp;entry.1830482339&amp;entry.254877681"" target=""_blank""><strong>JE M'INSCRIS</strong></a></p>";2018-05-27 10:00:00;2018-05-27 16:00:00;0;0;;5-7 rue Saint Exupéry 49000 ANGERS;La parentosphère - Maison des familles;Angers-MEET-2018-04-61;0;0;2;http://ecrivons.angers.fr/processes/ideejourneecitoyenne/f/87/meetings/61;"";""
62;24;Jardinage;;;15;http://ecrivons.angers.fr/processes/ideejourneecitoyenne?participatory_process_slug=ideejourneecitoyenne;87;Passe à l'action dans ton école ! #45;"<p><strong>Désherbage des abords et création d'un jardin à l'école.</strong></p><p><em>En partenariat avec l'équipe enseignante. </em></p><p>Cette action est annulée. Nous vous invitons à vous inscrire à d'autres ateliers via ce<a href=""https://ecrivons.angers.fr/processes/ideejourneecitoyenne/f/87/"" target=""_blank""> lien</a>.</p>";2018-05-27 10:00:00;2018-05-27 12:00:00;0;0;;5bis rue Géricault 49000 ANGERS;Ecole maternelle René Brossard;Angers-MEET-2018-04-62;0;0;2;http://ecrivons.angers.fr/processes/ideejourneecitoyenne/f/87/meetings/62;"";""
63;24;Jardinage;;;15;http://ecrivons.angers.fr/processes/ideejourneecitoyenne?participatory_process_slug=ideejourneecitoyenne;87;Désherbage des plantes invasives #11;"<p><strong>Arrachage d'invasifs, sensibilisation ""zéro phyto""</strong></p><p>Le nombre de places est limité. Apportez vos gants.</p><p><a href=""https://docs.google.com/forms/d/e/1FAIpQLSdvtYjyLSROLq_Mp9EqVtIyDIJfnLUrBMnMXqBcZq8Q_6MEog/viewform?usp=pp_url&amp;entry.129492173&amp;entry.1830482339&amp;entry.254877681"" target=""_blank""><strong>JE M'INSCRIS</strong></a></p>";2018-05-27 10:00:00;2018-05-27 13:00:00;0;0;;1 rue du Pin 49000 ANGERS;Parc du Pin;Angers-MEET-2018-04-63;0;0;2;http://ecrivons.angers.fr/processes/ideejourneecitoyenne/f/87/meetings/63;"";""
64;24;Jardinage;;;15;http://ecrivons.angers.fr/processes/ideejourneecitoyenne?participatory_process_slug=ideejourneecitoyenne;87;Plantation au jardin Eblé #12;"<p><strong>Plantation de plantes aromatiques, présentation de l'espace partagé du jardin</strong></p><p><em>En partenariat avec Angers Centre Animation</em></p><p>Le nombre de places est limité. Apportez vos gants.</p><p><a href=""https://docs.google.com/forms/d/e/1FAIpQLSe3y4AGIbHwXNLGl-c0mFxxwsXcnfye5zIvueAYiOMUBjRgOQ/viewform?usp=pp_url&amp;entry.129492173&amp;entry.1830482339&amp;entry.254877681"" target=""_blank""><strong>JE M'INSCRIS</strong></a></p>";2018-05-27 10:00:00;2018-05-27 13:00:00;0;0;;55 Boulevard Yvonne Poirel 49000 ANGERS;Jardin Eblé - Jardin des jardiniers;Angers-MEET-2018-04-64;0;0;2;http://ecrivons.angers.fr/processes/ideejourneecitoyenne/f/87/meetings/64;"";""
65;24;Jardinage;;;15;http://ecrivons.angers.fr/processes/ideejourneecitoyenne?participatory_process_slug=ideejourneecitoyenne;87;Entretien des douves et des vignes du château d'Angers #13;"<p><strong>Nettoyage et désherbage des espaces enherbés dans les douves</strong></p><p><strong>Présentation de la maintenance et de la gestion différenciée des espaces verts de la Ville,</strong></p><p><strong>Présentation de la démarche&nbsp;""zéro phyto"" dans le traitement de la vigne jusqu’à la production vinicole</strong></p><p><em>En partenariat avec l'association Terre des Sciences et le Domaine national du Château d'Angers</em></p><p>Le nombre de places est limité. </p><p><a href=""https://docs.google.com/forms/d/e/1FAIpQLSdY8YB5xYmMMpet414wJ0sbbKJDRxzYP8g9xUc3D_LSRtEe7A/viewform?usp=pp_url"" target=""_blank"">Je m'inscris</a></p>";2018-05-27 10:00:00;2018-05-27 13:00:00;0;0;;Promenade du bout du Monde 49000 ANGERS;Château d'Angers;Angers-MEET-2018-04-65;0;0;3;http://ecrivons.angers.fr/processes/ideejourneecitoyenne/f/87/meetings/65;"";""
66;24;Jardinage;;;15;http://ecrivons.angers.fr/processes/ideejourneecitoyenne?participatory_process_slug=ideejourneecitoyenne;87;Entretien du parc de l'arboretum #50;"<p><strong>Présentation de la lutte contre les nuisibles, découpe de gazon, désherbage.</strong></p><p>Le nombre de places est limité.</p><p><a href=""https://docs.google.com/forms/d/e/1FAIpQLSeqIehXOcreUzxCaWoZ1-XRsG83doh1z82-yv4v1UomdJTyFg/viewform?usp=pp_url&amp;entry.129492173&amp;entry.1830482339&amp;entry.254877681"" target=""_blank""><strong>JE M'INSCRIS</strong></a></p>";2018-05-27 10:00:00;2018-05-27 13:00:00;0;0;;9 Rue du Château d'Orgemont 49000 Angers;Parc de l'Arboretum;Angers-MEET-2018-04-66;0;0;2;http://ecrivons.angers.fr/processes/ideejourneecitoyenne/f/87/meetings/66;"";""
67;26;Sensibilisation;;;15;http://ecrivons.angers.fr/processes/ideejourneecitoyenne?participatory_process_slug=ideejourneecitoyenne;87;Brigade anti-gaspi #30;<p><strong>Déambulation en centre ville, sensibilisation au gaspillage alimentaire.</strong></p><p><em>En partenariat avec l'association Solidarifood.</em></p><p><strong>En accès libre de 10h à 18h.</strong></p>;2018-05-27 10:00:00;2018-05-27 18:00:00;0;0;;Place Saint Eloi 49000 ANGERS;Départ de la place, circuit dans la ville;Angers-MEET-2018-04-67;0;0;3;http://ecrivons.angers.fr/processes/ideejourneecitoyenne/f/87/meetings/67;"";""
68;26;Sensibilisation;;;15;http://ecrivons.angers.fr/processes/ideejourneecitoyenne?participatory_process_slug=ideejourneecitoyenne;87;Disco Salade #31;<p><strong>Participez à la lutte contre le gaspillage alimentaire en confectionnant une salade à partir d'aliments récoltés</strong></p><p><em>En partenariat avec l'association Solidarifood</em></p><p><strong>En accès libre de 10h à 18h.</strong></p>;2018-05-27 14:00:00;2018-05-27 18:00:00;0;0;;Place Saint Eloi 49000 ANGERS;Place Saint Eloi;Angers-MEET-2018-04-68;0;0;2;http://ecrivons.angers.fr/processes/ideejourneecitoyenne/f/87/meetings/68;"";""
69;26;Sensibilisation;;;15;http://ecrivons.angers.fr/processes/ideejourneecitoyenne?participatory_process_slug=ideejourneecitoyenne;87;Sensibilisation au tri sélectif #4;"<p><strong>Sensibilisation à l'utilisation des plateformes de tri sélectif</strong></p><p><em>En partenariat avec un citoyen angevin.</em></p><p>Un circuit vous est proposé à partir du centre commercial Beaussier puis au 50 avenue Notre Dame du Lac pour finir au 17 rue Pierre Blandin.</p><p><a href=""https://docs.google.com/forms/d/e/1FAIpQLSem8mkt0PpQ-lL5ASAwnZYzePqcSFZLfMn8lLNOq7vWbI32Sw/viewform?usp=pp_url&amp;entry.129492173&amp;entry.1830482339&amp;entry.254877681"" target=""_blank""><strong>JE M'INSCRIS</strong></a></p>";2018-05-27 10:00:00;2018-05-27 12:00:00;0;0;;Boulevard Victor Beaussier 49000 ANGERS;"Centre commercial Beaussier, 
50 avenue Notre Dame du Lac
17 rue Pierre Blandin";Angers-MEET-2018-04-69;0;0;2;http://ecrivons.angers.fr/processes/ideejourneecitoyenne/f/87/meetings/69;"";""
70;26;Sensibilisation;;;15;http://ecrivons.angers.fr/processes/ideejourneecitoyenne?participatory_process_slug=ideejourneecitoyenne;87;Défi réduction d'énergie #32;<p><strong>Des gestes simples à adopter au quotidien pour réduire sa consommation d'énergie.</strong></p><p><em>En partenariat avec Unis-Cité Angers.</em></p><p><strong>En accès libre de 10h à 18h.</strong></p>;2018-05-27 10:00:00;2018-05-27 18:00:00;0;0;;Place Saint Eloi - 49000 ANGERS;Place Saint Eloi ;Angers-MEET-2018-04-70;0;0;2;http://ecrivons.angers.fr/processes/ideejourneecitoyenne/f/87/meetings/70;"";""
71;26;Sensibilisation;;;15;http://ecrivons.angers.fr/processes/ideejourneecitoyenne?participatory_process_slug=ideejourneecitoyenne;87;Utilisation d'un défibrillateur #42;"<p><strong>Sensibilisation aux problèmes cardiaques dans le cadre de la ""Citizen Color Tour"".</strong></p><p><em>En partenariat avec le Centre Marcelle Menet</em></p><p><a href=""https://docs.google.com/forms/d/e/1FAIpQLSeB3SE9V8iFlyk17ScA_rN2-QXCvWpRtmTwRa8enZba51xzcw/viewform?usp=pp_url&amp;entry.129492173&amp;entry.1830482339&amp;entry.254877681"" target=""_blank""><strong>JE M'INSCRIS</strong></a></p>";2018-05-27 15:00:00;2018-05-27 18:00:00;0;0;;Mail Clément Pasquereau 49000 ANGERS;Devant le centre Marcelle Menet;Angers-MEET-2018-04-71;0;0;2;http://ecrivons.angers.fr/processes/ideejourneecitoyenne/f/87/meetings/71;"";""
72;25;Solidarité/Entraide;;;15;http://ecrivons.angers.fr/processes/ideejourneecitoyenne?participatory_process_slug=ideejourneecitoyenne;87;La course aux rêves #58;"<p><strong>Courses à pied de 2, 5 et 10 km : 5€ par participant reversés au profit de l'association ""Rêve"", qui permet de réaliser les rêves de nombreux enfants malades en France et à Angers.</strong></p><p><em>Organisée par le club 	Humaniseo / ESEO et en partenariat avec le Centre Hospitalier Universitaire d'Angers</em></p><p>Plus d'information et inscription : <a href=""https://www.facebook.com/events/1787497121557180/"" target=""_blank"">La course aux rêves</a></p>";2018-05-27 13:00:00;2018-05-27 18:00:00;0;0;;Avenue du Lac de Maine 49000 ANGERS;Pyramide;Angers-MEET-2018-04-72;0;0;2;http://ecrivons.angers.fr/processes/ideejourneecitoyenne/f/87/meetings/72;"";""
73;28;Nettoyage;;;15;http://ecrivons.angers.fr/processes/ideejourneecitoyenne?participatory_process_slug=ideejourneecitoyenne;87;Nettoyage du chemin des chalets #60;"<p><strong>Ramassage des déchets sur le chemin.</strong></p><p><em>En partenariat avec l'association REGAIN et collectif des habitants.</em></p><p><a href=""https://docs.google.com/forms/d/e/1FAIpQLSfLjchQ1RTUsdUzkToE9qvqD1abXrYY5CtaxB_T9NgFiXiKZQ/viewform?usp=pp_url&amp;entry.129492173&amp;entry.1830482339&amp;entry.254877681"" target=""_blank""><strong>JE M'INSCRIS</strong></a></p>";2018-05-27 10:30:00;2018-05-27 16:00:00;0;0;;103 Boulevard Jean Moulin 49000 ANGERS;Rendez-vous à l'angle du chemin des chalets et du 103 boulevard Jean Moulin;Angers-MEET-2018-04-73;0;0;3;http://ecrivons.angers.fr/processes/ideejourneecitoyenne/f/87/meetings/73;"";""
74;27;Partage de savoirs;;;15;http://ecrivons.angers.fr/processes/ideejourneecitoyenne?participatory_process_slug=ideejourneecitoyenne;87;Visite sur les femmes du château #14;"<p><strong>Visite d'une heure sur les femmes du château d'Angers et dans la tapisserie de l'apocalypse</strong></p><p><em>En partenariat avec le Domaine national du Château d'Angers</em></p><p>Le nombre de places est limité.</p><p><a href=""https://docs.google.com/forms/d/e/1FAIpQLSemc6SJI_8fvpIKW1LSBFqLCKw6YW9180BJ2U_3M3iyDcdEfQ/viewform?usp=pp_url&amp;entry.129492173&amp;entry.1830482339&amp;entry.254877681"" target=""_blank""><strong>JE M'INSCRIS</strong></a></p>";2018-05-27 10:15:00;2018-05-27 11:15:00;0;0;;2 promenade du bout du monde 49000 ANGERS;Château d'Angers;Angers-MEET-2018-04-74;0;0;2;http://ecrivons.angers.fr/processes/ideejourneecitoyenne/f/87/meetings/74;"";""
89;29;Peinture/Bricolage;;;15;http://ecrivons.angers.fr/processes/ideejourneecitoyenne?participatory_process_slug=ideejourneecitoyenne;87;Eco-construction en bois de bacs à fleurs/jardinières #18;"<p><em>En partenariat avec les Compagnons du Devoir</em></p><p>3 créneaux horaires. Le nombre de places est limité.</p><p><a href=""https://docs.google.com/forms/d/e/1FAIpQLSe7wGC97ePwHQ_oNy_bQUVmIBPHigvkhmVdtAB6Rdd6iNHNSA/viewform?usp=pp_url&amp;entry.129492173&amp;entry.1830482339&amp;entry.254877681"" target=""_blank""><strong>JE M'INSCRIS</strong></a></p>";2018-05-27 10:00:00;2018-05-27 18:00:00;0;0;;3 Boulevard Marc Leclerc 49000 ANGERS;Maison des Compagnons du devoir;Angers-MEET-2018-04-89;0;0;2;http://ecrivons.angers.fr/processes/ideejourneecitoyenne/f/87/meetings/89;"";""
76;27;Partage de savoirs;;;15;http://ecrivons.angers.fr/processes/ideejourneecitoyenne?participatory_process_slug=ideejourneecitoyenne;87;Visite sur la diversité culturelle dans l'histoire du château #15;"<p><strong>Visite d'une heure sur la diversité culturelle dans l'histoire du château d'Angers</strong></p><p>En partenariat avec le Domaine national du Château d'Angers</p><p>Le nombre de places est limité.<em>Nota : Contrairement aux indications du programme papier, cette visit</em><strong><em>e n'est pas accessible aux personnes à mobilité réduite</em></strong><em>, nous vous prions de nous excuser pour cette erreur qui s'st glissée dans le programme.</em></p><p><a href=""https://docs.google.com/forms/d/e/1FAIpQLSfn0lgWkuqdRvVRnl0iUvFSSK6uhqIsHKtZZ7rLMrK-Fv5wdA/viewform?usp=pp_url&amp;entry.129492173&amp;entry.1830482339&amp;entry.254877681"" target=""_blank""><strong>JE M'INSCRIS</strong></a></p>";2018-05-27 11:30:00;2018-05-27 12:30:00;0;0;;2 promenade du bout du monde 49000 ANGERS;Château d'Angers;Angers-MEET-2018-04-76;0;0;2;http://ecrivons.angers.fr/processes/ideejourneecitoyenne/f/87/meetings/76;"";""
78;23;Animations;;;15;http://ecrivons.angers.fr/processes/ideejourneecitoyenne?participatory_process_slug=ideejourneecitoyenne;87;Engagement, citoyenneté et graff #24;<p><strong>Atelier graff pour s'exprimer sur l'engagement et la citoyenneté</strong></p><p><em>En partenariat avec l'association Réflex'Civité.</em></p><p><strong>En accès libre de 10h à 18h</strong></p>;2018-05-27 13:00:00;2018-05-27 18:00:00;0;0;;Place Saint Eloi 49000 ANGERS;Place Saint Eloi;Angers-MEET-2018-04-78;0;0;2;http://ecrivons.angers.fr/processes/ideejourneecitoyenne/f/87/meetings/78;"";""
79;28;Nettoyage;;;15;http://ecrivons.angers.fr/processes/ideejourneecitoyenne?participatory_process_slug=ideejourneecitoyenne;87;S'approprier le jardin de la Roseraie #51;"<p><strong>Nettoyage et présentation du projet de l'espace</strong></p><p><em>En partenariat avec l'association Les Amis du jardin de la Roseraie.</em></p><p>Le nombre de places est limité pour l'atelier nettoyage</p><p><a href=""https://docs.google.com/forms/d/e/1FAIpQLSdWYRajxq136T92pi9nOA15BpJ36VEVcN1lR-JIBXMGcAhgZQ/viewform?usp=pp_url&amp;entry.129492173&amp;entry.1830482339&amp;entry.254877681"" target=""_blank""><strong>JE M'INSCRIS</strong></a></p>";2018-05-27 10:00:00;2018-05-27 13:00:00;0;0;;8-22 avenue Maurice Tardat 49000 ANGERS;Jardin de la Roseraie;Angers-MEET-2018-04-79;0;0;3;http://ecrivons.angers.fr/processes/ideejourneecitoyenne/f/87/meetings/79;"";""
80;27;Partage de savoirs;;;15;http://ecrivons.angers.fr/processes/ideejourneecitoyenne?participatory_process_slug=ideejourneecitoyenne;87;"""Les femmes dans l'histoire de la Cathédrale"" #16";"<p><strong>Visite commentée de la Cathédrale&nbsp;Saint Maurice</strong></p><p><em>En partenariat avec la Paroisse de la Cathédrale Saint Maurice d'Angers.</em></p><p>Plusieurs visites sur 3 créneaux horaires. Le nombre de places est limité.</p><p><a href=""https://docs.google.com/forms/d/e/1FAIpQLSdzwEH5_JTrzlcqANVxqAJwtV7nYZvNfhJNVUgaeTuEL11MDQ/viewform?usp=pp_url&amp;entry.129492173&amp;entry.1830482339&amp;entry.254877681"" target=""_blank"">JE M'INSCRIS</a></p>";2018-05-27 15:00:00;2018-05-27 18:00:00;0;0;;Place Monseigneur Chappoulie 49000 ANGERS;Entrée parvis de la Cathédrale Saint Maurice;Angers-MEET-2018-04-80;0;0;2;http://ecrivons.angers.fr/processes/ideejourneecitoyenne/f/87/meetings/80;"";""
81;27;Partage de savoirs;;;15;http://ecrivons.angers.fr/processes/ideejourneecitoyenne?participatory_process_slug=ideejourneecitoyenne;87;Randonnées botaniques #21;"<p><strong>Randonnées et découverte des plantes sauvages et de celles échappées des jardins</strong></p><p><em>En partenariat avec l'association Ascéma Passion Plantes</em></p><p>2 créneaux horaires. Le nombre de places est limité.</p><p><a href=""https://docs.google.com/forms/d/e/1FAIpQLSc9aTl6LjdRbLFkbcdloUszXSXcbhIFFR3HNK0zT3xKQssTQA/viewform?usp=pp_url"" target=""_blank""><strong>JE M'INSCRIS</strong></a></p>";2018-05-27 10:00:00;2018-05-27 16:30:00;0;0;;Place Saint Eloi - 49000 ANGERS;Place Saint Eloi;Angers-MEET-2018-04-81;0;0;2;http://ecrivons.angers.fr/processes/ideejourneecitoyenne/f/87/meetings/81;"";""
82;28;Nettoyage;;;15;http://ecrivons.angers.fr/processes/ideejourneecitoyenne?participatory_process_slug=ideejourneecitoyenne;87;Eglise Notre Dame des Victoires #17;"<p><strong>Nettoyage des douves.</strong></p><p><em>En partenariat avec la Paroisse de la Cathédrale Saint Maurice d'Angers et les Scouts de France d'Angers.</em></p><p>Le nombre de places est limité.</p><p><a href=""https://docs.google.com/forms/d/e/1FAIpQLSfkeNjnsoCeSEQFXxQ_KiXsWn82Ie2VxQEYlLfTQv_8uxBk1w/viewform?usp=pp_url&amp;entry.129492173&amp;entry.1830482339&amp;entry.254877681"" target=""_blank""><strong>JE M'INSCRIS</strong></a></p>";2018-05-27 14:00:00;2018-05-27 17:30:00;0;0;;Place Imbach - 18 rue Pocquet de Livonnières 49000 ANGERS;Place Imbach - 18 rue Pocquet de Livonnières 49000 ANGERS;Angers-MEET-2018-04-82;0;0;2;http://ecrivons.angers.fr/processes/ideejourneecitoyenne/f/87/meetings/82;"";""
83;23;Animations;;;15;http://ecrivons.angers.fr/processes/ideejourneecitoyenne?participatory_process_slug=ideejourneecitoyenne;87;L'Europe en défis #25;<p><strong>Découvrir l'Europe à travers de mini jeux.</strong></p><p><em>En partenariat avec l'association des Jeunes Européens Angers.</em></p><p><strong>En accès libre de 10h à 18h.</strong></p>;2018-05-27 14:00:00;2018-05-27 18:00:00;0;0;;Place Saint Eloi ANGERS;Place Saint Eloi;Angers-MEET-2018-04-83;0;0;2;http://ecrivons.angers.fr/processes/ideejourneecitoyenne/f/87/meetings/83;"";""
84;23;Animations;;;15;http://ecrivons.angers.fr/processes/ideejourneecitoyenne?participatory_process_slug=ideejourneecitoyenne;87;Reportage et interview #5;"<p><strong>""C'est quoi la citoyenneté?"" animé par les enfants.</strong> </p><p><em>En partenariat avec le Centre Jacques Tati</em></p><p>2 créneaux horaires. Le nombre de places par atelier est limité.</p><p><a href=""https://docs.google.com/forms/d/e/1FAIpQLScZhubZo6sTdxqj_G2ZydllI_Sx-sYXn3NAreYQAa8mMVNc_g/viewform?usp=pp_url&amp;entry.129492173&amp;entry.1830482339&amp;entry.254877681"" target=""_blank""><strong>JE M'INSCRIS</strong></a></p>";2018-05-27 10:30:00;2018-05-27 16:30:00;0;0;;5 rue Eugénie Mansion 49000 ANGERS;Centre Jacques Tati;Angers-MEET-2018-04-84;0;0;2;http://ecrivons.angers.fr/processes/ideejourneecitoyenne/f/87/meetings/84;"";""
85;28;Nettoyage;;;15;http://ecrivons.angers.fr/processes/ideejourneecitoyenne?participatory_process_slug=ideejourneecitoyenne;87;Savary en action #73;"<p><strong>Redonner un coup de neuf à l'îlot Savary</strong></p><p><em>En partenariat avec un citoyen angevin</em>.</p><p><a href=""https://docs.google.com/forms/d/e/1FAIpQLSesGIIqFJmyK1toduAQbTp08mW0dpC4G4Bx6MeO_ZhkNt09sQ/viewform?usp=pp_url&amp;entry.129492173&amp;entry.1830482339&amp;entry.254877681"" target=""_blank""><strong>JE M'INSCRIS</strong></a></p>";2018-05-27 10:00:00;2018-05-27 17:00:00;0;0;;7 passage Savary ANGERS;7 passage Savary;Angers-MEET-2018-04-85;0;0;2;http://ecrivons.angers.fr/processes/ideejourneecitoyenne/f/87/meetings/85;"";""
86;26;Sensibilisation;;;15;http://ecrivons.angers.fr/processes/ideejourneecitoyenne?participatory_process_slug=ideejourneecitoyenne;87;Le recyclage de plus en plus fun #34;<p><strong>Activités, animations et jeux autour de la valorisation des déchets, tournées de ramassage des déchets sur plusieurs secteurs.</strong></p><p><em>En partenariat avec l'association des Scouts et Guides de France</em></p><p><strong>En accès libre de 10h à 18h.</strong></p>;2018-05-27 10:00:00;2018-05-27 18:00:00;0;0;;Place Saint Eloi 49000 ANGERS;Place Saint Eloi;Angers-MEET-2018-04-86;0;0;2;http://ecrivons.angers.fr/processes/ideejourneecitoyenne/f/87/meetings/86;"";""
87;23;Animations;;;15;http://ecrivons.angers.fr/processes/ideejourneecitoyenne?participatory_process_slug=ideejourneecitoyenne;87;Initiation au reportage radiophonique #27;<p><em>En partenariat avec l'association Radio Campus</em></p><p>Un atelier toutes les 20 minutes</p><p><strong>En accès libre de 10h à 18h.</strong></p>;2018-05-27 14:00:00;2018-05-27 17:30:00;0;0;;Place Saint Eloi, 49000 Angers;Place Saint Eloi;Angers-MEET-2018-04-87;0;0;2;http://ecrivons.angers.fr/processes/ideejourneecitoyenne/f/87/meetings/87;"";""
90;29;Peinture/Bricolage;;;15;http://ecrivons.angers.fr/processes/ideejourneecitoyenne?participatory_process_slug=ideejourneecitoyenne;87;ANNULÉE - Présentation de tabourets urbains et fabrication de bacs à mégots #38;"<p><strong>Réalisation de bacs à mégots.</strong></p><p><strong>Présentation de tabourets urbains sur la base d'un prototype développé</strong>.</p><p><em>En partenariat avec l'association des élèves de l'ENSAM d'Angers.</em></p><p>Pour des raisons techniques cette action est annulée .Nous vous invitons à vous inscrire à d'autres ateliers via ce<a href=""https://ecrivons.angers.fr/processes/ideejourneecitoyenne/f/87/"" target=""_blank"">&nbsp;lien</a>.</p>";2018-05-27 10:00:00;2018-05-27 18:00:00;0;0;;2 Boulevard du Ronceray 49000 ANGERS;ENSAM Cloître Toussaint;Angers-MEET-2018-04-90;0;0;2;http://ecrivons.angers.fr/processes/ideejourneecitoyenne/f/87/meetings/90;"";""
91;28;Nettoyage;;;15;http://ecrivons.angers.fr/processes/ideejourneecitoyenne?participatory_process_slug=ideejourneecitoyenne;87;Grand nettoyage des Berges de Maine #36;"<p><strong>Nettoyage des berges à pieds.</strong></p><p><em>En partenariat avec </em></p><p>En cas de niveau d'eau élevé de la Maine, repli à l'étang Saint Nicolas place de Farcy.</p><p><a href=""https://docs.google.com/forms/d/e/1FAIpQLSdRoD-88oYRL_NCbreY0khr1G4zrZn5FZpVzKZ419UP1hY-rw/viewform?usp=pp_url&amp;entry.129492173&amp;entry.1830482339&amp;entry.254877681"" target=""_blank""><strong>JE M'INSCRIS</strong></a></p>";2018-05-27 14:00:00;2018-05-27 16:00:00;0;0;;Quai Monge 49000 ANGERS;A proximité de la place la Rochefoucault;Angers-MEET-2018-04-91;0;0;4;http://ecrivons.angers.fr/processes/ideejourneecitoyenne/f/87/meetings/91;"";""
95;29;Peinture/Bricolage;;;15;http://ecrivons.angers.fr/processes/ideejourneecitoyenne?participatory_process_slug=ideejourneecitoyenne;87;Embellissement des extérieurs du Centre Marcelle Menet #44;"<p><strong>Sur le parcours de la ""Citizen Color Tour""</strong></p><p><em>En partenariat avec le Centre Marcelle Menet.</em></p><p><a href=""https://docs.google.com/forms/d/e/1FAIpQLSeLmHYp4DHe6DiM0m84PkJ_asmh_ZYfVvJ87x7tbQjP_k901g/viewform?usp=pp_url&amp;entry.129492173&amp;entry.1830482339&amp;entry.254877681"" target=""_blank""><strong>JE M'INSCRIS</strong></a></p>";2018-05-27 10:00:00;2018-05-27 17:00:00;0;0;;Mail Clément Pasquereau 49000 ANGERS;Centre Marcelle Menet;Angers-MEET-2018-04-95;0;0;2;http://ecrivons.angers.fr/processes/ideejourneecitoyenne/f/87/meetings/95;"";""
96;29;Peinture/Bricolage;;;15;http://ecrivons.angers.fr/processes/ideejourneecitoyenne?participatory_process_slug=ideejourneecitoyenne;87;ACTION ANNULEE- Fresque Street Art / Graff #43;"<p><strong>Cet atelier est annulé.</strong></p><p><strong>Dans le cadre de la ""Citizen Color Tour"" encadré par un professionnel.</strong></p><p><em>En partenariat avec le Centre Marcelle Menet. ATELIER ANNULE.</em></p><p><br></p>";2018-05-27 10:00:00;2018-05-27 17:00:00;0;0;;80 rue Laréveillère 4900 ANGERS;Rue Laréveillère;Angers-MEET-2018-04-96;0;0;2;http://ecrivons.angers.fr/processes/ideejourneecitoyenne/f/87/meetings/96;"";""
97;26;Sensibilisation;;;15;http://ecrivons.angers.fr/processes/ideejourneecitoyenne?participatory_process_slug=ideejourneecitoyenne;87;Se déplacer en ville à vélo #33;"<p><strong>Sensibilisation et conseil à la pratique du vélo au quotidien. 2 départs</strong>.</p><p><em>En partenariat avec l'association Place au vélo.</em></p><p>Casque obligatoire (- 12 ans) et possibilité de venir avec son vélo.</p><p><a href=""https://docs.google.com/forms/d/e/1FAIpQLSe-K99XlmMFGwmiR1Oyhzg-qeo1lmrQqOz_A4kBsno4lth7hQ/viewform?usp=pp_url&amp;entry.129492173&amp;entry.1830482339&amp;entry.254877681"" target=""_blank""><strong>JE M'INSCRIS</strong></a></p>";2018-05-27 10:00:00;2018-05-27 16:00:00;0;0;;Place Saint Eloi 49000 ANGERS;Place Saint Eloi;Angers-MEET-2018-04-97;0;0;2;http://ecrivons.angers.fr/processes/ideejourneecitoyenne/f/87/meetings/97;"";""
98;27;Partage de savoirs;;;15;http://ecrivons.angers.fr/processes/ideejourneecitoyenne?participatory_process_slug=ideejourneecitoyenne;87;Découverte de savoirs-faire #23;<p><strong>Venez partager des secrets appris lors d'ateliers pratiques (produits cosmétiques, recette d'un pesto d'ortie et d'autres thématiques à découvrir)</strong></p><p><em>En partenariat avec l'association Eco Formation Pays de la Loire</em></p><p><strong>En accès libre de 10h à 18h.</strong></p>;2018-05-27 10:00:00;2018-05-27 18:00:00;0;0;;Place Saint Eloi 4900 ANGERS;Place Saint Eloi;Angers-MEET-2018-04-98;0;0;2;http://ecrivons.angers.fr/processes/ideejourneecitoyenne/f/87/meetings/98;"";""
99;25;Solidarité/Entraide;;;15;http://ecrivons.angers.fr/processes/ideejourneecitoyenne?participatory_process_slug=ideejourneecitoyenne;87;Repair Café® #52;"<p><strong>Réparer ensemble : Produits électroménagers ou informatiques, petits mobiliers en bois, vélos, échanges de savoirs</strong></p><p><em>En partenariat avec le Centre Jean Villar</em></p><p><a href=""https://docs.google.com/forms/d/e/1FAIpQLSek3YO-5mGrIvCF2EA4SRkX-iAh3j7vWsM8qoTsCfNuAnJvDA/viewform?usp=pp_url&amp;entry.129492173&amp;entry.1830482339&amp;entry.254877681"" target=""_blank""><strong>JE M'INSCRIS</strong></a></p>";2018-05-27 10:00:00;2018-05-27 13:00:00;0;0;;1 bis rue Henri Bergson 49000 ANGERS;Centre Jean Vilar;Angers-MEET-2018-04-99;0;0;2;http://ecrivons.angers.fr/processes/ideejourneecitoyenne/f/87/meetings/99;"";""
100;23;Animations;;;15;http://ecrivons.angers.fr/processes/ideejourneecitoyenne?participatory_process_slug=ideejourneecitoyenne;87;Village de la journée citoyenne;"<p>Toute la journée, animations, partage de savoir-faire, sensibilisation aux bons gestes</p><p><strong>En accès libre de 10h à 18h</strong></p><p>Pour découvrir le village de la journée citoyenne <a href=""https://ecrivons.angers.fr/processes/ideejourneecitoyenne/f/89/"" target=""_blank""><strong>c'est par ici</strong></a></p><p><br></p>";2018-05-27 10:00:00;2018-05-27 18:00:00;0;0;;place Saint-Eloi 49000 Angers;Place Saint-Eloi;Angers-MEET-2018-04-100;0;0;2;http://ecrivons.angers.fr/processes/ideejourneecitoyenne/f/87/meetings/100;"";""
244;;;;;35;http://ecrivons.angers.fr/processes/JC2019?participatory_process_slug=JC2019;124;Réunion de lancement de la 5ème édition de la Journée citoyenne;<p>Réunion avec les partenaires des précédentes éditions pour la prochaine Journée citoyenne qui aura lieu le <strong>dimanche 19 mai 2019.</strong></p>;2018-09-25 16:15:00;2018-09-25 17:00:00;0;0;;58 Bd du Doyenné, Angers; Salle du rez-de-chaussée du Doyenné ;Angers-MEET-2018-10-244;0;1;11;http://ecrivons.angers.fr/processes/JC2019/f/124/meetings/244;"";""
252;;;;;35;http://ecrivons.angers.fr/processes/JC2019?participatory_process_slug=JC2019;124;Rencontre collective des porteurs de projet et partenaires de la Journée citoyenne;"<p>&gt;&gt;&gt; Présentation et partage des projets proposés pour la 5ème édition.</p>";2019-02-06 17:00:00;2019-02-06 18:00:00;0;0;;11 esplanade Auguste Chupin, Angers;Salle Auguste Chupin;Angers-MEET-2019-01-252;0;1;12;http://ecrivons.angers.fr/processes/JC2019/f/124/meetings/252;"";""
253;;;;;35;http://ecrivons.angers.fr/processes/JC2019?participatory_process_slug=JC2019;124;Rencontre collective de préparation à la journée des porteurs de projet et partenaires de la Journée citoyenne;"<p>&gt;&gt;&gt; Présentation des actions retenues, de l’organisation et du déroulement pratique de la journée.</p><p>&gt;&gt;&gt; Mobilisation et diffusion du kit de communication de proximité (flyers, affiche...) et du programme détaillé.</p>";2019-04-23 16:00:00;2019-04-23 17:00:00;0;0;;58 Boulevard du Doyenné, Angers;Salles 7 et 8 de la Cité des Associations;Angers-MEET-2019-02-253;0;1;11;http://ecrivons.angers.fr/processes/JC2019/f/124/meetings/253;"";""
348;;;;;35;http://ecrivons.angers.fr/processes/JC2019?participatory_process_slug=JC2019;124;Agora Journée citoyenne 2019;"<p>&gt;&gt; Espace d’accueil et d’information à votre disposition pour faire connaitre votre action.</p><p>Pour faire la promotion de mon action, <a href=""https://docs.google.com/forms/d/e/1FAIpQLSeLJcQs5-bW5ZGKhC8TeJXKvHvpO_WIgx550O_aEGdeup9AMA/viewform"" target=""_blank"">je m'inscris</a>.</p><p>La mini agora&nbsp;est ouverte samedi 4 mai 2019, de 10h30 à 17h30.</p>";2019-05-04 08:30:00;2019-05-04 15:30:00;0;0;;Place du ralliement 49000 ANGERS;Place du ralliement (à proximité du Grand Théâtre);Angers-MEET-2019-04-348;0;0;11;http://ecrivons.angers.fr/processes/JC2019/f/124/meetings/348;"";""
353;;;;;35;http://ecrivons.angers.fr/processes/JC2019?participatory_process_slug=JC2019;124;Rencontre collective bilan des porteurs de projet et partenaires de la Journée citoyenne;"<p>&gt;&gt;&gt; Réunion de bilan des porteurs de projet et partenaires mobilisés sur la journée citoyenne qui a eu lieu le dimanche 19 mai 2019.</p>";2019-06-26 16:00:00;2019-06-26 17:00:00;0;0;;58 boulevard du doyenné Angers;Salles 7 et 8 de la Cité des associations;Angers-MEET-2019-05-353;0;1;11;http://ecrivons.angers.fr/processes/JC2019/f/124/meetings/353;"";""
458;;;;;42;http://ecrivons.angers.fr/processes/JC2020?participatory_process_slug=JC2020;183;"Rencontre des porteurs de projet et partenaires ""Fin d'appel à idées"" - Journée citoyenne 2020";"<p>&gt;&gt; Présentation et partage des idées proposées.</p>";2020-02-13 17:00:00;2020-02-13 18:00:00;0;0;;58 Bd du Doyenné, Angers ;Salles 7 et 8 de la Cité des associations;Angers-MEET-2020-01-458;0;2;3;http://ecrivons.angers.fr/processes/JC2020/f/183/meetings/458;"";""
451;;;;;42;http://ecrivons.angers.fr/processes/JC2020?participatory_process_slug=JC2020;183;Réunion de lancement de la 6ème édition de la Journée citoyenne;"<p>&gt;&gt;&gt; Réunion avec les partenaires des précédentes éditions pour la prochaine Journée citoyenne qui aura lieu le&nbsp;<strong>dimanche 17 Mai 2020.</strong></p>";2019-10-10 16:00:00;2019-10-10 17:00:00;0;0;;58 Bd du Doyenné, Angers;Salles 7 et 8 de la Cité des associations;Angers-MEET-2019-10-451;0;2;3;http://ecrivons.angers.fr/processes/JC2020/f/183/meetings/451;"";""
460;;;;;42;http://ecrivons.angers.fr/processes/JC2020?participatory_process_slug=JC2020;183;ANNULATION DE LA RENCONTRE;"<p><strong>&nbsp;Rencontre collective ""Programme""&nbsp;des porteurs de projet et partenaires de la Journée citoyenne&nbsp;</strong></p><p>&gt;&gt;&gt; Présentation du programme, de l’organisation et du déroulement pratique de la journée.&nbsp;&nbsp;</p><p>&gt;&gt;&gt; Mobilisation et diffusion du kit de communication de proximité.</p>";2020-04-28 16:00:00;2020-04-28 17:00:00;0;0;;58 Bd du Doyenné, Angers;salle 8 de La Cité des associations;Angers-MEET-2020-02-460;0;0;3;http://ecrivons.angers.fr/processes/JC2020/f/183/meetings/460;"";""
457;;;;;43;http://ecrivons.angers.fr/processes/piscinebb?participatory_process_slug=piscinebb;188;Atelier de concertation : quelle piscine demain à Belle Beille ?;<p>Les participants ont identifié des usages à conforter, à développer pour enrichir la programmation de la future piscine de Belle-Beille.</p><p><br></p>;2019-10-16 16:30:00;2019-10-16 18:30:00;10;25;"Association Aquarius
Responsable de la piscine de Belle-Beille
Direction Sports et Loisirs 
Direction Aménagement et Développement des Territoires
";33 avenue Notre dame du lac, 49000 Angers;Maison du projet;Angers-MEET-2019-11-457;0;1;16;http://ecrivons.angers.fr/processes/piscinebb/f/188/meetings/457;http://ecrivons.angers.fr/processes/piscinebb/f/187/proposals/1179, http://ecrivons.angers.fr/processes/piscinebb/f/187/proposals/1193, http://ecrivons.angers.fr/processes/piscinebb/f/187/proposals/1195, http://ecrivons.angers.fr/processes/piscinebb/f/187/proposals/1196, http://ecrivons.angers.fr/processes/piscinebb/f/187/proposals/1197, http://ecrivons.angers.fr/processes/piscinebb/f/187/proposals/1173, http://ecrivons.angers.fr/processes/piscinebb/f/187/proposals/1185, http://ecrivons.angers.fr/processes/piscinebb/f/187/proposals/1194, http://ecrivons.angers.fr/processes/piscinebb/f/187/proposals/1172, http://ecrivons.angers.fr/processes/piscinebb/f/187/proposals/1187, http://ecrivons.angers.fr/processes/piscinebb/f/187/proposals/1188, http://ecrivons.angers.fr/processes/piscinebb/f/187/proposals/1189, http://ecrivons.angers.fr/processes/piscinebb/f/187/proposals/1190, http://ecrivons.angers.fr/processes/piscinebb/f/187/proposals/1191, http://ecrivons.angers.fr/processes/piscinebb/f/187/proposals/1184, http://ecrivons.angers.fr/processes/piscinebb/f/187/proposals/1180, http://ecrivons.angers.fr/processes/piscinebb/f/187/proposals/1182, http://ecrivons.angers.fr/processes/piscinebb/f/187/proposals/1183, http://ecrivons.angers.fr/processes/piscinebb/f/187/proposals/1186, http://ecrivons.angers.fr/processes/piscinebb/f/187/proposals/1192, http://ecrivons.angers.fr/processes/piscinebb/f/187/proposals/1174, http://ecrivons.angers.fr/processes/piscinebb/f/187/proposals/1176, http://ecrivons.angers.fr/processes/piscinebb/f/187/proposals/1177, http://ecrivons.angers.fr/processes/piscinebb/f/187/proposals/1178;""
465;;;;;50;http://ecrivons.angers.fr/processes/parcLDM?participatory_process_slug=parcLDM;248;Balade exploratoire;<h5><strong>Venez arpenter le parc du lac de Maine avec nous le samedi 22 août dans le cadre d’une promenade à pied. Ne vous y trompez pas, ce n’est pas une simple balade : moitié enquêteur, moitié promeneur, cette balade à pied viendra nourrir le diagnostic en cours  et croiser le regard des citoyens à celui des techniciens (jauge limitée).</strong></h5><p><br></p>;2020-08-22 07:30:00;2020-08-22 10:00:00;0;0;;49 Avenue du Lac de Maine, 49000 Angers;Ethic Etapes lac de Maine;Angers-MEET-2020-07-465;5;1;27;http://ecrivons.angers.fr/processes/parcLDM/f/248/meetings/465;"";""
