id;category/id;category/name/fr;scope/id;scope/name/fr;parent/id;title/fr;description/fr;start_date;end_date;status/id;status/key;status/name/fr;progress;created_at;url;component/id;proposal_urls
100;64;Partage & Solidarité;;"";;Frigos solidaires - projet n°45;"<p>La Ville va faire l'acquisition de deux frigos et les installer dans des endroits fréquentés afin que les Angevins puissent déposer ou prendre de la nourriture.</p><p><a href=""https://www.facebook.com/JeunesEngages49000/"" target=""_blank"">Page Facebook de l'association Jeunes Engagés 49 (porteurs du projet)</a></p>";2019-03-05;;18;4;Partiellement réalisé;80.0;2019-01-21 15:51:03 +0100;http://ecrivons.angers.fr/processes/BP2018/f/137/results/100;137;""
101;63;Jouer & Bouger;;"";;Plus de batterie? nous avons la solution - projet n°31;"<p>La Ville va installer plusieurs pédaliers à production électrique permettant de recharger son portable en pédalant. </p><p>Le premier pédalier est installé à la Cité des Associations (Boulevard du Doyenné) depuis le mois de juin. 6 pédaliers à recharge électrique sont installés dans la ville depuis le 1er octobre. Le 7ème pédalier sera installé prochainement devant l'entrée de l'étang Saint-Nicolas, le site étant actuellement en travaux.<img src=""https://ecrivons.angers.fr/uploads/decidim/attachment/file/646/P%C3%A9daliers_install%C3%A9s.jpg""></p>";2019-02-06;2020-01-30;16;5;Réalisé;100.0;2019-01-24 11:51:57 +0100;http://ecrivons.angers.fr/processes/BP2018/f/137/results/101;137;""
106;65;Préserver notre environnement;;"";;Cotoiturage solaire citoyen et participatif - projet n°52;<p>La Ville va installer des panneaux solaires photovoltaïques sur les toits de ses équipements municipaux. Les citoyens seront impliqués dans la production d'électricité pour un objectif de consommation locale.</p>;2019-03-14;;15;2;En cours d'étude;80.0;2019-01-29 10:00:02 +0100;http://ecrivons.angers.fr/processes/BP2018/f/137/results/106;137;""
90;61;Confort & Embellissement de la ville;;"";;Sécurisation des rails du tramway - projet n°3;<p>Suite à la réalisation d'une étude technique, Angers Loire Métropole facilitera la mise en oeuvre de tests en situation réelle d'un nouveau matériau à mémoire de forme qui doit permettre de combler les rainures des rails du tramway entre les passages de rames. Si les test sont concluants, les concepteurs de ce nouveau matériau pourront l'industrialiser.</p><p><br></p>;2019-03-26;;18;4;Partiellement réalisé;95.0;2019-01-17 15:22:35 +0100;http://ecrivons.angers.fr/processes/BP2018/f/137/results/90;137;""
92;65;Préserver notre environnement;;"";;Des cendriers pour une ville plus propre - projet n°53;"<p>La Ville va installer plusieurs dizaines de cendriers qui seront fixés aux poubelles existantes sur l'espace public.</p><p><img src=""https://ecrivons.angers.fr/uploads/decidim/attachment/file/653/IMG_4579.JPG""></p>";2019-04-12;2019-12-31;16;5;Réalisé;100.0;2019-01-17 15:32:02 +0100;http://ecrivons.angers.fr/processes/BP2018/f/137/results/92;137;""
97;65;Préserver notre environnement;;"";;Récupérateurs d'eau de pluie collectifs - projet n°56;<p>La ville va faire réaliser un prototype de récupérateur d'eau de pluie collectif et l'expérimenter dans 1 des jardins familiaux </p>;2019-02-07;;18;4;Partiellement réalisé;80.0;2019-01-18 14:48:58 +0100;http://ecrivons.angers.fr/processes/BP2018/f/137/results/97;137;""
91;66;Vélo;;"";;Garer son vélo en ville sans problème - projet n°59;"<p>Le projet sur la multiplication de l’offre de stationnement vélo a été lauréat avec un objectif de création de 174 places de stationnement pour un budget de 169 000 euros en deux ans : </p><p>3 types de stationnement envisagés ; </p><ul><li>50 arceaux simples soit 100 place de stationnement </li><li>12 arceaux connectés soit 24 places de stationnement</li><li>5 groupes de 10 box sécurisés.soit 50 places de stationnement</li></ul>";2019-03-01;;18;4;Partiellement réalisé;80.0;2019-01-17 15:27:35 +0100;http://ecrivons.angers.fr/processes/BP2018/f/137/results/91;137;""
105;62;Culture dans la ville;;"";;Le fil  touristique - projet n°16;"<p>La ville va réaliser un tracé au sol qui permettra de guider les touristes et les angevins vers le patrimoine du centre-ville principalement .</p><p>Le fil touristique est réalisé. Il est matérialisé par une ligne de couleur bleue de 2.7 km et vous fait découvrir le patrimoine et des œuvres d’Échappées d'Arts de l'hyper-centre-ville.</p><p><img src=""https://ecrivons.angers.fr/uploads/decidim/attachment/file/570/carto_fil_touristique.jpg""></p>";2019-03-14;2019-07-12;16;5;Réalisé;100.0;2019-01-24 16:50:39 +0100;http://ecrivons.angers.fr/processes/BP2018/f/137/results/105;137;""
94;64;Partage & Solidarité;;"";;Café solidaire - projet n°46;"<p>La ville a réaliser des travaux  de peinture et d'aménagement à la Maison de l’Étang à Belle Beille et investi dans du mobilier afin d'aménager ce lieu d'accueil associatif.</p><p>L'inauguration de ce lieu et sa première mise en service est prévu le 5 octobre à 18h00.</p><p><img src=""https://ecrivons.angers.fr/uploads/decidim/attachment/file/641/FOT40541.jpg""></p>";2019-01-30;2019-10-05;16;5;Réalisé;100.0;2019-01-18 12:43:44 +0100;http://ecrivons.angers.fr/processes/BP2018/f/137/results/94;137;""
96;65;Préserver notre environnement;;"";;Des vergers en cueillette libre dans ma ville - projet n°49;"<p>La ville va planter dans différents espaces verts publics des arbres fruitiers comestibles en libre cueillette</p><p>Chacun des 10 quartiers d'Angers a ses fruitiers.</p><ul><li>Centre-ville/La Fayette-Eblé&nbsp;= Jardin Eblé (10 unités)</li><li>Roseraie= Place Village Anjou (3 unités)</li><li>Justices Madeleine Saint Léonard = Terrain St Gabriel (20 unités)</li><li>Saint Serge Ney Chalouère = Parc Desjardins (7 unités)</li><li>Deux Croix Banchais&nbsp;: Maurice Geslin (5 unités)</li><li>Hauts-de-Saint-Aubin = lanière des schistes (15 unités)</li><li>Monplaisir = square de Bourgogne et marché Monplaisir (Rue Nicolas Appert) (3 unités)</li><li>Doutre St Jacques-Nazareth= Place de la paix (3 unités)</li><li>Belle Beille = Claude Chabrol (10 unités)</li><li>Lac de Maine=Parc du Vallon (10 unités)</li></ul>";2019-02-12;;16;5;Réalisé;100.0;2019-01-18 14:45:55 +0100;http://ecrivons.angers.fr/processes/BP2018/f/137/results/96;137;""
99;65;Préserver notre environnement;;"";;Des composteurs collectifs nouvelle génération - projet n°51;"<p>La ville a fait l'acquisition de 4 composteurs collectifs, au fonctionnement simple et au visuel urbain, doté d'un système anti-nuisibles et anti-odeurs et les installer sur l'espace public. </p><p>La proposition commerciale retenue suite à l'appel d'offre est un composteur urbain Ekovore.</p><p>Des collectifs d'habitants ont été constitués pour être formés et accompagnés dans la gestion et l'animation du compostage. </p><p>Les 2 premiers sites qui vont réceptionner un composteur public sont le place Grégoire Bordillon et la place Ney. Les 2 autres sites (en hyper-centre et quartier Lafayette sont encore à l'étude)</p><p><strong><u>Le premier Ekovore place Grégoire Bordillon a été inauguré et mis en service le 16 décembre 2019</u></strong></p><p><img src=""https://ecrivons.angers.fr/uploads/decidim/attachment/file/690/IMG_9586.JPG""></p><p><br></p><p><img src=""https://ecrivons.angers.fr/uploads/decidim/attachment/file/691/IMG_9545.JPG""></p><p><img src=""https://ecrivons.angers.fr/uploads/decidim/attachment/file/692/20191216_104158.jpg""></p><p>Suivez également l'avancée de la mise en oeuvre du projet sur la <a href=""https://www.facebook.com/Projet-51-Composteurs-collectifs-publics-dAngers-2113051318957735/"" target=""_blank""><u>page Facebook des porteurs du projet </u></a></p><p><br></p>";2019-02-28;;18;4;Partiellement réalisé;80.0;2019-01-18 15:07:09 +0100;http://ecrivons.angers.fr/processes/BP2018/f/137/results/99;137;""
102;61;Confort & Embellissement de la ville;;"";;Mon arbre numérique - projet n°8;"<p>La Ville va installer un arbre numérique qui capte l'énergie solaire via ""ses feuilles"" et permet ainsi de recharger son portable et accéder au Wifi.</p><p>L'arbre est monté et installé le 18 septembre 2019 à l'entrée du Parc Saint-Serge. Il est raccordé à la boucle optique et équipé du wifi depuis le 12 décembre 2019. Des bancs seront installés très prochainement et une signalétique (mode d'emploi de l'arbre numérique) également.</p><p><img src=""https://ecrivons.angers.fr/uploads/decidim/attachment/file/631/IMG_20190919_085953.jpg""></p>";2019-06-07;2020-02-10;16;5;Réalisé;100.0;2019-01-24 15:34:40 +0100;http://ecrivons.angers.fr/processes/BP2018/f/137/results/102;137;""
98;65;Préserver notre environnement;;"";;Des ruches dans ma ville - projet n°55;"<p>La ville a réalisé des travaux à proximité des ateliers des collectifs d'artistes du PAD, au 3 bd Daviers, afin que les ruches puissent être installées en toute sécurité et acheter 2 essaims d'abeilles et le matériel nécessaire à l'apiculture. La gestion et l'entretien est assuré par un apiculteur amateur.</p><p>Les 2 ruches et leurs essaims sont installées depuis la première semaine de juin 2019 sur la parcelle appartenant à la ville.<img src=""https://ecrivons.angers.fr/uploads/decidim/attachment/file/635/P1040206.JPG""></p><p><img src=""https://ecrivons.angers.fr/uploads/decidim/attachment/file/637/portail.jpg""></p>";2019-02-12;2019-07-05;16;5;Réalisé;100.0;2019-01-18 14:54:07 +0100;http://ecrivons.angers.fr/processes/BP2018/f/137/results/98;137;""
89;65;Préserver notre environnement;;"";;Pièges contre les frelons asiatiques - projet n°48;"<p>Ce projet portait initialement sur l'acquisition de 30 pièges à frelons asiatiques indifférenciés pour une expérimentation de 2 ans. La concertation avec les deux associations départementales spécialisées dans la lutte contre les frelons asiatiques (l'ASAD 49  et la FDGDON 49) a révélé que le piégeage des frelons asiatiques était de nature très différente selon la saison ; Au printemps, il s'agit de piéger les reines fondatrices pour les empêcher de créer des nids, en été et à l'automne, il s'agit de piéger les ouvrières pour les empêcher de chasser les insectes utiles comme les abeilles. De fait, la nature, le nombre et le positionnement des pièges ne peuvent être les mêmes selon la saison. L'expérimentation sera donc dédoublée entre le piégeage de printemps et le piégeage d'été/automne.</p><p><img src=""https://ecrivons.angers.fr/uploads/decidim/attachment/file/672/photo_3_frelons.jpg""></p><p><img src=""https://ecrivons.angers.fr/uploads/decidim/attachment/file/699/20200115_182342.jpg""></p><p><img src=""https://ecrivons.angers.fr/uploads/decidim/attachment/file/700/20200115_195825.jpg""></p><p><img src=""https://ecrivons.angers.fr/uploads/decidim/attachment/file/702/20200115_195848.jpg""></p><p><img src=""https://ecrivons.angers.fr/uploads/decidim/attachment/file/701/20200115_195805.jpg""></p>";2019-02-20;;16;5;Réalisé;100.0;2019-01-17 14:59:49 +0100;http://ecrivons.angers.fr/processes/BP2018/f/137/results/89;137;""
104;62;Culture dans la ville;;"";;Angers l'art à ciel ouvert- projet n°21 ;"<p>La ville va faire réaliser par des artistes une dizaine de fresques murales pérennes, des sculptures et des bancs originaux dans l'espace public afin de dynamiser et d'embellir Angers:</p><ul><li>Gorilla Monumenta d'Olivier COURTY à observer au Jardin du Musée des Beaux Arts. </li><li>Mur Sympathique de Claude COUDERT, à découvrir rue Paul Bert.</li><li>La Cabane dans les arbres de René BRINK à admirer Boulevard St Michel </li><li>Aubade peinte à Jeanne d'AL1  et Florent MAUSSION, à apprécier rue Jeanne Moreau. </li><li>Hope, de Damien POULAIN, à découvrir rue de la Barre.</li><li>Tous les murs sont supports de rêveries quand ils sont plus bas que l'horizon, de Marc-Antoine MATHIEU, rue René Coëffard</li><li>Yaye, du Collectif la Douceur, à contempler, place Jean XXIII</li></ul><p><img src=""https://ecrivons.angers.fr/uploads/decidim/attachment/file/652/photo_Lucie.jpg""><img src=""https://ecrivons.angers.fr/uploads/decidim/attachment/file/647/photos_murs.PNG"" style=""font-size: inherit;""></p><p><img src=""https://ecrivons.angers.fr/uploads/decidim/attachment/file/703/2019_ReneBrink_Angers_YEK2.jpg""></p><p><img src=""https://ecrivons.angers.fr/uploads/decidim/attachment/file/711/Fresque_def_2.jpg""></p><p><img src=""https://ecrivons.angers.fr/uploads/decidim/attachment/file/842/HOPE.png""></p><p><img src=""https://ecrivons.angers.fr/uploads/decidim/attachment/file/843/MAM_.jpg""></p><p><img alt=""Fichier"" src=""https://ecrivons.angers.fr/uploads/decidim/attachment/file/962/OEUVRE_TERMINEE.jpg""></p>";2019-02-26;;18;4;Partiellement réalisé;80.0;2019-01-24 16:32:52 +0100;http://ecrivons.angers.fr/processes/BP2018/f/137/results/104;137;""
103;62;Culture dans la ville;;"";;Lieu de plein air pour la musique- projet n°15;"<p>La ville va aménager un espace en plein air au Lac de Maine afin que des associations musicales et culturelles puissent organiser des spectacles et des concerts. </p><p>Les 2 containers qui serviront de zones de stockage ont été installés Parc St Serge. </p><p><img class=""thumbnail"" alt=""photo containers.jpg"" src=""https://ecrivons.angers.fr/uploads/decidim/attachment/file/1069/thumbnail_photo_containers.jpg""></p>";2019-01-30;;18;4;Partiellement réalisé;80.0;2019-01-24 16:15:42 +0100;http://ecrivons.angers.fr/processes/BP2018/f/137/results/103;137;""
148;78;Végétal ;;"";;Aidons la biodiversité urbaine - Projet n°10;<p>La ville va réaliser et installer des habitats adaptés pour les hérissons, les chauves souris et les insectes. Ces réalisations seront accompagnées de panneaux explicatifs afin de sensibiliser les angevins à la protection de ces espèces menacées. </p><p>La ville proposera des actions de sensibilisation ludiques sur la biodiversité auprès des plus jeunes. </p>;2020-01-21;;25;2;En cours d'étude;40.0;2020-01-20 17:32:30 +0100;http://ecrivons.angers.fr/processes/BP2019/f/144/results/148;144;""
150;78;Végétal ;;"";;Des prairies fleuries pour protéger les insectes pollinisateurs - Projet n°2;"<p>Sur chacun des dix quartiers angevins, la ville va aménager des prairies fleuries pour contribuer à l'équilibre de l'écosystème bénéficiant ainsi à l'activité essentielle des insectes pollinisateurs.  </p><p><br></p><p><img src=""https://ecrivons.angers.fr/uploads/decidim/attachment/file/839/Profitez_de_la_flore.jpg""></p>";2020-01-21;;26;3;Travaux en cours;70.0;2020-01-20 17:37:14 +0100;http://ecrivons.angers.fr/processes/BP2019/f/144/results/150;144;""
149;78;Végétal ;;"";;La cabane du jardinier urbain (La CAJU) - Projet n°9;<p>La ville va contribuer à la création d'un lieu ressource pour les angevins désireux de trouver des conseils en jardinage adaptés à l'environnement urbain. Ils pourront également y emprunter les outils nécessaires. L'aménagement d'un espace pour jardiner et expérimenter y est également envisagé.</p><p><br></p>;2020-01-21;;25;2;En cours d'étude;40.0;2020-01-20 17:35:37 +0100;http://ecrivons.angers.fr/processes/BP2019/f/144/results/149;144;""
147;78;Végétal ;;"";;L'arbre de la liberté - Projet n° 1;"<p>La Ville va planter un arbre ""signal "" accompagné d'un panneau signalétique indiquant le message de liberté souhaité par le porteur de ce projet.</p>";2020-02-25;2021-03-31;26;3;Travaux en cours;70.0;2020-01-20 15:57:33 +0100;http://ecrivons.angers.fr/processes/BP2019/f/144/results/147;144;""
144;78;Végétal ;;"";;Une ligne de natation végétalisée - Projet n°11;<p>La ville va réaménager l’espace baignade du Lac de Maine pour y intégrer une ligne de natation sportive longue de 300m, accessible sans passer par la plage et le petit bain. Cette ligne sera bordée de 90m de radeaux avec des plantes pour limiter les pollutions, de plots indicateurs de distance et de pontons de repos. Sur la terre ferme, la ville va acquérir des casiers sécurisés pour stocker ses affaires, alimentés par panneaux solaires.</p>;2020-01-21;;25;2;En cours d'étude;40.0;2020-01-20 15:07:16 +0100;http://ecrivons.angers.fr/processes/BP2019/f/144/results/144;144;""
140;78;Végétal ;;"";;Une balade ludique autour des plantes - Projet n°5;"<p>Au Sud du quartier de la Roseraie, plusieurs rues portent des noms de plantes. La Ville d'Angers va installer dans ce secteur des modules de «&nbsp;jeu de piste&nbsp;» renseignant sur les plantes qui ont donné leurs noms aux rues, décrivant ainsi leurs vertus, légendes et utilisations.</p>";2020-01-21;;25;2;En cours d'étude;40.0;2020-01-20 14:59:54 +0100;http://ecrivons.angers.fr/processes/BP2019/f/144/results/140;144;""
142;78;Végétal ;;"";;Un parc de la Madeleine plus attractif - Projet n°6;<p>Afin de rendre le parc de la Madeleine plus convivial et intergénérationnel, la Ville va y réaliser des aménagements, plantation d'arbres fruitiers, installation de mobiliers urbains, création d'espaces de jeux... </p>;2020-01-21;;25;2;En cours d'étude;40.0;2020-01-20 15:03:46 +0100;http://ecrivons.angers.fr/processes/BP2019/f/144/results/142;144;""
146;78;Végétal ;;"";;Une coulée verte pour tous au Lac de Maine- Projet n° 4;<p>La Ville va aménager le chemin entre l’école Bois de Mollières et le bois du Grésillé pour faciliter la circulation des personnes à mobilité réduite, installer quelques structures pour l'exercice physique ainsi que des jeux pour enfants qui s’inscriront dans l'environnement naturel tout en protégeant les végétaux existant.</p><p><br></p>;2020-03-13;;25;2;En cours d'étude;40.0;2020-01-20 15:38:01 +0100;http://ecrivons.angers.fr/processes/BP2019/f/144/results/146;144;""
141;78;Végétal ;;"";;Des plateformes d'observation ornithologique au Lac de Maine - Projet n°8;<p>La ville va réaliser et installer au moins 2 plateformes (sortes d'observatoires), attenantes à la rive et en surplomb de la surface de l'eau ainsi que des panneaux explicatifs permettant d'informer le public sur les richesses biologiques du parc.</p>;2020-01-21;;25;2;En cours d'étude;40.0;2020-01-20 15:02:14 +0100;http://ecrivons.angers.fr/processes/BP2019/f/144/results/141;144;""
143;101;Confort et embellissement de la ville;;"";;La ruche à vélos - Projet n°45;<p>La ville va contribuer au financement d’un prototype de « ruche à vélos » et faire l’acquisition de ce dernier. Ce parking à vélos innovant, au design vertical, pourra accueillir jusqu’à 50 vélos et 24 trottinettes. Il proposera aux Angevins une offre de stationnement entièrement automatisée et sécurisée grâce à une application leur permettant de stocker et récupérer leurs biens. Petit plus : le parking permettra aussi de recharger les batteries de vélos à assistance électrique.</p>;2020-01-21;;26;3;Travaux en cours;70.0;2020-01-20 15:05:35 +0100;http://ecrivons.angers.fr/processes/BP2019/f/144/results/143;144;""
145;100;Eco-citoyenneté;;"";;"La tente ""Anti-Gaspi"" - Projet n°13";<p>Chaque samedi, place Leclerc, de nombreux invendus du marché finissent par être jetés. Afin de lutter contre ce gaspillage, la ville va faire l’acquisition d’une tente qui sera mise à disposition de l’association Solidarifood qui porte le projet. A la fin du marché, les bénévoles récupéreront et trieront les invendus afin de distribuer gratuitement, sous la tente, les produits encore consommables. Les produits trop dégradés seront par la suite compostés.</p>;2020-02-04;;28;5;Réalisé;100.0;2020-01-20 15:10:51 +0100;http://ecrivons.angers.fr/processes/BP2019/f/144/results/145;144;""
151;100;Eco-citoyenneté;;"";;L'océan commence à Angers - Projet n°15;<p>La ville va concevoir et installer une signalétique sur les bouches d'évacuation d'eau pluviale afin de sensibiliser les angevins à adopter des réflexes écocitoyens en n'y jetant pas de déchets. En complément, et de manière expérimentale, dans un premier temps, des filets de rétention de déchets polluants seront installés.  </p>;2020-01-21;;25;2;En cours d'étude;40.0;2020-01-20 17:42:06 +0100;http://ecrivons.angers.fr/processes/BP2019/f/144/results/151;144;""
118;;"";;"";;Déployer le stationnement connecté ;<p>Le déploiement de dispositifs de stationnement connectés, notamment sur les pôles commerciaux de proximité (et les places livraison/arrêt minute) doit permettre d'assurer la rotation des véhicules pour faciliter l'accès aux commerces et aux services de proximité. </p><p>Cette action s'intègre dans la démarche de Territoire Intelligent engagé au niveau de l'agglomération.</p>;2019-04-02;;20;2;En cours d'étude (études préalables, procédures consultation, ...);40.0;2019-07-12 13:42:37 +0200;http://ecrivons.angers.fr/processes/assisesstationnement/f/177/results/118;177;""
119;;"";;"";;Conforter les parkings relais et leur fonctionnement;<p>La Ville d'Angers, Angers Loire Métropole et le nouveau délégataire de Transports RATP Dév vont travailler à valoriser et faire connaître le fonctionnement des parkings-relais (gratuité, modalité d'accès, ... ) afin de promouvoir le report vers les transports en commun et de limiter l'utilisation de la voiture, notamment pour les trajets domicile-travail et domicile-études.</p><p><br></p>;2019-04-02;;19;1;Lancement du projet ou de l'action;10.0;2019-07-12 13:43:00 +0200;http://ecrivons.angers.fr/processes/assisesstationnement/f/177/results/119;177;""
124;;"";;"";;Développer l’information en temps réel;<p>L'information en temps réel sur le stationnement, notamment dans les parkings par l'intermédiaire du jalonnement dynamique est un outil important pour orienter les usagers. Il s'agit de mieux informer sur la disponibilité des places dans les parkings en enclos et en ouvrage.</p>;2019-04-02;;21;3;Travaux / Mise en service;70.0;2019-07-12 13:44:46 +0200;http://ecrivons.angers.fr/processes/assisesstationnement/f/177/results/124;177;""
117;;"";;"";;Créer des places de stationnement livraison ou arrêt minute;<p>La Ville d'Angers va engager un travail pour réaliser de nouvelles places de stationnement livraison et arrêt minute, avec pour objectif de :</p><ul><li>Pallier au manque de disponibilité des places de stationnement pour certains professionnels mobiles et de santé, et donc faciliter l'exercice de leurs activités</li><li>Eviter le stationnement gênant de ces véhicules et donc des situations de conflits d'usage</li></ul>;2019-04-02;;19;1;Lancement du projet ou de l'action;10.0;2019-07-12 13:38:30 +0200;http://ecrivons.angers.fr/processes/assisesstationnement/f/177/results/117;177;""
123;;"";;"";;Matérialiser des places de stationnement sur chaussées ou trottoirs;<p>La Ville d'Angers souhaite matérialiser dans certains secteurs de la ville les places de stationnement  vélo et voiture - sur chaussée ou trottoirs lorsque cela est possible, sans gêne pour les autres modes.</p><p>Ce travail doit permettre de mieux identifier les espaces dédiés au stationnement dans le respect des autres modes de déplacements, et d'envisager de nouvelles places de stationnement afin de pallier au manque sur certains secteurs tendus.</p>;2019-04-02;;19;1;Lancement du projet ou de l'action;10.0;2019-07-12 13:44:26 +0200;http://ecrivons.angers.fr/processes/assisesstationnement/f/177/results/123;177;""
120;;"";;"";;Développer l’autopartage dans les opérations immobilières;<p>La Ville d'Angers, en partenariat avec Alter Services ainsi que les promoteurs et aménageurs, souhaite renforcer l'autopartage au travers des opérations immobilières importantes dans l'objectif de  :</p><ul><li>limiter la multimotorisation des ménages</li><li>réduire les besoins en stationnement des résidents et des activités (bureaux, services, ...)</li></ul><p><br></p><p>Un premier travail est en cours avec Bouygues / Odalys dans le cadre du développement du quartier Cours Saint-Laud, avec l'installation d’une station supplémentaire sur la Place Giffard Langevin. </p>;2019-04-02;;22;4;Partiellement réalisé;85.0;2019-07-12 13:43:19 +0200;http://ecrivons.angers.fr/processes/assisesstationnement/f/177/results/120;177;""
126;;"";;"";;Expérimenter une zone bleue résidentielle sur le secteur Baumette / Blanchard;<p>La Ville d'Angers souhaite expérimenter une zone bleue résidentielle sur le secteur Baumette / Blanchard. Le stationnement y serait gratuit mais à durée limitée, excepté pour les résidents. </p><p>Il s'agit via cette action de :</p><ul><li>limiter le stationnement longue durée des usagers de la Gare ou du centre-ville sur les secteurs résidentiels et d'activités</li><li>d'assurer la disponibilité de places pour les résidents, les visiteurs et les usagers du secteur </li></ul>;2019-04-02;;20;2;En cours d'étude (études préalables, procédures consultation, ...);40.0;2019-07-12 13:45:34 +0200;http://ecrivons.angers.fr/processes/assisesstationnement/f/177/results/126;177;""
125;;"";;"";;Renforcer l’offre de stationnement au CHU;<p>La Ville d'Angers s'est engager avec le CHU, en lien avec la société ALTER, à compléter l'offre en stationnement autour du CHU avec :</p><ul><li>la création de 150 nouvelles places pour le personnel du CHU</li><li>la mise en enclos de l’avenue de l’Hôtel Dieu pour les visiteurs et patients (une centaine de places, avec 1ère heure gratuite).</li></ul><p>Ces nouveaux aménagements doivent permettre de pallier au manque de places aux abords du CHU, de garantir l'accès au CHU des salariés, patients et visiteurs ainsi que de limiter le stationnement illicite voire gênant sur les espaces publics autour du CHU (secteurs résidentiels)</p><p><br></p>;2019-04-02;;20;2;En cours d'étude (études préalables, procédures consultation, ...);40.0;2019-07-12 13:45:08 +0200;http://ecrivons.angers.fr/processes/assisesstationnement/f/177/results/125;177;""
122;;"";;"";;Créer des parkings gratuits complémentaires à Belle-Beille;<p>Pour inciter à l'usage des transports collectifs (future ligne tramway) en stationnant son véhicule en semaine (en périphérie de la ville) mais aussi pour pallier à un certain manque de places sur le Campus Belle-Beille, il a été convenu d'aménager un ou des nouveaux parkings (une centaine de places).</p><p>L'aménagement et la matérialisation de nouvelles places de stationnement (une centaine) sont pour le moment prévus au bout du boulevard Lavoisier.</p>;2019-04-02;;21;3;Travaux / Mise en service;70.0;2019-07-12 13:44:04 +0200;http://ecrivons.angers.fr/processes/assisesstationnement/f/177/results/122;177;""
121;;"";;"";; Créer un parking-relais - vélos et voitures - secteur du Doyenné.;<p>La Ville d'Angers a récemment réaménagé le parking sur le boulevard Doyenné, près de la Cité des Associations. L'action mise en place ici est d'y installer des box vélos afin de permettre son utilisation comme parking relais voitures-vélos et ainsi de :</p><ul><li>Proposer une offre complémentaire en stationnement gratuit à moins d’1 km du secteur d’activité Saint-Serge</li><li>Promouvoir le report vers les modes alternatifs (vélos, trottinettes, …) en lien avec l’aménagement de la boucle verte</li><li>Limiter le stationnement illicite voire gênant sur les espaces publics sur le secteur Saint-Serge / Ney</li></ul>;2019-04-02;;23;5;Réalisé;100.0;2019-07-12 13:43:40 +0200;http://ecrivons.angers.fr/processes/assisesstationnement/f/177/results/121;177;""
154;168;Education;;"";;"Aidons l'école à ""bouger"" pour mieux apprendre -Projet n°17 - 330 000 €";<p>La Ville va faire l'acquisition de matériel et de mobilier pédagogique pour couvrir les besoins des enseignants développant ou souhaitant développer les pratiques favorisant les apprentissages autonomes (seul ou en petits groupes).</p><p>Parallèlement, la Ville va réaménager des cours d'écoles en intégrant des îlots de fraicheur, de la nature dans les cours et déployer des boîtes à jouer (une sorte de cabane de jardin) remplies d’objets de récupération, stimulant l’imagination et les liens sociaux des enfants et favorisant le réemploi.</p>;;;;;"";;2021-01-06 22:36:21 +0100;http://ecrivons.angers.fr/processes/BP2020/f/194/results/154;194;http://ecrivons.angers.fr/processes/BP2020/f/191/proposals/1374, http://ecrivons.angers.fr/processes/BP2020/f/191/proposals/1552, http://ecrivons.angers.fr/processes/BP2020/f/191/proposals/1568, http://ecrivons.angers.fr/processes/BP2020/f/191/proposals/1348, http://ecrivons.angers.fr/processes/BP2020/f/191/proposals/1615
155;166;La nature en ville;;"";;Jardins flottants sur Maine - Projet n°34 - 150 000 €;<p>La ville va faire réaliser et installer des îlots flottants couverts de végétation attenants à la rive de la Maine sur sa partie la plus minérale afin d'agrémenter le paysage, de contribuer au développement et au maintien de la nature en ville et assurer une continuité de la biodiversité tout au long des bords de Maine.</p>;;;;;"";;2021-01-06 22:40:11 +0100;http://ecrivons.angers.fr/processes/BP2020/f/194/results/155;194;http://ecrivons.angers.fr/processes/BP2020/f/191/proposals/1409
156;170;Confort et embellissement de la ville;;"";;Des fontaines à eau potable dans la ville - projet n°2 - 35 000 €;<p>La Ville va mettre en service des fontaines à eau potable dans différents espaces publics, qui seront équipées de boutons poussoir afin d'éviter le gaspillage.</p>;;;;;"";;2021-01-08 10:39:50 +0100;http://ecrivons.angers.fr/processes/BP2020/f/194/results/156;194;http://ecrivons.angers.fr/processes/BP2020/f/191/proposals/1628
157;166;La nature en ville;;"";;Des forêts urbaines participatives à la méthode Miyawaki - projet n°32 - 95 000 €;<p>La Ville va proposer la création de plusieurs forêts urbaines selon la méthode du botaniste japonais Miyawaki qui consiste à planter des arbres d'essence locale avec une forte densité (environ 3 arbres au m²) sur de petites superficies. Cette méthode doit favoriser un meilleur enracinement et une meilleure croissance des végétaux dans des espaces soumis à des conditions moins favorables qu'en pleine nature et permettre ainsi de créer des îlots de biodiversité en pleine ville.</p><p>Ces forêts urbaines devront être plantées dans une logique participative avec des collectifs volontaires (écoles, associations, groupes d'habitants...) dans différents quartiers de la Ville. </p>;;;;;"";;2021-01-08 10:57:35 +0100;http://ecrivons.angers.fr/processes/BP2020/f/194/results/157;194;http://ecrivons.angers.fr/processes/BP2020/f/191/proposals/1589, http://ecrivons.angers.fr/processes/BP2020/f/191/proposals/1355
158;166;La nature en ville;;"";;Cultivons nos murs - projet n°33 - 200 000 €;<p>La Ville va procéder à l'installation de structures en fil sur les façades ou pignons de certains bâtiments municipaux peu valorisants qui serviront de supports à une végétalisation verticale, afin de leur donner un caractère plus esthétique et réintroduire des éléments végétaux dans des endroits très minéralisés.</p>;;;;;"";;2021-01-08 15:43:26 +0100;http://ecrivons.angers.fr/processes/BP2020/f/194/results/158;194;http://ecrivons.angers.fr/processes/BP2020/f/191/proposals/1411
159;170;Confort et embellissement de la ville;;"";;Il est temps de voir vert... Incitation à moins de déchets - projet n°4 - 10 000 €;<p>La Ville va installer à l'entrée des parcs les plus fréquentés un module composé de 3 items :</p><ul><li>un panneau informatif rappelant l'enjeu de respecter le plus possible l'environnement naturel de nos parcs,</li><li>un distributeur de gants biodégradables,</li><li>et une poubelle.</li></ul><p>L'enjeu de ce dispositif est d'inciter à ne plus jeter dans les parcs de déchets non seulement disgracieux mais potentiellement nuisibles pour l'environnement.</p>;;;;;"";;2021-01-08 15:56:55 +0100;http://ecrivons.angers.fr/processes/BP2020/f/194/results/159;194;http://ecrivons.angers.fr/processes/BP2020/f/191/proposals/1542
160;170;Confort et embellissement de la ville;;"";;Des abris pour les chats errants stérilisés - projet n°3 - 10 000 €;"<p>La Ville va installer des abris dans les endroits où des groupes de ""nourrisseurs et nourrisseuses"" de chats errants pourront, en partenariat avec l'association Les Amis du chat libre d'Angers, nourrir les animaux errants dans des conditions sanitaires satisfaisantes, repérer les chats à stériliser pour éviter leur prolifération et, dans certains cas, identifier des chats qui pourraient, via la SPAA, être proposés à l'adoption.</p><p>Cette initiative vise à favoriser le bien-être animal, éviter la prolifération de chats qui peuvent nuire à la biodiversité locale et améliorer la coexistence des habitants avec la faune urbaine semi-sauvage.</p>";;;;;"";;2021-01-08 16:15:03 +0100;http://ecrivons.angers.fr/processes/BP2020/f/194/results/160;194;http://ecrivons.angers.fr/processes/BP2020/f/191/proposals/1473
162;170;Confort et embellissement de la ville;;"";;Bien éclairer pour mieux se voir - Projet n°06 - 50 000 €;<p>La Ville d'Angers va identifier et réaménager 10 passages piétons (répartis sur l'ensemble de la ville) en installant de nouvelles solutions d'éclairage afin d'améliorer leur visibilité et permettre ainsi une traversée plus sécurisée. </p>;2021-01-12;2021-12-31;;;"";;2021-01-11 10:43:08 +0100;http://ecrivons.angers.fr/processes/BP2020/f/194/results/162;194;""
161;164;La mobilité dans la ville;;"";;Expérimenter les vélorues à Angers- Projet n°30- 100 000 € ;<p>La Ville, va aménager en complémentarité avec le plan vélo, des rues où les cyclistes seront prioritaires afin de développer et d'optimiser la pratique du vélo. </p>;;;;;"";;2021-01-11 10:41:21 +0100;http://ecrivons.angers.fr/processes/BP2020/f/194/results/161;194;""
163;164;La mobilité dans la ville;;"";;Bornes de réparation et de gonflage pour vélo- Projet n°28- 40 000 €;<p>La Ville, va acquérir et installer 20 bornes de réparation et de gonflage pour les vélos, en accès libre et gratuit. Ces bornes seront réparties le long des grands axes structurant le réseau cyclables et en complémentarité avec les aménagements réalisés dans le cadre du plan vélo. </p>;;;;;"";;2021-01-11 10:58:03 +0100;http://ecrivons.angers.fr/processes/BP2020/f/194/results/163;194;http://ecrivons.angers.fr/processes/BP2020/f/191/proposals/1324, http://ecrivons.angers.fr/processes/BP2020/f/191/proposals/1616
