id;category/id;category/name/ca;scope/id;scope/name/ca;scope/name/es;scope/name/en;participatory_space/id;participatory_space/url;component/id;title;body;state;reference;answer/ca;answer/es;answer/en;supports;endorsements/total_count;endorsements/user_endorsements;comments;attachments;followers;published_at;url;meeting_urls;related_proposals;is_amend;original_proposal/title;original_proposal/url
980;135; 2.2. Cultura i oci;;"";"";"";78;http://decidim-castellbisbal.diba.cat/processes/elsilesjovesvolem?participatory_process_slug=elsilesjovesvolem;273;Tarda d'humor del nostre;Teatre de 1h / 1h 30 min on participessin diferents grups teatrals del poble. Una tarda dedicada a riure i desconnectar.  ;accepted;castellbisbal-PROP-2019-01-980;"";"";"";0;5;Anna Grima, Marc Kessels Solé, Laura Jou , Angel, Laura;0;0;2;2019-01-23 18:05:30 +0100;http://decidim-castellbisbal.diba.cat/processes/elsilesjovesvolem/f/273/proposals/980;"";"";false;;
979;135; 2.2. Cultura i oci;;"";"";"";78;http://decidim-castellbisbal.diba.cat/processes/elsilesjovesvolem?participatory_process_slug=elsilesjovesvolem;273;"Festa ""perquè sí""";Organitzar una festa amb DJ en alguna data on no n'hi hagi cap a prop. ;accepted;castellbisbal-PROP-2019-01-979;"";"";"";0;3;Anna Grima, Marc Kessels Solé, Laura Jou ;0;0;2;2019-01-23 18:02:44 +0100;http://decidim-castellbisbal.diba.cat/processes/elsilesjovesvolem/f/273/proposals/979;"";"";false;;
981;135; 2.2. Cultura i oci;;"";"";"";78;http://decidim-castellbisbal.diba.cat/processes/elsilesjovesvolem?participatory_process_slug=elsilesjovesvolem;273;Teatre als comerços;"Realitzar petites representacions teatrals/artístiques en petit ""comité"" a diferents comerços. Aquests comerços hauran d'estar a prop entre ells per tal que el grup que vegi les representacions hi pugui anar passant un rere l'altre, ajudats per un dinamitzador.";accepted;castellbisbal-PROP-2019-01-981;"";"";"";0;4;Marc Kessels Solé, Laura Jou , Anna Grima, Angel;0;0;2;2019-01-23 18:29:43 +0100;http://decidim-castellbisbal.diba.cat/processes/elsilesjovesvolem/f/273/proposals/981;"";"";false;;
915;132; 1.2. Cultura i oci;;"";"";"";78;http://decidim-castellbisbal.diba.cat/processes/elsilesjovesvolem?participatory_process_slug=elsilesjovesvolem;273;Taller skate/scooter;Farem 5 sessions d'skate i scooter al Parc de L'ermita, dinamitzades per dos monitors experts amb l'esport. Aquestes sessions seran molt útils per tal de poder iniciar-se a l'activitat o millorar en la mateixa;accepted;castellbisbal-PROP-2019-01-915;"";"";"";0;1;Imad;0;0;2;2019-01-15 17:43:51 +0100;http://decidim-castellbisbal.diba.cat/processes/elsilesjovesvolem/f/273/proposals/915;"";"";false;;
1158;132; 1.2. Cultura i oci;;"";"";"";78;http://decidim-castellbisbal.diba.cat/processes/elsilesjovesvolem?participatory_process_slug=elsilesjovesvolem;273;Impulsar un taller de videoclip;"Fer un taller de videoclips amb cançons creades per tots els i les joves.
Consistiria en 5 sessions: la primera d'explicació, la segona i la tercera de disseny i creació de la canço, la quarta és de grabació i la cinquena de grabació del videoclip.";accepted;castellbisbal-PROP-2019-03-1158;"";"";"";0;0;"";0;1;0;2019-03-04 14:12:09 +0100;http://decidim-castellbisbal.diba.cat/processes/elsilesjovesvolem/f/273/proposals/1158;"";"";false;;
1157;132; 1.2. Cultura i oci;;"";"";"";78;http://decidim-castellbisbal.diba.cat/processes/elsilesjovesvolem?participatory_process_slug=elsilesjovesvolem;273;Organitzar una festa amb DJ;Organitzar més festes amb DJ. Amb un horari adequat i bona música.;rejected;castellbisbal-PROP-2019-03-1157;<p>Manca de seguiment per part de la persona impulsora.</p>;"";"";0;0;"";0;1;0;2019-03-04 12:59:58 +0100;http://decidim-castellbisbal.diba.cat/processes/elsilesjovesvolem/f/273/proposals/1157;"";"";false;;
1161;132; 1.2. Cultura i oci;;"";"";"";78;http://decidim-castellbisbal.diba.cat/processes/elsilesjovesvolem?participatory_process_slug=elsilesjovesvolem;273;Festa del Tractor transit;"Poder disfrutar de nuevo del ""Tractor Transit"". Consisteix en desplazarse por el pueblo de noche i el tractor va con musica de todo tipo.";rejected;castellbisbal-PROP-2019-03-1161;<p>És una activitat de festa major</p>;"";"";0;0;"";0;1;0;2019-03-04 14:21:31 +0100;http://decidim-castellbisbal.diba.cat/processes/elsilesjovesvolem/f/273/proposals/1161;"";"";false;;
1159;131;1.1. Educació no reglada;;"";"";"";78;http://decidim-castellbisbal.diba.cat/processes/elsilesjovesvolem?participatory_process_slug=elsilesjovesvolem;273;Fer el curs de premonitors;Fer el curs de premonitors per adquirir els coneixements bàsics en activitats esportives i en els temps educatiu.;accepted;castellbisbal-PROP-2019-03-1159;"";"";"";0;0;"";0;1;0;2019-03-04 14:13:21 +0100;http://decidim-castellbisbal.diba.cat/processes/elsilesjovesvolem/f/273/proposals/1159;"";"";false;;
1162;132; 1.2. Cultura i oci;;"";"";"";78;http://decidim-castellbisbal.diba.cat/processes/elsilesjovesvolem?participatory_process_slug=elsilesjovesvolem;273;Competició al circuit d'autocross;La meva proposta és la de reparar i/o netejar el circuit d'autocròs perquè actualment sembla abandonat. Una vegada estigui en condicions, organitzar una competició.;rejected;castellbisbal-PROP-2019-03-1162;<p>Grans dificultats d'organització (s'ha de comptar amb la federació) i costos molt elevats (seguretat, serveis d'assistència, assegurances, jutges...).</p>;"";"";0;0;"";0;1;0;2019-03-04 14:23:44 +0100;http://decidim-castellbisbal.diba.cat/processes/elsilesjovesvolem/f/273/proposals/1162;"";"";false;;
914;132; 1.2. Cultura i oci;;"";"";"";78;http://decidim-castellbisbal.diba.cat/processes/elsilesjovesvolem?participatory_process_slug=elsilesjovesvolem;273;Taller de Street Art(Grafiti);Taller de Grafiti en 3 sessions: una per poder conèixer el món que l'envolta i dues pràctiques on pintarem un mural a la ciutat.;accepted;castellbisbal-PROP-2019-01-914;<p>Pendent de rebre pressupostos</p>;"";"";0;2;Imad, Éric;0;0;3;2019-01-15 17:36:10 +0100;http://decidim-castellbisbal.diba.cat/processes/elsilesjovesvolem/f/273/proposals/914;"";"";false;;
1160;132; 1.2. Cultura i oci;;"";"";"";78;http://decidim-castellbisbal.diba.cat/processes/elsilesjovesvolem?participatory_process_slug=elsilesjovesvolem;273;Fer un taller de defensa personal;Algún professional que ensenyi als i les joves de Castellbilsbal tècniques de defensa personal en diferents àmbits (mínim dues sessions). Hauria de comptar amb un mínim de dues sessions.;accepted;castellbisbal-PROP-2019-03-1160;"";"";"";0;2;Lorena, Georgia;1;1;0;2019-03-04 14:14:44 +0100;http://decidim-castellbisbal.diba.cat/processes/elsilesjovesvolem/f/273/proposals/1160;"";"";false;;
946;132; 1.2. Cultura i oci;;"";"";"";78;http://decidim-castellbisbal.diba.cat/processes/elsilesjovesvolem?participatory_process_slug=elsilesjovesvolem;273;Poetry slam/ recital de poesia;"Una poetry slam consisteix en fer un recital de poesia però diferent, a grans termes és teatralitzar la poesia. Estaria bé portar a gent que hi enten sobre el tema perque puguin fer una actuació/demostració.
Encara que també seria clau que les i els joves del poble participessin. 
Després de la Poetry Slam es podria fer una sessió de micro obert.";accepted;castellbisbal-PROP-2019-01-946;"";"";"";0;4;Anna Grima, Marc Kessels Solé, Laura Jou , Lorena;0;0;1;2019-01-20 21:44:14 +0100;http://decidim-castellbisbal.diba.cat/processes/elsilesjovesvolem/f/273/proposals/946;"";"";false;;
947;132; 1.2. Cultura i oci;;"";"";"";78;http://decidim-castellbisbal.diba.cat/processes/elsilesjovesvolem?participatory_process_slug=elsilesjovesvolem;273;Exposició d'art jove;Fer una exposició d'art dels joves del terme. Es pot incentivar amb diferents tallers de pintura i art.;accepted;castellbisbal-PROP-2019-01-947;"";"";"";0;4;Anna Grima, Marc Kessels Solé, Angel, Lorena;0;0;3;2019-01-20 21:50:03 +0100;http://decidim-castellbisbal.diba.cat/processes/elsilesjovesvolem/f/273/proposals/947;"";"";false;;
749;;"";;"";"";"";78;http://decidim-castellbisbal.diba.cat/processes/elsilesjovesvolem?participatory_process_slug=elsilesjovesvolem;273;Exemple 1a Trobada Jove: Torneig de Billar;Fer un Torneig de Billar a l'espai jove ;rejected;castellbisbal-PROP-2018-12-749;<p>Exemple municipal</p>;"";"";0;0;"";0;0;0;2018-12-14 17:58:42 +0100;http://decidim-castellbisbal.diba.cat/processes/elsilesjovesvolem/f/273/proposals/749;"";"";false;;
1150;132; 1.2. Cultura i oci;;"";"";"";78;http://decidim-castellbisbal.diba.cat/processes/elsilesjovesvolem?participatory_process_slug=elsilesjovesvolem;273;Taller de tunning;"Taller d´aprenentage de mecànica bàsica adreçat a joves de més de 16 anys (reparacions,
neteja i manteniment).
Coneixement del tuning (personalització de l´automòvil modificant aspecte i característiques
tècniques) i reformes homologades (què puc canviar i què no?)";rejected;castellbisbal-PROP-2019-02-1150;"<p>No s'ha trobat cap&nbsp;professional&nbsp;que pugui dur a terme el taller.</p>";"";"";0;0;"";0;1;1;2019-02-27 17:12:11 +0100;http://decidim-castellbisbal.diba.cat/processes/elsilesjovesvolem/f/273/proposals/1150;"";"";false;;
1152;132; 1.2. Cultura i oci;;"";"";"";78;http://decidim-castellbisbal.diba.cat/processes/elsilesjovesvolem?participatory_process_slug=elsilesjovesvolem;273;Taller de Calistenia;"- Charla informativa sobre calistenia.
- Exhibición de calistenia.
- Competiciones";accepted;castellbisbal-PROP-2019-02-1152;"";"";"";0;0;"";0;0;1;2019-02-28 18:13:23 +0100;http://decidim-castellbisbal.diba.cat/processes/elsilesjovesvolem/f/273/proposals/1152;"";"";false;;
1147;132; 1.2. Cultura i oci;;"";"";"";78;http://decidim-castellbisbal.diba.cat/processes/elsilesjovesvolem?participatory_process_slug=elsilesjovesvolem;273;Festa de nit d´estiu;"Festa nocturna amb DJ i música que poden escollir els joves mitjançant les xarxes socials (Instagram).
";accepted;castellbisbal-PROP-2019-02-1147;"";"";"";0;0;"";0;1;1;2019-02-27 15:42:47 +0100;http://decidim-castellbisbal.diba.cat/processes/elsilesjovesvolem/f/273/proposals/1147;"";"";false;;
1008;131;1.1. Educació no reglada;;"";"";"";78;http://decidim-castellbisbal.diba.cat/processes/elsilesjovesvolem?participatory_process_slug=elsilesjovesvolem;273;Semana de la sexualitat;"Realitzar una setmana de tallers i cursos dedicats a una educació sexual de qualitat i propera als joves, una educació que aporti un punt de vista actual i sense tabús a les relacions amoroses i físiques entre individus, incloent les relacions i aspectes no ""tradicionals"" que hi són presents.  A més de la sensibilització sobre temes de desigualtat i altres situacions de risc.";accepted;castellbisbal-PROP-2019-01-1008;<p>Aquesta proposta s'ha incorporat en la categoria 19-29 anys</p>;"";"";0;4;Marc Kessels Solé, Laura Jou , Anna Grima, Angel;0;0;3;2019-01-24 16:17:35 +0100;http://decidim-castellbisbal.diba.cat/processes/elsilesjovesvolem/f/273/proposals/1008;"";"";false;;
3680;423;Cohesió social;;"";"";"";238;http://decidim-castellbisbal.diba.cat/processes/elsilesjovesvolem2020?participatory_process_slug=elsilesjovesvolem2020;1061;Taller de fotografia de retrat Reflex.;Amb varies sesions tractaríem tots el processos presents a la creació d'una fotografia: Composició, paràmetres manuals de la càmara i treball de post-producció. S'explicarían regles de composició i coneixemets tècnics sobre càmeres digitals.;accepted;castellbisbal-PROP-2020-02-3680;"";"";"";0;1;Carlamat ;0;0;11;2020-02-19 11:21:07 +0100;http://decidim-castellbisbal.diba.cat/processes/elsilesjovesvolem2020/f/1061/proposals/3680;"";"";false;;
3698;423;Cohesió social;;"";"";"";238;http://decidim-castellbisbal.diba.cat/processes/elsilesjovesvolem2020?participatory_process_slug=elsilesjovesvolem2020;1061;Curs d'anglès alternatiu;Curs d'anglès amb metodologia alternativa focalitzat en l'speaking;accepted;castellbisbal-PROP-2020-02-3698;"";"";"";0;1;Carlamat ;0;1;11;2020-02-22 22:32:30 +0100;http://decidim-castellbisbal.diba.cat/processes/elsilesjovesvolem2020/f/1061/proposals/3698;"";"";false;;
3522;423;Cohesió social;;"";"";"";238;http://decidim-castellbisbal.diba.cat/processes/elsilesjovesvolem2020?participatory_process_slug=elsilesjovesvolem2020;1061;Taller Videoclip;Taller d'Edició i produccó de videoclips (individuals);accepted;castellbisbal-PROP-2020-02-3522;"";"";"";0;1;Carlamat ;0;1;11;2020-02-12 18:37:36 +0100;http://decidim-castellbisbal.diba.cat/processes/elsilesjovesvolem2020/f/1061/proposals/3522;"";"";false;;
3668;423;Cohesió social;;"";"";"";238;http://decidim-castellbisbal.diba.cat/processes/elsilesjovesvolem2020?participatory_process_slug=elsilesjovesvolem2020;1061;Taller de curtmetratge;Es realitzarà un  taller de curtmetratge on s'escollirà la temàtica i el guió.;accepted;castellbisbal-PROP-2020-02-3668;"";"";"";0;1;Carlamat ;0;1;12;2020-02-17 11:04:42 +0100;http://decidim-castellbisbal.diba.cat/processes/elsilesjovesvolem2020/f/1061/proposals/3668;"";"";false;;
3667;422;Benestar;;"";"";"";238;http://decidim-castellbisbal.diba.cat/processes/elsilesjovesvolem2020?participatory_process_slug=elsilesjovesvolem2020;1061;Coaching Motivacional;Vindrà algú que ens motivarà i ens inculcarà valors per créixer personalment;accepted;castellbisbal-PROP-2020-02-3667;"";"";"";0;0;"";0;1;11;2020-02-17 10:21:54 +0100;http://decidim-castellbisbal.diba.cat/processes/elsilesjovesvolem2020/f/1061/proposals/3667;"";"";false;;
3524;423;Cohesió social;;"";"";"";238;http://decidim-castellbisbal.diba.cat/processes/elsilesjovesvolem2020?participatory_process_slug=elsilesjovesvolem2020;1061;Taller de Ping Pong;Campionat de Ping Pong;accepted;castellbisbal-PROP-2020-02-3524;"";"";"";0;0;"";0;1;11;2020-02-12 18:53:44 +0100;http://decidim-castellbisbal.diba.cat/processes/elsilesjovesvolem2020/f/1061/proposals/3524;"";"";false;;
3453;422;Benestar;;"";"";"";238;http://decidim-castellbisbal.diba.cat/processes/elsilesjovesvolem2020?participatory_process_slug=elsilesjovesvolem2020;1061;Taller Tastet internacional;Realitzar un tastet de menjar de diferents països ( exemple: pakistan, india, marroc, Bulgaria, Russia, Macedònia, Nicaragua, ...);accepted;castellbisbal-PROP-2020-02-3453;"";"";"";0;0;"";0;1;11;2020-02-05 19:29:03 +0100;http://decidim-castellbisbal.diba.cat/processes/elsilesjovesvolem2020/f/1061/proposals/3453;"";"";false;;
3686;423;Cohesió social;;"";"";"";238;http://decidim-castellbisbal.diba.cat/processes/elsilesjovesvolem2020?participatory_process_slug=elsilesjovesvolem2020;1061;Taller de defensa personal (muay Thai );Aprendre tècniques de defensa personal d'aquesta disciplina;accepted;castellbisbal-PROP-2020-02-3686;"";"";"";0;0;"";0;1;11;2020-02-19 17:50:27 +0100;http://decidim-castellbisbal.diba.cat/processes/elsilesjovesvolem2020/f/1061/proposals/3686;"";"";false;;
3452;423;Cohesió social;;"";"";"";238;http://decidim-castellbisbal.diba.cat/processes/elsilesjovesvolem2020?participatory_process_slug=elsilesjovesvolem2020;1061;Curs Defensa personal aplicada a la boxa per a dones;"Curs on s'aprenguin tècniques i competències de la boxa aplicat a la defensa personal per dones.


12 sessions (dues per setmana)
Durant un mes (Juliol)";accepted;castellbisbal-PROP-2020-02-3452;"";"";"";0;0;"";0;1;11;2020-02-05 19:13:50 +0100;http://decidim-castellbisbal.diba.cat/processes/elsilesjovesvolem2020/f/1061/proposals/3452;"";"";false;;
3703;423;Cohesió social;;"";"";"";238;http://decidim-castellbisbal.diba.cat/processes/elsilesjovesvolem2020?participatory_process_slug=elsilesjovesvolem2020;1061;Festa perquè si!;Festa perquè si! IIª edició;rejected;castellbisbal-PROP-2020-02-3703;<p>Aquesta proposta ha estat rebutjada per superar el pressupost per projecte establert a les bases del procés.</p>;"";"";0;0;"";0;1;11;2020-02-24 09:35:55 +0100;http://decidim-castellbisbal.diba.cat/processes/elsilesjovesvolem2020/f/1061/proposals/3703;"";"";false;;
3676;423;Cohesió social;;"";"";"";238;http://decidim-castellbisbal.diba.cat/processes/elsilesjovesvolem2020?participatory_process_slug=elsilesjovesvolem2020;1061;Taller de producció de música electrònica i urbana;Taller d'aprenentatge de producció musical bàsic;evaluating;castellbisbal-PROP-2020-02-3676;<p>Aquesta proposta correspon a la categoria de projectes col·lectius.</p><p>La trobareu a: https://decidim-castellbisbal.diba.cat/processes/elsilesjovesvolem2020/f/1066/proposals/4391</p>;"";"";0;0;"";0;1;11;2020-02-18 17:23:24 +0100;http://decidim-castellbisbal.diba.cat/processes/elsilesjovesvolem2020/f/1061/proposals/3676;"";"";false;;
3450;423;Cohesió social;;"";"";"";238;http://decidim-castellbisbal.diba.cat/processes/elsilesjovesvolem2020?participatory_process_slug=elsilesjovesvolem2020;1061;Taller teatral autogestionat;"Realització d'un taller de teatre distribuit en vàries sessions per tal d'organitzar i decidir: la temàtica, el guió, el vestuari, l'escenografia, etc...
A continuació es farien els assajos a l'espai jove i una representació final a l'auditori.";evaluating;castellbisbal-PROP-2020-02-3450;<p>Aquesta proposta correspon a la categoria de projectes col·lectius.</p><p>La trobareu a: https://decidim-castellbisbal.diba.cat/processes/elsilesjovesvolem2020/f/1066/proposals/4389</p>;"";"";0;0;"";0;0;12;2020-02-04 19:15:35 +0100;http://decidim-castellbisbal.diba.cat/processes/elsilesjovesvolem2020/f/1061/proposals/3450;"";"";false;;
3699;423;Cohesió social;;"";"";"";238;http://decidim-castellbisbal.diba.cat/processes/elsilesjovesvolem2020?participatory_process_slug=elsilesjovesvolem2020;1061;Festa perquè si!;Degut a l’èxit de la Festa perquè si! de l’any passat, decidim tornar a llançar la proposta amb voluntat de que perduri. És una festa sense motiu aparent, on l’únic objectiu és afiançar les xarxes socials joves del poble, aprofitant unes dates sense cap festivitat a prop, per desconnectar i oblidar-se de l’imminent inici de curs. Una cloenda d’estiu com Déu mana!;withdrawn;castellbisbal-PROP-2020-02-3699;"";"";"";0;0;"";0;1;11;2020-02-23 20:12:09 +0100;http://decidim-castellbisbal.diba.cat/processes/elsilesjovesvolem2020/f/1061/proposals/3699;"";"";false;;
3523;;"";;"";"";"";238;http://decidim-castellbisbal.diba.cat/processes/elsilesjovesvolem2020?participatory_process_slug=elsilesjovesvolem2020;1061;Taller de Defensa Personal;Taller de defensa personal (muay Thai);withdrawn;castellbisbal-PROP-2020-02-3523;"";"";"";0;0;"";0;0;11;2020-02-12 18:42:35 +0100;http://decidim-castellbisbal.diba.cat/processes/elsilesjovesvolem2020/f/1061/proposals/3523;"";"";false;;
3451;;"";;"";"";"";238;http://decidim-castellbisbal.diba.cat/processes/elsilesjovesvolem2020?participatory_process_slug=elsilesjovesvolem2020;1061;Producció de música electrònica i urbana;"Taller d'aprenentatge de producció musical bàsica de 6-8 sessions, on s'ensenyaran conceptes bàsics (acords, estructura, ""mescla""...).
A continuació es posaran en pràctica els continguts i es crearà un tema conjuntament amb les idees i criteri dels/les joves.";withdrawn;castellbisbal-PROP-2020-02-3451;"";"";"";0;0;"";2;1;11;2020-02-04 19:51:09 +0100;http://decidim-castellbisbal.diba.cat/processes/elsilesjovesvolem2020/f/1061/proposals/3451;"";"";false;;
3311;422;Benestar;;"";"";"";238;http://decidim-castellbisbal.diba.cat/processes/elsilesjovesvolem2020?participatory_process_slug=elsilesjovesvolem2020;1061;Aaaaaaaaaaaaaaaa;Aaaaaaaaaaaaa aaaaa;"";castellbisbal-PROP-2020-01-3311;"";"";"";0;0;"";0;0;10;2020-01-08 12:31:49 +0100;http://decidim-castellbisbal.diba.cat/processes/elsilesjovesvolem2020/f/1061/proposals/3311;"";"";false;;
3700;422;Benestar;;"";"";"";238;http://decidim-castellbisbal.diba.cat/processes/elsilesjovesvolem2020?participatory_process_slug=elsilesjovesvolem2020;1066;Setmana de la Sexualitat;"Reprenent el projecte de l’any 2019, ens agradaria tornar a proposar la Setmana de la Sexualitat; aquest cop enfocant-la a una temàtica en concret. Seria, de nou, una setmana on es durien a terme diverses activitats interrelacionades per la temàtica, i coincidiria amb l’última setmana de novembre o la primera de desembre, quedant a prop del Dia de la SIDA. La nostra proposta de temàtica, totalment modificable i oficialment oberta a debat, és Pràctiques / Tendències sexuals poc conegudes o reconegudes.";accepted;castellbisbal-PROP-2020-02-3700;"";"";"";0;3;Ángel, Héctor, Carlamat ;0;0;11;2020-02-23 20:17:13 +0100;http://decidim-castellbisbal.diba.cat/processes/elsilesjovesvolem2020/f/1066/proposals/3700;"";"";false;;
3701;423;Cohesió social;;"";"";"";238;http://decidim-castellbisbal.diba.cat/processes/elsilesjovesvolem2020?participatory_process_slug=elsilesjovesvolem2020;1066;Exhibició de Poetry Slam;Proposem dues opcions. D’una banda, una nova exhibició de poetry, probablement coincident amb la data del Festival integrat d’art jove, on portarem artistes slammers a fer una sessió d’exposició de l’art. O bé, demanar a alguna seu de slam propera (Sant Boi, Santa Coloma) que ens cedís una de les competicions per fer de Castellbisbal una seu de poetry espontània.;accepted;castellbisbal-PROP-2020-02-3701;"";"";"";0;3;Ángel, Héctor, Carlamat ;0;0;11;2020-02-23 20:18:18 +0100;http://decidim-castellbisbal.diba.cat/processes/elsilesjovesvolem2020/f/1066/proposals/3701;"";"";false;;
3702;423;Cohesió social;;"";"";"";238;http://decidim-castellbisbal.diba.cat/processes/elsilesjovesvolem2020?participatory_process_slug=elsilesjovesvolem2020;1066;Festival integrat d'art jove;"Reprenent el I Festival d’art jove de l’any 2019; volem tornar a proposar la iniciativa donanr-li una volta més. Presentem un Festival integrat d’art jove, on s’inclourà una exposició dinàmica i una exposició estatica, dividides durant el dia, incloent nocturnitat. Ens agradaria aquest any, poder realitzar el tatuatge en directe.";accepted;castellbisbal-PROP-2020-02-3702;"";"";"";0;2;Ángel, Héctor;1;0;11;2020-02-23 20:20:58 +0100;http://decidim-castellbisbal.diba.cat/processes/elsilesjovesvolem2020/f/1066/proposals/3702;"";"";false;;
3688;423;Cohesió social;;"";"";"";238;http://decidim-castellbisbal.diba.cat/processes/elsilesjovesvolem2020?participatory_process_slug=elsilesjovesvolem2020;1066;Tarda d'humor con limón;L’any passat vam presentar a Hector Joan, amb el seu espectacle en solitari Cuento en blanco. Degut a la bona rebuda que va tenir, volem portar Impro con limón, la companyia de teatre d’improvisació de la qual l’artista Hector Joan forma part. Ens plantegem també la contractació d’alguna petita obra de teatre còmica de 15 – 20 minuts.;accepted;castellbisbal-PROP-2020-02-3688;"";"";"";0;2;Ángel, Héctor;0;1;11;2020-02-23 20:15:59 +0100;http://decidim-castellbisbal.diba.cat/processes/elsilesjovesvolem2020/f/1066/proposals/3688;"";"";false;;
4384;423;Cohesió social;;"";"";"";238;http://decidim-castellbisbal.diba.cat/processes/elsilesjovesvolem2020?participatory_process_slug=elsilesjovesvolem2020;1066;Taller teatral autogestionat;"Realització d'un taller de teatre distribuït en vàries sessions per tal d'organitzar i decidir: la temàtica, el guió, el vestuari, l'escenografia, etc...
A continuació es farien els assajos a l'espai jove i una representació final a l'auditori.
- Presentada per: @CarmenMantas
- a: https://decidim-castellbisbal.diba.cat/processes/elsilesjovesvolem2020/f/1061/proposals/3450";rejected;castellbisbal-PROP-2020-04-4384;<p>error</p>;"";"";0;0;"";0;1;10;2020-04-30 13:16:05 +0200;http://decidim-castellbisbal.diba.cat/processes/elsilesjovesvolem2020/f/1066/proposals/4384;"";"";false;;
4385;423;Cohesió social;;"";"";"";238;http://decidim-castellbisbal.diba.cat/processes/elsilesjovesvolem2020?participatory_process_slug=elsilesjovesvolem2020;1066;Taller de producció de música electrònica i urbana;"Taller d'aprenentatge de producció musical bàsic
- Presentada per:  @Maikal
- a: https://decidim-castellbisbal.diba.cat/processes/elsilesjovesvolem2020/f/1061/proposals/3676";rejected;castellbisbal-PROP-2020-04-4385;<p>error</p>;"";"";0;0;"";0;1;10;2020-04-30 13:22:20 +0200;http://decidim-castellbisbal.diba.cat/processes/elsilesjovesvolem2020/f/1066/proposals/4385;"";"";false;;
4391;423;Cohesió social;;"";"";"";238;http://decidim-castellbisbal.diba.cat/processes/elsilesjovesvolem2020?participatory_process_slug=elsilesjovesvolem2020;1066;Producció de música electrònica i urbana;"Taller d'aprenentatge de producció musical on s'ensenyarà conceptes bàsics (estructura, melodia...)
Presentada per @Maikal
https://decidim-castellbisbal.diba.cat/processes/elsilesjovesvolem2020/f/1061/proposals/3676";accepted;castellbisbal-PROP-2020-04-4391;"";"";"";0;0;"";0;0;10;2020-04-30 14:25:11 +0200;http://decidim-castellbisbal.diba.cat/processes/elsilesjovesvolem2020/f/1066/proposals/4391;"";"";false;;
4389;423;Cohesió social;;"";"";"";238;http://decidim-castellbisbal.diba.cat/processes/elsilesjovesvolem2020?participatory_process_slug=elsilesjovesvolem2020;1066;Taller teatral autogestionat;"Taller teatral autogestionat pels propis joves, que seran els protagonistes del taller i escolliran la temàtica, el guió, el vestuari, distribució de papers, l'escenografia, etc. Després de l'assaig es durà a terme una representació sobre tot el que han treballat. 
Presentada per @CarmenMantas";accepted;castellbisbal-PROP-2020-04-4389;<p>Aquesta proposta ha estat acceptada després de moure-la de les propostes particulars: https://decidim-castellbisbal.diba.cat/processes/elsilesjovesvolem2020/f/1061/proposals/3450</p>;"";"";0;0;"";0;0;10;2020-04-30 14:20:08 +0200;http://decidim-castellbisbal.diba.cat/processes/elsilesjovesvolem2020/f/1066/proposals/4389;"";"";false;;
3695;422;Benestar;;"";"";"";238;http://decidim-castellbisbal.diba.cat/processes/elsilesjovesvolem2020?participatory_process_slug=elsilesjovesvolem2020;1066;I tu, ets addicte als videojocs?;Aquest projecte consisteix en contactar amb psicòlegs, experts i associacions sobre l’addicció als videojocs per tal que realitzin xerrades informatives i tallers participatius. El que volem oferir als joves i les seves famílies és saber com ens afecten quan hi juguem moltes hores i que ens expliquin perquè és perjudicial per la nostra salut mental. També vindran persones que van patir aquesta addicció i ens explicaran com ha sigut la seva experiència en tota la rehabilitació. Vosaltres també podreu preguntar el que vulgueu!;accepted;castellbisbal-PROP-2020-02-3695;"";"";"";0;0;"";0;0;11;2020-02-21 10:52:20 +0100;http://decidim-castellbisbal.diba.cat/processes/elsilesjovesvolem2020/f/1066/proposals/3695;"";"";false;;
3696;;"";;"";"";"";238;http://decidim-castellbisbal.diba.cat/processes/elsilesjovesvolem2020?participatory_process_slug=elsilesjovesvolem2020;1066;Torneig de VideoJocs;"Farem un torneig dels videojocs preferits pels joves del poble al pavelló de l'escola Monsterrat. Els 3 millors de cada categoria obtindran un premi (per exemple: una consola, videojocs, etc.). Els concursants que guanyin la seva partida aniran passant de ronda fins arrivar a la final. La inscripició al concurs es farà través d'una pàgina web què inclourà una enquesta per decidir a quins jocs es jugarà.

Si no tens por de perdre a la primera ronda atreveix-te a jugar!";rejected;castellbisbal-PROP-2020-02-3696;<p>Aquesta proposta ha estat rebutjada per superar el pressupost per projecte establert a les bases del procés.</p>;"";"";0;0;"";0;1;11;2020-02-21 11:22:04 +0100;http://decidim-castellbisbal.diba.cat/processes/elsilesjovesvolem2020/f/1066/proposals/3696;"";"";false;;
3694;423;Cohesió social;;"";"";"";238;http://decidim-castellbisbal.diba.cat/processes/elsilesjovesvolem2020?participatory_process_slug=elsilesjovesvolem2020;1066;Torneig de VideoJocs;"Farem un torneig dels videojocs preferits pels joves del poble al pavelló de l'escola Monsterrat. Els 3 millors de cada categoria  obtindran un premi (per exemple: una consola, videojocs, etc.). Els concursants que guanyin la seva partida aniran passant de ronda fins arrivar a la final. La inscripició al concurs es farà través d'una pàgina web què inclourà una enquesta per decidir a quins jocs es jugarà. 

Si no tens por de perdre a la primera ronda atreveix-te a jugar!";withdrawn;castellbisbal-PROP-2020-02-3694;"";"";"";0;0;"";0;0;11;2020-02-21 10:46:44 +0100;http://decidim-castellbisbal.diba.cat/processes/elsilesjovesvolem2020/f/1066/proposals/3694;"";"";false;;
