id;category/id;category/name;scope/id;scope/name;participatory_space/id;participatory_space/url;component/id;title/ca;description/ca;start_time;end_time;attendees;contributions;organizations;address;location/ca;reference;comments;attachments;followers;url;related_proposals;related_results
135;;;;;78;http://decidim-castellbisbal.diba.cat/processes/elsilesjovesvolem?participatory_process_slug=elsilesjovesvolem;272;PRESENTACiÓ DEL PROCÉS PELS PRESSUPOSTOS PARTICIPATIUS JOVES 2019 _________ .;"<p>Si tens <strong>entre 14 i 29 anys</strong>, et convidem a participar als <strong>Pressupostos Participatius Joves 2019</strong>.</p><p><strong>El 14 de desembre ens trobarem a l'Espai Jove d'Els Costals per presentar el procés</strong>. Podràs fer-hi les primeres propostes. </p><p>També les podràs fer arribar, fins al dia 30 de gener, a través d'aquesta plataforma de participació digital: <a href=""https://decidim-castellbisbal.diba.cat/"" target=""_blank"">https://decidim-castellbisbal.diba.cat/</a></p><p><strong>Vine i digues la teva!</strong></p>";2018-12-14 17:00:00;2018-12-14 19:00:00;0;0;;Avinguda de Pau Casals, 16, 08755 Castellbisbal, Barcelona;Espai Jove d'Els Costals;castellbisbal-MEET-2018-12-135;0;0;1;http://decidim-castellbisbal.diba.cat/processes/elsilesjovesvolem/f/272/meetings/135;"";""
204;;;;;78;http://decidim-castellbisbal.diba.cat/processes/elsilesjovesvolem?participatory_process_slug=elsilesjovesvolem;272;Presentació projectes finalistes i primeres votacions;<p>En aquesta trobada es presentaran els projectes que passen a la fase de votació. Les persones joves que han presentat propostes de projectes i han treballat amb el Servei de Joventut per a la definció de les diferents activitats presentaran els seus propis projectes. </p><p>En aquesta sessió aprofitarem per treballar aspectes vinculatsa la votació dels projectes i a la dinamització de les votacions del procés. </p>;2019-03-13 17:00:00;2019-03-13 19:00:00;22;0;"'- Joves.
- Educadors de carrer.
- Secció de joventut.
- Secció de participació."; Avinguda de Pau Casals, 16, 08755 Castellbisbal, Barcelona;Espai Jove d'Els Costals;castellbisbal-MEET-2019-03-204;0;1;0;http://decidim-castellbisbal.diba.cat/processes/elsilesjovesvolem/f/272/meetings/204;"";""
137;;;;;78;http://decidim-castellbisbal.diba.cat/processes/elsilesjovesvolem?participatory_process_slug=elsilesjovesvolem;272;SESSiÓ DE VALORACIÓ PROCÉS PELS PRESSUPOSTOS PARTICIPATIUS JOVES 2019 _________ .;<p>[PROPERAMENT TOTA LA INFORMACIÓ]</p>;2019-01-30 17:00:00;2019-01-30 19:00:00;15;18;"'- La jugada.
- Servei de Joventut Castellbisbal";Avinguda de Pau Casals, 16, 08755 Castellbisbal, Barcelona;Espai Jove d'Els Costals;castellbisbal-MEET-2018-12-137;0;1;1;http://decidim-castellbisbal.diba.cat/processes/elsilesjovesvolem/f/272/meetings/137;"";""
424;;;;;238;http://decidim-castellbisbal.diba.cat/processes/elsilesjovesvolem2020?participatory_process_slug=elsilesjovesvolem2020;1060;PRESENTACIÓ DEL PROCÉS PELS PRESSUPOSTOS PARTICIPATIUS JOVES 2020 ;"<p>Si tens&nbsp;entre 14 i 29 anys, et convidem a participar als&nbsp;Pressupostos Participatius Joves 2020.</p><p>El 30 de gener ens trobarem a l'Espai Jove d'Els Costals per presentar el procés. Podràs fer-hi les primeres propostes.</p><p>També les podràs fer arribar, fins al dia 24 de febrer, a través d'aquesta plataforma de participació digital:&nbsp;<a href=""https://decidim-castellbisbal.diba.cat/"" target=""_blank"">https://decidim-castellbisbal.diba.cat/</a></p>";2020-01-30 18:00:00;2020-01-30 20:00:00;0;0;;Avinguda de Pau Casals, 16, 08755 Castellbisbal, Barcelona;ESPAI JOVE D'ELS COSTALS;castellbisbal-MEET-2020-01-424;0;1;10;http://decidim-castellbisbal.diba.cat/processes/elsilesjovesvolem2020/f/1060/meetings/424;"";""
