id;category/id;category/name/ca;scope/id;scope/name/ca;scope/name/es;scope/name/en;participatory_space/id;participatory_space/url;component/id;title/ca;body/ca;state;reference;answer/ca;answer/es;answer/en;supports;endorsements/total_count;endorsements/user_endorsements;comments;attachments;followers;published_at;url;meeting_urls;related_proposals;is_amend;original_proposal/title;original_proposal/url
1162;132; 1.2. Cultura i oci;;"";"";"";78;http://decidim-castellbisbal.diba.cat/processes/elsilesjovesvolem?participatory_process_slug=elsilesjovesvolem;273;Competició al circuit d'autocross;La meva proposta és la de reparar i/o netejar el circuit d'autocròs perquè actualment sembla abandonat. Una vegada estigui en condicions, organitzar una competició.;rejected;castellbisbal-PROP-2019-03-1162;<p>Grans dificultats d'organització (s'ha de comptar amb la federació) i costos molt elevats (seguretat, serveis d'assistència, assegurances, jutges...).</p>;"";"";0;0;"";0;1;0;2019-03-04 14:23:44 UTC;http://decidim-castellbisbal.diba.cat/processes/elsilesjovesvolem/f/273/proposals/1162;"";"";false;;
1160;132; 1.2. Cultura i oci;;"";"";"";78;http://decidim-castellbisbal.diba.cat/processes/elsilesjovesvolem?participatory_process_slug=elsilesjovesvolem;273;Fer un taller de defensa personal;Algún professional que ensenyi als i les joves de Castellbilsbal tècniques de defensa personal en diferents àmbits (mínim dues sessions). Hauria de comptar amb un mínim de dues sessions.;accepted;castellbisbal-PROP-2019-03-1160;"";"";"";0;2;Lorena, Georgia;1;1;0;2019-03-04 14:14:44 UTC;http://decidim-castellbisbal.diba.cat/processes/elsilesjovesvolem/f/273/proposals/1160;"";"";false;;
1159;131;1.1. Educació no reglada;;"";"";"";78;http://decidim-castellbisbal.diba.cat/processes/elsilesjovesvolem?participatory_process_slug=elsilesjovesvolem;273;Fer el curs de premonitors;Fer el curs de premonitors per adquirir els coneixements bàsics en activitats esportives i en els temps educatiu.;accepted;castellbisbal-PROP-2019-03-1159;"";"";"";0;0;"";0;1;0;2019-03-04 14:13:21 UTC;http://decidim-castellbisbal.diba.cat/processes/elsilesjovesvolem/f/273/proposals/1159;"";"";false;;
1158;132; 1.2. Cultura i oci;;"";"";"";78;http://decidim-castellbisbal.diba.cat/processes/elsilesjovesvolem?participatory_process_slug=elsilesjovesvolem;273;Impulsar un taller de videoclip;"Fer un taller de videoclips amb cançons creades per tots els i les joves.
Consistiria en 5 sessions: la primera d'explicació, la segona i la tercera de disseny i creació de la canço, la quarta és de grabació i la cinquena de grabació del videoclip.";accepted;castellbisbal-PROP-2019-03-1158;"";"";"";0;0;"";0;1;0;2019-03-04 14:12:09 UTC;http://decidim-castellbisbal.diba.cat/processes/elsilesjovesvolem/f/273/proposals/1158;"";"";false;;
1157;132; 1.2. Cultura i oci;;"";"";"";78;http://decidim-castellbisbal.diba.cat/processes/elsilesjovesvolem?participatory_process_slug=elsilesjovesvolem;273;Organitzar una festa amb DJ;Organitzar més festes amb DJ. Amb un horari adequat i bona música.;rejected;castellbisbal-PROP-2019-03-1157;<p>Manca de seguiment per part de la persona impulsora.</p>;"";"";0;0;"";0;1;0;2019-03-04 12:59:58 UTC;http://decidim-castellbisbal.diba.cat/processes/elsilesjovesvolem/f/273/proposals/1157;"";"";false;;
1152;132; 1.2. Cultura i oci;;"";"";"";78;http://decidim-castellbisbal.diba.cat/processes/elsilesjovesvolem?participatory_process_slug=elsilesjovesvolem;273;Taller de Calistenia;"'- Charla informativa sobre calistenia.
- Exhibición de calistenia.
- Competiciones";accepted;castellbisbal-PROP-2019-02-1152;"";"";"";0;0;"";0;0;1;2019-02-28 18:13:23 UTC;http://decidim-castellbisbal.diba.cat/processes/elsilesjovesvolem/f/273/proposals/1152;"";"";false;;
1150;132; 1.2. Cultura i oci;;"";"";"";78;http://decidim-castellbisbal.diba.cat/processes/elsilesjovesvolem?participatory_process_slug=elsilesjovesvolem;273;Taller de tunning;"Taller d´aprenentage de mecànica bàsica adreçat a joves de més de 16 anys (reparacions,
neteja i manteniment).
Coneixement del tuning (personalització de l´automòvil modificant aspecte i característiques
tècniques) i reformes homologades (què puc canviar i què no?)";rejected;castellbisbal-PROP-2019-02-1150;"<p>No s'ha trobat cap&nbsp;professional&nbsp;que pugui dur a terme el taller.</p>";"";"";0;0;"";0;1;1;2019-02-27 17:12:11 UTC;http://decidim-castellbisbal.diba.cat/processes/elsilesjovesvolem/f/273/proposals/1150;"";"";false;;
1147;132; 1.2. Cultura i oci;;"";"";"";78;http://decidim-castellbisbal.diba.cat/processes/elsilesjovesvolem?participatory_process_slug=elsilesjovesvolem;273;Festa de nit d´estiu;"Festa nocturna amb DJ i música que poden escollir els joves mitjançant les xarxes socials (Instagram).
";accepted;castellbisbal-PROP-2019-02-1147;"";"";"";0;0;"";0;1;1;2019-02-27 15:42:47 UTC;http://decidim-castellbisbal.diba.cat/processes/elsilesjovesvolem/f/273/proposals/1147;"";"";false;;
1008;131;1.1. Educació no reglada;;"";"";"";78;http://decidim-castellbisbal.diba.cat/processes/elsilesjovesvolem?participatory_process_slug=elsilesjovesvolem;273;Semana de la sexualitat;"Realitzar una setmana de tallers i cursos dedicats a una educació sexual de qualitat i propera als joves, una educació que aporti un punt de vista actual i sense tabús a les relacions amoroses i físiques entre individus, incloent les relacions i aspectes no ""tradicionals"" que hi són presents.  A més de la sensibilització sobre temes de desigualtat i altres situacions de risc.";accepted;castellbisbal-PROP-2019-01-1008;<p>Aquesta proposta s'ha incorporat en la categoria 19-29 anys</p>;"";"";0;4;Marc Kessels Solé, Laura Jou , Anna Grima, Angel;0;0;3;2019-01-24 16:17:35 UTC;http://decidim-castellbisbal.diba.cat/processes/elsilesjovesvolem/f/273/proposals/1008;"";"";false;;
981;135; 2.2. Cultura i oci;;"";"";"";78;http://decidim-castellbisbal.diba.cat/processes/elsilesjovesvolem?participatory_process_slug=elsilesjovesvolem;273;Teatre als comerços;"Realitzar petites representacions teatrals/artístiques en petit ""comité"" a diferents comerços. Aquests comerços hauran d'estar a prop entre ells per tal que el grup que vegi les representacions hi pugui anar passant un rere l'altre, ajudats per un dinamitzador.";accepted;castellbisbal-PROP-2019-01-981;"";"";"";0;4;Marc Kessels Solé, Laura Jou , Anna Grima, Angel;0;0;2;2019-01-23 18:29:43 UTC;http://decidim-castellbisbal.diba.cat/processes/elsilesjovesvolem/f/273/proposals/981;"";"";false;;
980;135; 2.2. Cultura i oci;;"";"";"";78;http://decidim-castellbisbal.diba.cat/processes/elsilesjovesvolem?participatory_process_slug=elsilesjovesvolem;273;Tarda d'humor del nostre;Teatre de 1h / 1h 30 min on participessin diferents grups teatrals del poble. Una tarda dedicada a riure i desconnectar.  ;accepted;castellbisbal-PROP-2019-01-980;"";"";"";0;5;Anna Grima, Marc Kessels Solé, Laura Jou , Angel, Laura;0;0;2;2019-01-23 18:05:30 UTC;http://decidim-castellbisbal.diba.cat/processes/elsilesjovesvolem/f/273/proposals/980;"";"";false;;
979;135; 2.2. Cultura i oci;;"";"";"";78;http://decidim-castellbisbal.diba.cat/processes/elsilesjovesvolem?participatory_process_slug=elsilesjovesvolem;273;"Festa ""perquè sí""";Organitzar una festa amb DJ en alguna data on no n'hi hagi cap a prop. ;accepted;castellbisbal-PROP-2019-01-979;"";"";"";0;3;Anna Grima, Marc Kessels Solé, Laura Jou ;0;0;2;2019-01-23 18:02:44 UTC;http://decidim-castellbisbal.diba.cat/processes/elsilesjovesvolem/f/273/proposals/979;"";"";false;;
947;132; 1.2. Cultura i oci;;"";"";"";78;http://decidim-castellbisbal.diba.cat/processes/elsilesjovesvolem?participatory_process_slug=elsilesjovesvolem;273;Exposició d'art jove;Fer una exposició d'art dels joves del terme. Es pot incentivar amb diferents tallers de pintura i art.;accepted;castellbisbal-PROP-2019-01-947;"";"";"";0;4;Anna Grima, Marc Kessels Solé, Angel, Lorena;0;0;3;2019-01-20 21:50:03 UTC;http://decidim-castellbisbal.diba.cat/processes/elsilesjovesvolem/f/273/proposals/947;"";"";false;;
946;132; 1.2. Cultura i oci;;"";"";"";78;http://decidim-castellbisbal.diba.cat/processes/elsilesjovesvolem?participatory_process_slug=elsilesjovesvolem;273;Poetry slam/ recital de poesia;"Una poetry slam consisteix en fer un recital de poesia però diferent, a grans termes és teatralitzar la poesia. Estaria bé portar a gent que hi enten sobre el tema perque puguin fer una actuació/demostració.
Encara que també seria clau que les i els joves del poble participessin. 
Després de la Poetry Slam es podria fer una sessió de micro obert.";accepted;castellbisbal-PROP-2019-01-946;"";"";"";0;4;Anna Grima, Marc Kessels Solé, Laura Jou , Lorena;0;0;1;2019-01-20 21:44:14 UTC;http://decidim-castellbisbal.diba.cat/processes/elsilesjovesvolem/f/273/proposals/946;"";"";false;;
914;132; 1.2. Cultura i oci;;"";"";"";78;http://decidim-castellbisbal.diba.cat/processes/elsilesjovesvolem?participatory_process_slug=elsilesjovesvolem;273;Taller de Street Art(Grafiti);Taller de Grafiti en 3 sessions: una per poder conèixer el món que l'envolta i dues pràctiques on pintarem un mural a la ciutat.;accepted;castellbisbal-PROP-2019-01-914;<p>Pendent de rebre pressupostos</p>;"";"";0;2;Imad, Éric;0;0;3;2019-01-15 17:36:10 UTC;http://decidim-castellbisbal.diba.cat/processes/elsilesjovesvolem/f/273/proposals/914;"";"";false;;
749;;"";;"";"";"";78;http://decidim-castellbisbal.diba.cat/processes/elsilesjovesvolem?participatory_process_slug=elsilesjovesvolem;273;Exemple 1a Trobada Jove: Torneig de Billar;Fer un Torneig de Billar a l'espai jove ;rejected;castellbisbal-PROP-2018-12-749;<p>Exemple municipal</p>;"";"";0;0;"";0;0;0;2018-12-14 17:58:42 UTC;http://decidim-castellbisbal.diba.cat/processes/elsilesjovesvolem/f/273/proposals/749;"";"";false;;
1161;132; 1.2. Cultura i oci;;"";"";"";78;http://decidim-castellbisbal.diba.cat/processes/elsilesjovesvolem?participatory_process_slug=elsilesjovesvolem;273;Festa del Tractor transit;"Poder disfrutar de nuevo del ""Tractor Transit"". Consisteix en desplazarse por el pueblo de noche i el tractor va con musica de todo tipo.";rejected;castellbisbal-PROP-2019-03-1161;<p>És una activitat de festa major</p>;"";"";0;0;"";0;1;0;2019-03-04 14:21:31 UTC;http://decidim-castellbisbal.diba.cat/processes/elsilesjovesvolem/f/273/proposals/1161;"";"";false;;
915;132; 1.2. Cultura i oci;;"";"";"";78;http://decidim-castellbisbal.diba.cat/processes/elsilesjovesvolem?participatory_process_slug=elsilesjovesvolem;273;Taller skate/scooter;Farem 5 sessions d'skate i scooter al Parc de L'ermita, dinamitzades per dos monitors experts amb l'esport. Aquestes sessions seran molt útils per tal de poder iniciar-se a l'activitat o millorar en la mateixa;accepted;castellbisbal-PROP-2019-01-915;"";"";"";0;1;Imad;0;0;2;2019-01-15 17:43:51 UTC;http://decidim-castellbisbal.diba.cat/processes/elsilesjovesvolem/f/273/proposals/915;"";"";false;;
