id;category/id;category/name/ca;category/name/es;category/name/en;scope/id;scope/name/ca;scope/name/es;scope/name/en;participatory_space/id;participatory_space/url;component/id;title;body;state;reference;answer/ca;answer/es;answer/en;supports;endorsements/total_count;endorsements/user_endorsements;comments;attachments;followers;published_at;url;meeting_urls;related_proposals;is_amend;original_proposal/title;original_proposal/url
499;;"";"";"";;"";"";"";66;http://decidim-vic.diba.cat/processes/nomnovabiblioteca?participatory_process_slug=nomnovabiblioteca;236;Biblioteca Pilarín Bayés;Reconeguda dibuixant i ninotaire vigatana nascuda el 1941, que ha publicat més de nou-cents llibres, alguns traduïts a diferents idiomes. Ha treballat amb infinitat de formats: cartells, escultures, murals... Ha estat premiada amb la Creu de Sant Jordi, premi Serra d'Or i la medalla d'Or de la ciutat de Vic. És una artista compromesa amb el seu país, Catalunya, el qual es veu reflectit en les seves obres. ;"";vic-PROP-2018-11-499;"";"";"";468;2;AlbertVic, Néstor;0;0;47;2018-11-07 14:19:17 +0100;http://decidim-vic.diba.cat/processes/nomnovabiblioteca/f/236/proposals/499;"";"";false;;
496;;"";"";"";;"";"";"";66;http://decidim-vic.diba.cat/processes/nomnovabiblioteca?participatory_process_slug=nomnovabiblioteca;236;Biblioteca Anna Dodas;"Filòloga i poetessa nascuda a Folgueroles (1962-1986). A més de treballs assagístics, va crear obres breus de prosa, però sobretot va destacar per la seva poesia. Va compaginar la creació literària amb l'activitat de concertista i professora de guitarra. El 1986, amb una amiga, va realitzar un viatge de vacances cap a l'Alguer (Sardenya). Ambdues van ser assassinades a prop de Montpeller. Tenia 23 anys.
";"";vic-PROP-2018-11-496;"";"";"";127;2;Klara, Pepsadu;0;0;44;2018-11-07 14:15:38 +0100;http://decidim-vic.diba.cat/processes/nomnovabiblioteca/f/236/proposals/496;"";"";false;;
497;;"";"";"";;"";"";"";66;http://decidim-vic.diba.cat/processes/nomnovabiblioteca?participatory_process_slug=nomnovabiblioteca;236;Biblioteca Maria Àngels Anglada;"Poeta, novel·lista, crítica i assagista literària nascuda a Vic (1930-1999). Membre de la Secció Filològica de l'Institut d'Estudis Catalans. Li van atorgar premis com el Josep Pla i la Creu de Sant Jordi de la Generalitat de Catalunya. Llicenciada en Filologia Clàssica per la Universitat de Barcelona, va conrear la crítica literària, amb atenció especial als poetes catalans i italians, la poesia, la narrativa i els estudis clàssics.
";"";vic-PROP-2018-11-497;"";"";"";210;2;Pilar, Chel;0;0;37;2018-11-07 14:16:43 +0100;http://decidim-vic.diba.cat/processes/nomnovabiblioteca/f/236/proposals/497;"";"";false;;
495;;"";"";"";;"";"";"";66;http://decidim-vic.diba.cat/processes/nomnovabiblioteca?participatory_process_slug=nomnovabiblioteca;236;Biblioteca Ausa ;Ausa és el nom romà que se li va donar a la ciutat de Vic el segle I aC, com en testimonien les monedes romanes i ibèriques que s'han conservat. El seu nom prové de la tribu ibera dels ausetans, tot i que també s'hi barregen hipòtesis sobre un origen cèltic o gàl·lic. Més tard el poble romà va traduir el nom per Vicus, que significa poble.;"";vic-PROP-2018-11-495;"";"";"";390;0;"";0;0;45;2018-11-07 14:08:49 +0100;http://decidim-vic.diba.cat/processes/nomnovabiblioteca/f/236/proposals/495;"";"";false;;
498;;"";"";"";;"";"";"";66;http://decidim-vic.diba.cat/processes/nomnovabiblioteca?participatory_process_slug=nomnovabiblioteca;236;Biblioteca U d’Octubre ;L’1 d’octubre de 2017 va suposar un punt d’inflexió nacional a nivell polític i social, i va comportar unes conseqüències repressives de primer ordre. L’1 d’octubre va posar en primer pla la voluntat determinada, pacífica i democràtica de tot un poble, però també un teixit de complicitats sorgit des del carrer i que va culminar en un referèndum d’autodeterminació.;"";vic-PROP-2018-11-498;"";"";"";393;3;nothodic, Núria Tàpia Freixas, Miquel Riera Casases;0;0;58;2018-11-07 14:17:44 +0100;http://decidim-vic.diba.cat/processes/nomnovabiblioteca/f/236/proposals/498;"";"";false;;
3674;;"";"";"";;"";"";"";253;http://decidim-vic.diba.cat/processes/merma2020?participatory_process_slug=merma2020;1082;Construcció d'una vorera al Camí de l'Escorial.;"El Camí de l'Escorial entre el carrer Teodor de Mas i la Carretera de Roda és practicament l'únic carrer de Vic el qual no disposa de clavagueram ni voreres, és a dir, el transit rodat i els vianants comparteixen el mateix espai. 
Tenint en compte que hi ha una llar d'infants a escassos 50 metres, es molt perillós que els infants no tinguin un lloc per anar segurs.
#merma2020";"";vic-PROP-2020-02-3674;"";"";"";4;0;"";0;0;11;2020-02-17 18:23:16 +0100;http://decidim-vic.diba.cat/processes/merma2020/f/1082/proposals/3674;"";"";false;;
3943;;"";"";"";;"";"";"";253;http://decidim-vic.diba.cat/processes/merma2020?participatory_process_slug=merma2020;1082;Comprar més desfribil·ladors per a la ciutat;"Porposem comprar i afegir més desfribil·ladors a la ciutat.
#merma2020";"";vic-PROP-2020-03-3943;"";"";"";1;0;"";0;0;11;2020-03-23 21:16:20 +0100;http://decidim-vic.diba.cat/processes/merma2020/f/1082/proposals/3943;"";"";false;;
3889;;"";"";"";;"";"";"";253;http://decidim-vic.diba.cat/processes/merma2020?participatory_process_slug=merma2020;1082;Espais verds a la zona;"Més zones verdes de parcs i jardins. Falten espais verds
#merma2020";"";vic-PROP-2020-03-3889;"";"";"";1;0;"";0;0;10;2020-03-12 11:59:36 +0100;http://decidim-vic.diba.cat/processes/merma2020/f/1082/proposals/3889;"";"";false;;
3756;;"";"";"";;"";"";"";253;http://decidim-vic.diba.cat/processes/merma2020?participatory_process_slug=merma2020;1082;Plaques fotovoltaiques ciutadanes a les escoles del Guillem i Caputxins;"Per la TRANSICIÓ ENERGÈTICA i la LLUITA CONTRA EL CANVI CLIMÀTIC cal la participació de les escoles  APROFITANT el sol als edificis públics , participant activament en dotar-los d’energia solar.
ÉS IMPORTANT Per donar exemple a la ciutadania, generar un efecte MULTIPLICADOR i donar a conèixer LA IMPORTÀNCIA dels estalvis, eficiència energètica i l’energia solar a més de 600 alumnes . Beneficis amb estalvis econòmics, ambientals i socials. Millora de les instal•lacions a les escoles implicades
#merma2020";"";vic-PROP-2020-03-3756;"";"";"";1;0;"";0;0;11;2020-03-03 18:16:16 +0100;http://decidim-vic.diba.cat/processes/merma2020/f/1082/proposals/3756;"";"";false;;
5951;;"";"";"";;"";"";"";253;http://decidim-vic.diba.cat/processes/merma2020?participatory_process_slug=merma2020;1082;Carretera de Roda i adjacents: més seguretat ;"Volem més seguretat a la Carretera de Roda i carrers adjacents (Camí de l’Escorial, Joan Traveria...). De nit és força fosca i algunes vegades s’hi creen situacions insegures.
#merma2020";"";vic-PROP-2020-08-5951;"";"";"";1;0;"";0;0;11;2020-08-17 11:57:46 +0200;http://decidim-vic.diba.cat/processes/merma2020/f/1082/proposals/5951;"";"";false;;
3941;;"";"";"";;"";"";"";253;http://decidim-vic.diba.cat/processes/merma2020?participatory_process_slug=merma2020;1082;Millores per a representacions artístiques al Centre Cívic de Can Pau Raba;"Per a la millora de representacions artístiques de tot tipus, proposem que s'instal·li una cortina negre darrera l'escenari (plegable), així com la millora dels llums del mateix, i unes cortines per evitar l'entrada de llum de les portes del darrera de la planta baixa.
#merma2020";"";vic-PROP-2020-03-3941;"";"";"";2;0;"";0;0;11;2020-03-23 21:05:37 +0100;http://decidim-vic.diba.cat/processes/merma2020/f/1082/proposals/3941;"";"";false;;
3708;;"";"";"";;"";"";"";253;http://decidim-vic.diba.cat/processes/merma2020?participatory_process_slug=merma2020;1082;Vic, ciutat acollidora;"És un projecte l’origen del qual sorgeix de l’escola FEDAC VIC  i que també s’obre a altres escoles i entitats de la ciutat.
Decorar/enriquir els espais públics de la nostra ciutat amb una obra plàstica, històrica i literària. Tot això, entorn al valor intrínsec de la interculturalitat. 
UN ABECEDARI:
Cada lletra de l’abecedari estaria representada per una obra plàstica acompanyada d’un escrit que hi faci referència (conte, cita, poema, refrany...).
#merma2020";"";vic-PROP-2020-02-3708;"";"";"";2;0;"";0;0;11;2020-02-26 08:53:31 +0100;http://decidim-vic.diba.cat/processes/merma2020/f/1082/proposals/3708;"";"";false;;
3987;;"";"";"";;"";"";"";253;http://decidim-vic.diba.cat/processes/merma2020?participatory_process_slug=merma2020;1082;Promoció del comerç i activació dels locals comercials tancats;"Elaborar un projecte de potenciació del comerç i reactivació de locals comercials tancats en el carrer Nou i Eixample Morató, cercant una vitalització similar al projecte exitós del C/ de la Riera. En el nostre cas contrasta l'èxit comercial del carrer Manlleu amb la decadència
del carrer Nou i Eixample Morató, seria molt positiu aconseguir una dinàmica que millorés el flux de persones en tot el barri oferint propostes atractives.
#merma2020";"";vic-PROP-2020-04-3987;"";"";"";2;0;"";0;0;10;2020-04-01 13:02:34 +0200;http://decidim-vic.diba.cat/processes/merma2020/f/1082/proposals/3987;"";"";false;;
3874;;"";"";"";;"";"";"";253;http://decidim-vic.diba.cat/processes/merma2020?participatory_process_slug=merma2020;1082;Restauració i consolidació del Pedró de Sant Miquel Xic;"Recuperar per a la ciutat un monument emblemàtic del segle XVIII que és patrimoni històric vigatà. Actualment es troba en un estat molt precari.
#merma2020";"";vic-PROP-2020-03-3874;"";"";"";6;0;"";0;0;12;2020-03-06 16:47:25 +0100;http://decidim-vic.diba.cat/processes/merma2020/f/1082/proposals/3874;"";"";false;;
3913;;"";"";"";;"";"";"";253;http://decidim-vic.diba.cat/processes/merma2020?participatory_process_slug=merma2020;1082;Plaça de la Divina Pastora. ;"Crec que la plaça de la Divina Pastora està mal aprofitada i molt descuidada, seria important poder arreglar-la, fer zona amb jardí aprofitant la gran ombra q fan els plataners, el grans jardiners que tenim a Vic....no deixar passar tants cotxes o fer només una direcció de sortida. Q es pugui dir la plaça de la Divina Pastora., no la rotonda de la Divina Pastora.... Crec q és possible i encara podem fer altres projectes amb aquest diners... Gràcies
#merma2020";"";vic-PROP-2020-03-3913;"";"";"";2;0;"";1;0;11;2020-03-13 19:42:50 +0100;http://decidim-vic.diba.cat/processes/merma2020/f/1082/proposals/3913;"";"";false;;
3888;;"";"";"";;"";"";"";253;http://decidim-vic.diba.cat/processes/merma2020?participatory_process_slug=merma2020;1082;Treure la gasolinera del carrer Torelló;"La gasolinera abandonada del carrer Torelló fa nosa i és poc agradable a la vista, ja que no és funcional. 
Agradaria molt que es pogués treure profit ja que és una zona oberta, hi ha una residència i una àmplia comunitat de veïns.
La idea seria que veïns,  residents i ciutadans puguin tenir un lloc d'espera, de passeig, de contemplació; un parc, plaça amb alguna font o un lloc amb bancs i arbres.
També el bloc de veïns enganxat a la gasolinera seria molt bonic pintar-lo
#merma2020";"";vic-PROP-2020-03-3888;"";"";"";4;0;"";1;0;11;2020-03-12 11:57:27 +0100;http://decidim-vic.diba.cat/processes/merma2020/f/1082/proposals/3888;"";"";false;;
3894;;"";"";"";;"";"";"";253;http://decidim-vic.diba.cat/processes/merma2020?participatory_process_slug=merma2020;1082;Voreres més amples i accessibles;"Ampliar les voreres del camí de l'Escorial i al carrer Indústria, ja que diàriament molts vianants de totes les edats i cotxets amb canalla hi passen. 
És fa gairebé impossible caminar per sobre la vorera amb el cotxet i un paraigües, i per anar a l'ambulatori, a l'Escorial i a l'escola bressol Vedruna cada dia en passen molts de cotxets
És important perquè Vic és Slow City, és una ciutat per gaudir caminant pels seus carrers i agafar menys el cotxe
#merma2020";"";vic-PROP-2020-03-3894;"";"";"";1;0;"";0;0;10;2020-03-12 13:13:18 +0100;http://decidim-vic.diba.cat/processes/merma2020/f/1082/proposals/3894;"";"";false;;
3687;;"";"";"";;"";"";"";253;http://decidim-vic.diba.cat/processes/merma2020?participatory_process_slug=merma2020;1082;Parc infantil Guillem de Montrodon;"Crec que seria necessari que s,arregli el parc infantil de davant de l'escola Guillem de Montrodon.El terra,les estructures...
I sobretot que sigui accessible per tots els infants amb mobilitat reduïda.
#merma2020";"";vic-PROP-2020-02-3687;"";"";"";1;0;"";0;0;11;2020-02-19 20:34:46 +0100;http://decidim-vic.diba.cat/processes/merma2020/f/1082/proposals/3687;"";"";false;;
3907;;"";"";"";;"";"";"";253;http://decidim-vic.diba.cat/processes/merma2020?participatory_process_slug=merma2020;1082;Mantenir la Capella de St. Miquel Xic;"Insistir com en la primera ocasió en la Capella de St. Miquel Xic, al costat del col·legi Guillem de Montrodon. Caurà i perdrem història de Vic. Cal conservar la memòria històrica de la ciutat i cal conservar la Capella.
#merma2020";"";vic-PROP-2020-03-3907;"";"";"";1;0;"";0;0;10;2020-03-13 09:21:30 +0100;http://decidim-vic.diba.cat/processes/merma2020/f/1082/proposals/3907;"";"";false;;
3884;;"";"";"";;"";"";"";253;http://decidim-vic.diba.cat/processes/merma2020?participatory_process_slug=merma2020;1082;Implamentació d'aparcaments segurs per a Patinets Electrics.;"En plena emergència climàtica, es fa molt evident que ens cal un altre mètode de transport més sostenible. El patinet és un dels casos que cada vegada té més usuaris. Deixant de banda la deplorable situació dels carrils bicis, crec que aquesta mesura ajudaria a que més persones, escullin el patinet per moure's per la ciutat. Molts ajuntaments de l'Estat estan començant a implamentar zones d'aparcament per a Patinets a davant d'equipaments municipals i Vic podria ser una d'elles.
#merma2020";"";vic-PROP-2020-03-3884;"";"";"";1;0;"";0;0;11;2020-03-11 14:17:58 +0100;http://decidim-vic.diba.cat/processes/merma2020/f/1082/proposals/3884;"";"";false;;
3912;;"";"";"";;"";"";"";253;http://decidim-vic.diba.cat/processes/merma2020?participatory_process_slug=merma2020;1082;Millorar i crear més carrils bici;"Creiem que falten carrils bici i zones verdes per convertir la ciutat en una ciutat moderna i respectuosa amb el medi ambient. Això beneficia a tota la ciutadania.
#merma2020";"";vic-PROP-2020-03-3912;"";"";"";2;0;"";0;0;10;2020-03-13 14:54:18 +0100;http://decidim-vic.diba.cat/processes/merma2020/f/1082/proposals/3912;"";"";false;;
3929;;"";"";"";;"";"";"";253;http://decidim-vic.diba.cat/processes/merma2020?participatory_process_slug=merma2020;1082;Remodelació, pacificació de transit i carril bici al carrer del Pare Coll (AFA Fedac Pare Coll);"Les obres de millora de l'escola fan que tots els alumnes, des d'infantil a secundària, accedeixen pel carrer del Pare Coll provocant problemes de seguretat.
Es proposa ampliar tota la vorera del carrer un mínim de 4 m, reubicar els aparcaments de bicis i motos, revisar la mobilitat del carrer per fer-la en un únic sentit de circulació i fer-hi un carril bici.
Tot això pacificaria el transit, milloraria la seguretat d'infants i vianants i reduiria les emissions contaminants
#merma2020";"";vic-PROP-2020-03-3929;"";"";"";1;0;"";0;0;10;2020-03-18 14:26:05 +0100;http://decidim-vic.diba.cat/processes/merma2020/f/1082/proposals/3929;"";"";false;;
3897;;"";"";"";;"";"";"";253;http://decidim-vic.diba.cat/processes/merma2020?participatory_process_slug=merma2020;1082;Màquines públiques expenedores d'aigua osmotitzada;"Posar màquines expenedores d'aigua osmotitzada al carrer per tal de reduir els envasos. En un viatge a Itàlia ho vaig veure, el cost era de 15 cèntims el litre. Es tracta d'una mesura que podria beneficiar a tota la població al reduir envasos de plàstic.
#merma2020";"";vic-PROP-2020-03-3897;"";"";"";2;0;"";0;0;10;2020-03-13 08:57:04 +0100;http://decidim-vic.diba.cat/processes/merma2020/f/1082/proposals/3897;"";"";false;;
3900;;"";"";"";;"";"";"";253;http://decidim-vic.diba.cat/processes/merma2020?participatory_process_slug=merma2020;1082;Més vigilància del trànsit als accessos escolars;"Falta més vigilància i seguretat, sobretot els matins, als accessos dels instituts. Seria important millorar el carrer St. Miquel per prevenir riscos en benefici de families i infants.
#merma2020";"";vic-PROP-2020-03-3900;"";"";"";0;0;"";0;0;10;2020-03-13 09:04:22 +0100;http://decidim-vic.diba.cat/processes/merma2020/f/1082/proposals/3900;"";"";false;;
3731;;"";"";"";;"";"";"";253;http://decidim-vic.diba.cat/processes/merma2020?participatory_process_slug=merma2020;1082;Pàrquings per a bicicletes;"Seguint amb la línia que es promou des de l’Ajuntament d’utilitzar la bicicleta com a mitjà de transport saludable i sostenible, crec que caldria la instalació de més zones per a estacionar-les al voltant de la ciutat. Penso que hi hauria més gent que la utilitzaria, per exemple per anar a treballar, si disposés d’espais segurs i visibles per deixar-la.
#merma2020";"";vic-PROP-2020-03-3731;"";"";"";2;1;Mireia;0;0;11;2020-03-01 17:46:29 +0100;http://decidim-vic.diba.cat/processes/merma2020/f/1082/proposals/3731;"";"";false;;
3905;;"";"";"";;"";"";"";253;http://decidim-vic.diba.cat/processes/merma2020?participatory_process_slug=merma2020;1082;Fonts d'aigua potable;"Falten fonts públiques potables a la zona verda del Merma. Cal reduir residus i envasos de plàstic.
#merma2020";"";vic-PROP-2020-03-3905;"";"";"";1;0;"";0;0;10;2020-03-13 09:16:25 +0100;http://decidim-vic.diba.cat/processes/merma2020/f/1082/proposals/3905;"";"";false;;
3988;;"";"";"";;"";"";"";253;http://decidim-vic.diba.cat/processes/merma2020?participatory_process_slug=merma2020;1082;Igualar el pis/terra unint el carrer Nou amb el carrer Sant Sebastià;"Donada la prioritat per als vianants i l'accés restringit de vehicles a l’Eixample Morató, per donar continuïtat al recorregut dels vianants mentre no es pugui desenvolupar el pla urbanístic, creiem que és important donar continuïtat al possible recorregut passeig de vianants que uniria el carrer Nou amb el carrer Sant Sebastià, oferint una alternativa més.
#merma2020";"";vic-PROP-2020-04-3988;"";"";"";0;0;"";0;0;10;2020-04-01 13:04:22 +0200;http://decidim-vic.diba.cat/processes/merma2020/f/1082/proposals/3988;"";"";false;;
3986;;"";"";"";;"";"";"";253;http://decidim-vic.diba.cat/processes/merma2020?participatory_process_slug=merma2020;1082;Enjardinaments verticals sostenibles;"Promoure la construcció de jardins verticals sostenibles per tal de dotar al barri de punts verds que a banda de decorar, el dotarà d'espais que ajudin a combatre la contaminació atmosfèrica que patim a la nostra ciutat i a acostarnos als m2 de vegetació x habitant que recomana la OMS.

COL·LECTIU DE COMERCIANTS i PROFESSIONALS LLIBERALS. PRIMER
TRAM del CARRER NOU (que va des del carrer Manlleu fins al Baró de Savassona)
#merma2020";"";vic-PROP-2020-04-3986;"";"";"";0;0;"";0;0;10;2020-04-01 12:59:20 +0200;http://decidim-vic.diba.cat/processes/merma2020/f/1082/proposals/3986;"";"";false;;
3985;;"";"";"";;"";"";"";253;http://decidim-vic.diba.cat/processes/merma2020?participatory_process_slug=merma2020;1082;Creem futur per als nostres infants;"El projecte CREEM FUTUR PER ALS NOSTRES INFANTS pretén donar formació als mestres (noves tecnologies, digitalització i emprenedoria) i comprar equipaments (impressores 3d, kits de robòtica, etc.) per a totes les escoles i instituts de la zona verda de la ciutat, per garantir la competència tecnològica i digital dels infants. El projecte es farà en col·laboració amb la UVic-UCC.
#merma2020";"";vic-PROP-2020-04-3985;"";"";"";0;0;"";0;0;10;2020-04-01 12:56:33 +0200;http://decidim-vic.diba.cat/processes/merma2020/f/1082/proposals/3985;"";"";false;;
3958;;"";"";"";;"";"";"";253;http://decidim-vic.diba.cat/processes/merma2020?participatory_process_slug=merma2020;1082;Rotonda a la cruïlla del carrer Torelló amb el carrer Manuel de Pedrolo;"Fer algun tipus de rotonda a la cruïlla del carrer Torelló amb el carrer Manuel de Pedrolo amb dos objectius: 

- Donar entrada al barri dels Caputxins per la zona est .
- Reduir la velocitat del trànsit
#merma2020";"";vic-PROP-2020-03-3958;"";"";"";0;0;"";0;0;11;2020-03-24 19:55:23 +0100;http://decidim-vic.diba.cat/processes/merma2020/f/1082/proposals/3958;"";"";false;;
3949;;"";"";"";;"";"";"";253;http://decidim-vic.diba.cat/processes/merma2020?participatory_process_slug=merma2020;1082;Aparcament zona verda residents;"Els habitants del centre no tenim zona d'aparcament gratuït. De la mateixa manera que Barcelona té zona verda amb un cost residualment baix per als residents, estaria bé que el centre de Vic també ho tingués.
#merma2020";"";vic-PROP-2020-03-3949;"";"";"";1;0;"";0;0;11;2020-03-24 13:30:43 +0100;http://decidim-vic.diba.cat/processes/merma2020/f/1082/proposals/3949;"";"";false;;
3918;;"";"";"";;"";"";"";253;http://decidim-vic.diba.cat/processes/merma2020?participatory_process_slug=merma2020;1082;Espai de reciclatge, reparació, formació ;"Crear un espai obert a la ciutadania (podria ser a l'antic Institut Gaudí) on hi hagi eines i petites màquines de bricolatge per poder fer petites reparacions. També un fosar per fer canvi d'oli o petites autoreparacions de vehicles.
Aniria bé que l'espai es pogués també utilitzar per fer formació vinculada amb la reparació, reutilització i l'estalvi.
La gestió podria ser cooperativista, d'autogestió liderada per associacions de veïns o amb monitors i alumnes de casa d'oficis o PTT.
#merma2020";"";vic-PROP-2020-03-3918;"";"";"";2;0;"";0;0;11;2020-03-17 11:12:30 +0100;http://decidim-vic.diba.cat/processes/merma2020/f/1082/proposals/3918;"";"";false;;
3939;;"";"";"";;"";"";"";253;http://decidim-vic.diba.cat/processes/merma2020?participatory_process_slug=merma2020;1082;"""Vic invisible"" a la zona dels verds";"Seguint el projecte de ""Vic invisible"" a la ciutat: https://vicinvisible.vic.cat/
Aporfitar les fotos històriques recollides en diferents tallers per mostrar la història dels barris de la zona dels verds.
#merma2020";"";vic-PROP-2020-03-3939;"";"";"";0;0;"";0;0;11;2020-03-23 20:49:38 +0100;http://decidim-vic.diba.cat/processes/merma2020/f/1082/proposals/3939;"";"";false;;
3946;;"";"";"";;"";"";"";253;http://decidim-vic.diba.cat/processes/merma2020?participatory_process_slug=merma2020;1082;Homenatge al personal sanitari per la crisi del Covid-19;"Proposem la creació d'una esculptura o el que es consideri més adient com a homenatge i record de l'esforç de totes les persones de l'àmbit sanitari que estan lluitant i atenent a les persones davant la crisi del Covid-19.
#merma2020";"";vic-PROP-2020-03-3946;"";"";"";0;0;"";0;0;11;2020-03-23 21:26:40 +0100;http://decidim-vic.diba.cat/processes/merma2020/f/1082/proposals/3946;"";"";false;;
3940;;"";"";"";;"";"";"";253;http://decidim-vic.diba.cat/processes/merma2020?participatory_process_slug=merma2020;1082;Pista esportiva a la zona de Josep Maria Sert;"Com a suport a la petició de joves del barri, proposem la creació d'una pista esportiva a la zona de Josep Maria Sert. Es demana que sigui de gespa artificial amb cautxú reciclat, tancat amb reixes altes, de mida 40x25.
#merma2020";"";vic-PROP-2020-03-3940;"";"";"";1;0;"";0;0;11;2020-03-23 21:00:40 +0100;http://decidim-vic.diba.cat/processes/merma2020/f/1082/proposals/3940;"";"";false;;
3945;;"";"";"";;"";"";"";253;http://decidim-vic.diba.cat/processes/merma2020?participatory_process_slug=merma2020;1082;Espais al carrer per difondre ativitats de les associacions i entitats;"Com a proposta de ciutat, posar espais per a la difusió de les activitats de les associacions i entitats.
#merma2020";"";vic-PROP-2020-03-3945;"";"";"";0;0;"";0;0;11;2020-03-23 21:22:41 +0100;http://decidim-vic.diba.cat/processes/merma2020/f/1082/proposals/3945;"";"";false;;
3944;;"";"";"";;"";"";"";253;http://decidim-vic.diba.cat/processes/merma2020?participatory_process_slug=merma2020;1082;"Crear una ""bicicleda"" a Can Pau Raba";"Com a inici de projecte per la ciutat, i per potenciar l'ús de la bicicleta, proposem la ceració d'una ""bicicleda"" (espai protegit per a guardar bicicletes) al centre cívic de Can Pau Raba (o a prop).
#merma2020";"";vic-PROP-2020-03-3944;"";"";"";0;0;"";0;0;11;2020-03-23 21:19:51 +0100;http://decidim-vic.diba.cat/processes/merma2020/f/1082/proposals/3944;"";"";false;;
3942;;"";"";"";;"";"";"";253;http://decidim-vic.diba.cat/processes/merma2020?participatory_process_slug=merma2020;1082;Projector, pantalla gran i equip de so per a les associacions de veïns i veïnes de la ciutat;"Com a proposta a nivell de ciutat, proposem ampliar el material per les activitats de les associacions de veïns i veïnes (i entitats), amb:

- projector
- pantalla gran (per cinemes a la fresca i altres)
- equip de so
#merma2020";"";vic-PROP-2020-03-3942;"";"";"";0;0;"";0;0;11;2020-03-23 21:13:47 +0100;http://decidim-vic.diba.cat/processes/merma2020/f/1082/proposals/3942;"";"";false;;
3932;;"";"";"";;"";"";"";253;http://decidim-vic.diba.cat/processes/merma2020?participatory_process_slug=merma2020;1082;FOTOLINERA pel carregador de cotxes elèctrics o PÈRGOLA fotovoltaica parc darrere IES Vic. PANTALLA indicativa producció energia solar a Can Pau Raba;"Proposem una fotolinera (parking solar) darrere IES Vic pel carregador de cotxes elèctrics del parc JM Sert o bé una pèrgola solar fotovoltaica per fer ombra a l'espai central de joc del mateix parc o al costat de l'espai de joc darrere Consum. També proposem que a cada edifici municipal que tingui una instal·lació fotovoltaica hi hagi una pantalla informativa exterior indicant consums elèctrics i producció d'energia solar instantània començant pel CCVIC Can Pau Raba per fomentar la pedagogia.
#merma2020";"";vic-PROP-2020-03-3932;"";"";"";0;0;"";0;0;11;2020-03-22 23:38:18 +0100;http://decidim-vic.diba.cat/processes/merma2020/f/1082/proposals/3932;"";"";false;;
3931;;"";"";"";;"";"";"";253;http://decidim-vic.diba.cat/processes/merma2020?participatory_process_slug=merma2020;1082;FOTOLINERA per carregador cotxe elèctric o PÈRGOLA fotovoltaica parc darrera IES Vic. PANTALLES indicatives producció solar instantànies en edificis;"Proposem una fotolinera (parking solar) darrera IES pel carregador elèctric parc Josep Maria Sert  o bé una pergola en l'espai central de jo del mateix marc o al costat de l'espai de joc darrera Consum. També proposem que a cada edifici que tingui fotovoltaica hi hagi un panell informatius exterior indicant consums elèctrics i producció instantània començant pel CCVIC Can Pau Raba
#merma2020";withdrawn;vic-PROP-2020-03-3931;"";"";"";0;0;"";0;0;11;2020-03-21 17:01:57 +0100;http://decidim-vic.diba.cat/processes/merma2020/f/1082/proposals/3931;"";"";false;;
3917;;"";"";"";;"";"";"";253;http://decidim-vic.diba.cat/processes/merma2020?participatory_process_slug=merma2020;1082;Parcs com a refugis climàtics;"Equipar el parc de l'Era d'en Sellés amb elements per mitigar les temperatures de l'estiu. Espais amb aigua, pergoles i altres elements lúdics que assegurin el confort i benestar amb temperatures altes
Es podria fer també a altres parcs com la Bassa dels Hermanos o al Pasqual Blanca
#merma2020";"";vic-PROP-2020-03-3917;"";"";"";0;0;"";0;0;11;2020-03-17 10:46:47 +0100;http://decidim-vic.diba.cat/processes/merma2020/f/1082/proposals/3917;"";"";false;;
3911;;"";"";"";;"";"";"";253;http://decidim-vic.diba.cat/processes/merma2020?participatory_process_slug=merma2020;1082;Lavabos públics a la bassa dels Hermanos;"Podrien instal·lar uns lavabos públics permanents a la Bassa dels Hermanos. És important perquè hi van a jugar molts infants i en general hi passa molta gent. És necessari que hi hagi serveis públics a la ciutat per no haver de recórrer a comerços i establiments privats.
#merma2020";"";vic-PROP-2020-03-3911;"";"";"";0;0;"";0;0;10;2020-03-13 14:51:43 +0100;http://decidim-vic.diba.cat/processes/merma2020/f/1082/proposals/3911;"";"";false;;
3910;;"";"";"";;"";"";"";253;http://decidim-vic.diba.cat/processes/merma2020?participatory_process_slug=merma2020;1082;Eliminar prohibicions de girs a l'esquerra;"Al Carrer Jaume I Cruïlla Baró de Savassona hi ha una prohibició de girar a l'esquerra que no té cap mena de sentit. Cal evitar col·lapsar la rotonda del Jaume I amb la carretera de Roda. Això beneficiarà als veïns que paguem impostos perquè la gent pensi amb el cap.
#merma2020";"";vic-PROP-2020-03-3910;"";"";"";0;0;"";0;0;10;2020-03-13 14:49:03 +0100;http://decidim-vic.diba.cat/processes/merma2020/f/1082/proposals/3910;"";"";false;;
3909;;"";"";"";;"";"";"";253;http://decidim-vic.diba.cat/processes/merma2020?participatory_process_slug=merma2020;1082;La bassa dels Hermanos mola;"Posar un escenari fixe a la bassa dels Hermanos per a la celebració de les festes. Augmentar la vegetació a aquest i d'altres espais del barri (arbres com cal). D'aquesta manera es reduirà el cost de les festes i aconseguirem reduir la contaminació.
#merma2020";"";vic-PROP-2020-03-3909;"";"";"";0;0;"";0;0;10;2020-03-13 14:44:56 +0100;http://decidim-vic.diba.cat/processes/merma2020/f/1082/proposals/3909;"";"";false;;
3908;;"";"";"";;"";"";"";253;http://decidim-vic.diba.cat/processes/merma2020?participatory_process_slug=merma2020;1082;Millorar l'accessibilitat tant estètica com funcional del tram de la carretera de manlleu (des de la Ronda Camprodon fins el coll de Vic);"A la carretera de Manlleu (del tram de la Ronda Camprodon fins al Coll de Vic), el paviment de la vorera presenta irregularitats que dificulten l'ús tant en persones amb mobilitat reduïda (persones que porten cadires de rodes,  invidents...) com amb usuaris amb necessitats especials (cotxets, persones grans...). Així mateix, el material utilitzat no presenta continuïtat amb la resta de material.
#merma2020";"";vic-PROP-2020-03-3908;"";"";"";2;1;Luis;0;0;12;2020-03-13 13:43:53 +0100;http://decidim-vic.diba.cat/processes/merma2020/f/1082/proposals/3908;"";"";false;;
3906;;"";"";"";;"";"";"";253;http://decidim-vic.diba.cat/processes/merma2020?participatory_process_slug=merma2020;1082;Millora de l'espai de l'Era d'en Sallés;"El parc de l'Era d'en Sallés al Cementiri, seria bo que comptés amb alguna taula i bancs perquè la gent pogués anar a fer barri, a xerrar o a jugar al dominoi al parxis, sempre amb civisme.
#merma2020";"";vic-PROP-2020-03-3906;"";"";"";0;0;"";0;0;10;2020-03-13 09:18:47 +0100;http://decidim-vic.diba.cat/processes/merma2020/f/1082/proposals/3906;"";"";false;;
3904;;"";"";"";;"";"";"";253;http://decidim-vic.diba.cat/processes/merma2020?participatory_process_slug=merma2020;1082;Falten papereres als carrers;"Falten papereres al Carrer de Gurb i d'altres llocs més propers a les escoles...si les voreres son estretes poden estar enganxades a la paret.
#merma2020";"";vic-PROP-2020-03-3904;"";"";"";0;0;"";0;0;10;2020-03-13 09:15:01 +0100;http://decidim-vic.diba.cat/processes/merma2020/f/1082/proposals/3904;"";"";false;;
3903;;"";"";"";;"";"";"";253;http://decidim-vic.diba.cat/processes/merma2020?participatory_process_slug=merma2020;1082;Millora del parc infantil de la bassa dels Hermanos;"En la zona del parc infantil de la bassa dels Hermanos, falten algunes coses per als més jovenets. Com a referència els parcs de la Plaça Patufet, Santa Anna i d'altres.
#merma2020";"";vic-PROP-2020-03-3903;"";"";"";0;0;"";0;0;10;2020-03-13 09:12:17 +0100;http://decidim-vic.diba.cat/processes/merma2020/f/1082/proposals/3903;"";"";false;;
3902;;"";"";"";;"";"";"";253;http://decidim-vic.diba.cat/processes/merma2020?participatory_process_slug=merma2020;1082;Millora del triangle de la vergonya;"A la Ronda Camprodon, l'espai de davant el Cadira Fina, a l'altre vorera, s'ha convertit en un vàter de gossos i deixalles. Podria convertir-se en un petit jardí amb una barana.
#merma2020";"";vic-PROP-2020-03-3902;"";"";"";0;0;"";0;0;10;2020-03-13 09:09:38 +0100;http://decidim-vic.diba.cat/processes/merma2020/f/1082/proposals/3902;"";"";false;;
3901;;"";"";"";;"";"";"";253;http://decidim-vic.diba.cat/processes/merma2020?participatory_process_slug=merma2020;1082;Millora de la plaça d'Andreu Colomer i Montmany;"Que la plaça no sigui un pàrquing. Els dissabtes i també entre setmana, la plaça s'omple de i fa no permet que la ciutadania gaudeixi de l'espai. Caldria una rehabilitació de la plaça.
#merma2020";"";vic-PROP-2020-03-3901;"";"";"";0;0;"";0;0;10;2020-03-13 09:06:56 +0100;http://decidim-vic.diba.cat/processes/merma2020/f/1082/proposals/3901;"";"";false;;
3899;;"";"";"";;"";"";"";253;http://decidim-vic.diba.cat/processes/merma2020?participatory_process_slug=merma2020;1082;Transport verd a la ciutat;"Vicing per Vic. Carrils bici i bicicletes de lloguer per mirar de reduir els cotxes a la zona verda i a la ciutat. En benefici de la població i el medi.
#merma2020";"";vic-PROP-2020-03-3899;"";"";"";0;0;"";0;0;10;2020-03-13 09:01:53 +0100;http://decidim-vic.diba.cat/processes/merma2020/f/1082/proposals/3899;"";"";false;;
3898;;"";"";"";;"";"";"";253;http://decidim-vic.diba.cat/processes/merma2020?participatory_process_slug=merma2020;1082;Més espais verds;"Cal augmentar el nombre d'espais verds a la zona del Merma i a tota la ciutat. Falten arbres a tot Vic.
#merma2020";"";vic-PROP-2020-03-3898;"";"";"";0;0;"";0;0;10;2020-03-13 08:58:42 +0100;http://decidim-vic.diba.cat/processes/merma2020/f/1082/proposals/3898;"";"";false;;
3896;;"";"";"";;"";"";"";253;http://decidim-vic.diba.cat/processes/merma2020?participatory_process_slug=merma2020;1082;Punt de recollida d'envasos de plàstic;"Com passa a Roma, l'Ajuntament posa al carrer unes màquines que et donen un bitllet de metro per cada envàs que recicles, aquí no tenim metro però bus si. Cal reciclar el màxim de plàstic en benefici del planeta.
#merma2020";"";vic-PROP-2020-03-3896;"";"";"";0;0;"";0;0;10;2020-03-13 08:54:02 +0100;http://decidim-vic.diba.cat/processes/merma2020/f/1082/proposals/3896;"";"";false;;
3895;;"";"";"";;"";"";"";253;http://decidim-vic.diba.cat/processes/merma2020?participatory_process_slug=merma2020;1082;Millora de la plaça d'Andreu Colomer;"Convertir la plaça en un espai verd, lliure de vehicles i transit. Falten espais verds a la ciutat.
#merma2020";"";vic-PROP-2020-03-3895;"";"";"";0;0;"";0;0;10;2020-03-13 08:50:59 +0100;http://decidim-vic.diba.cat/processes/merma2020/f/1082/proposals/3895;"";"";false;;
3887;;"";"";"";;"";"";"";253;http://decidim-vic.diba.cat/processes/merma2020?participatory_process_slug=merma2020;1082;Rehabilitar el Cinema Nou;"Donar un ús cultural autogestionat a l'espai de l'edifici del cinema nou.
#merma2020";"";vic-PROP-2020-03-3887;"";"";"";1;0;"";0;0;10;2020-03-12 11:07:31 +0100;http://decidim-vic.diba.cat/processes/merma2020/f/1082/proposals/3887;"";"";false;;
3893;;"";"";"";;"";"";"";253;http://decidim-vic.diba.cat/processes/merma2020?participatory_process_slug=merma2020;1082;Circulació cotxes centre històric;"Restringir l'ús del vehicle motoritzat al casc antic. Només es podrà entrar amb bici o patinet. Si ets d'un comerç es pots entrar.
Això beneficiaria a tota la ciutadania
#merma2020";"";vic-PROP-2020-03-3893;"";"";"";0;0;"";0;0;10;2020-03-12 12:13:33 +0100;http://decidim-vic.diba.cat/processes/merma2020/f/1082/proposals/3893;"";"";false;;
3892;;"";"";"";;"";"";"";253;http://decidim-vic.diba.cat/processes/merma2020?participatory_process_slug=merma2020;1082;Falten arbres i verd;"Vull arbres i zona verda. Falta verd
#merma2020";"";vic-PROP-2020-03-3892;"";"";"";0;0;"";0;0;10;2020-03-12 12:11:14 +0100;http://decidim-vic.diba.cat/processes/merma2020/f/1082/proposals/3892;"";"";false;;
3891;;"";"";"";;"";"";"";253;http://decidim-vic.diba.cat/processes/merma2020?participatory_process_slug=merma2020;1082;Adequació de carrils bici;"Que els carrils bici siguin de dos sentits en benefici dels usuaris que es mouen amb bici
#merma2020";"";vic-PROP-2020-03-3891;"";"";"";0;0;"";0;0;10;2020-03-12 12:07:24 +0100;http://decidim-vic.diba.cat/processes/merma2020/f/1082/proposals/3891;"";"";false;;
3890;;"";"";"";;"";"";"";253;http://decidim-vic.diba.cat/processes/merma2020?participatory_process_slug=merma2020;1082;Nous espais de zones esportives;"Manquen espais espais esportius a la zona
#merma2020";"";vic-PROP-2020-03-3890;"";"";"";0;0;"";0;0;10;2020-03-12 12:05:20 +0100;http://decidim-vic.diba.cat/processes/merma2020/f/1082/proposals/3890;"";"";false;;
3883;;"";"";"";;"";"";"";253;http://decidim-vic.diba.cat/processes/merma2020?participatory_process_slug=merma2020;1082;Accés a l'avinguda Miquel Sants Salarich i Torrents;"Sovint ens trobem que per accedir a aquesta avinguda venint de Calldetenes (Ctra. de Sant Hilari) hem de fer tota la volta fins a la rotonda del carrer Indústria amb el carrer Francesca Bonnemaison. Pels veïns que viuen al final, o no, de l'avinguda Miquel Sants Salarich i Torrents (St. Llàtzer) seria més còmode poder fer un accés directe.
#merma2020";"";vic-PROP-2020-03-3883;"";"";"";1;1;Julián García;0;0;11;2020-03-11 12:21:37 +0100;http://decidim-vic.diba.cat/processes/merma2020/f/1082/proposals/3883;"";"";false;;
3757;;"";"";"";;"";"";"";253;http://decidim-vic.diba.cat/processes/merma2020?participatory_process_slug=merma2020;1082;Millora SEGURETAT carrils bicicleta als eixos Guillem de Montrodon - Zona esportiva - Escola de Música - Piscina municipal;"Per incrementar la salut de la població, l’autonomia dels nens i nenes que seran adults, reduir les emissions de partícules, GEH, crear d’activitat econòmica local al potenciar el comerç local i alliberar la ciutat de cotxes, cal MILLORAR I DONAR SEGURETAT els accessos per a bicicleta i patinet de l’eix amb més mobilitat de tot Vic; des de la rotonda del  Guillem fins a la zona esportiva. Afegir els accessos a l’eix Guillem – Salarich
#merma2020";"";vic-PROP-2020-03-3757;"";"";"";1;0;"";0;0;11;2020-03-03 20:17:05 +0100;http://decidim-vic.diba.cat/processes/merma2020/f/1082/proposals/3757;"";"";false;;
3679;;"";"";"";;"";"";"";253;http://decidim-vic.diba.cat/processes/merma2020?participatory_process_slug=merma2020;1082;No tancar la Biblioteca Joan Triadú;"Ampliar les infraestructures culturals és sempre un encert, per tant construir una nova biblioteca està en aquesta línea. Però en cap cas tancar la biblioteca Joan Triadu, com sembla que està previst. 
Nomes cal pensar en la situacio de les escoles, una bona part ben lluny de Vic sud.
Parlo no sols de comoditat, sino de sostenibilitat i de posar a l’abast de tothom la cultura.
#merma2020";"";vic-PROP-2020-02-3679;"";"";"";6;0;"";2;0;11;2020-02-18 23:52:53 +0100;http://decidim-vic.diba.cat/processes/merma2020/f/1082/proposals/3679;"";"";false;;
3684;;"";"";"";;"";"";"";253;http://decidim-vic.diba.cat/processes/merma2020?participatory_process_slug=merma2020;1082;Un parc infantil al centre;"Sempre he pensat que a Vic, i especialment al centre hi ha moltes poques zones d'esbarjo infantil. No cal que sigui el gran parc però que tingui un espai de joc. Com a opcions proposaria la plaça dels Màrtirs (on només hi ha una trista sorrera), o bé al Passeig, la Plaça Santa Eulàlia, o fins i tot la mateixa Plaça Major (on tornem a tenir només una sorrera).
#merma2020";"";vic-PROP-2020-02-3684;"";"";"";4;2;Jana, Mireia;0;0;11;2020-02-19 15:01:01 +0100;http://decidim-vic.diba.cat/processes/merma2020/f/1082/proposals/3684;"";"";false;;
3692;;"";"";"";;"";"";"";253;http://decidim-vic.diba.cat/processes/merma2020?participatory_process_slug=merma2020;1082;Parcs infantils ;"Vic disposa de diversos parcs infantils, molts d'ells amb mançances de manteniment.
Crec que seria interessant invertir en millorar els parcs actuals o crear-ne un de nou, apostant per estructures fetes amb materials naturals (fusta, cordes, aigua), amb arbres que proporcionin ombra i paviment natural (terra, grava, gespa) més que no pas catxú o ciment. 
Tenim una ciutat molt maca amb moltissims nens que es mereixen espais de qualitat com moltes altres ciutats han començat a fer.
#merma2020";"";vic-PROP-2020-02-3692;"";"";"";8;1;Mireia;1;0;11;2020-02-20 13:15:05 +0100;http://decidim-vic.diba.cat/processes/merma2020/f/1082/proposals/3692;"";"";false;;
3878;;"";"";"";;"";"";"";253;http://decidim-vic.diba.cat/processes/merma2020?participatory_process_slug=merma2020;1082;Rehabilitació  façana EASD;"Atès el baix pressupost de 200.000 €, penso que es podria rehabilitar la façana de l´EASD-Escola d´Art i Superior de Disseny de Vic. És un edifici que demana a crits que es rehabiliti i que, a més, l´utilitzen els estudiants.
#merma2020";rejected;vic-PROP-2020-03-3878;<p>Benvolguda, </p><p>la proposta que presenta no segueix els criteris establerts per a aquesta edició dels pressupostos participatius, aquest any destinats a millorar la zona verda del Merma. L'edifici de l'EASD, l'Escola d´Art i Superior de Disseny de Vic no es troba dins els límits de la zona verda.  Per aquest motiu ens veiem amb la obligació de rebutjar la proposta. </p><p>Esperem pugui presentar una nova proposta que contempli tots els requisits necessaris per ser validada. Per qualsevol dubte no quedi en posar-se en contacte amb nosaltres. </p><p><br></p><p>Moltes gràcies</p>;"";"";0;0;"";0;0;11;2020-03-07 23:01:08 +0100;http://decidim-vic.diba.cat/processes/merma2020/f/1082/proposals/3878;"";"";false;;
3877;;"";"";"";;"";"";"";253;http://decidim-vic.diba.cat/processes/merma2020?participatory_process_slug=merma2020;1082;Pipican a una zona desaprofitada ;"Hi han dos solars (un davant l’altre al c/Torelló amb Pça Joan Amades que s’hi podrian fer pipicans amb zona d’agility pels gossos.
#merma2020";"";vic-PROP-2020-03-3877;"";"";"";0;0;"";0;0;11;2020-03-07 22:34:26 +0100;http://decidim-vic.diba.cat/processes/merma2020/f/1082/proposals/3877;"";"";false;;
3690;;"";"";"";;"";"";"";253;http://decidim-vic.diba.cat/processes/merma2020?participatory_process_slug=merma2020;1082;Parcs amb gronxadors adaptats;"Gronxadors adaptats per a nens/es amb minusvalia ja que els que hi va haber fa temps al parc de la biblioteca es va treure.
#merma2020";"";vic-PROP-2020-02-3690;"";"";"";2;0;"";0;0;11;2020-02-20 12:31:07 +0100;http://decidim-vic.diba.cat/processes/merma2020/f/1082/proposals/3690;"";"";false;;
3709;;"";"";"";;"";"";"";253;http://decidim-vic.diba.cat/processes/merma2020?participatory_process_slug=merma2020;1082;Repensar el Crer Nou i la plaça dels màrtirs;"Plaça dels màrtirs. 
Seria ideal comptar amb una zona de parc infantil amb atractiu pels nens/es, una font que funcioni i que li doni encant a la plaça, arbres de diverses espècies que sabem milloren la qualität de l'aire..
Crer Nou: els que portem/hem portat cotxets, croses, cadires de rodes, carrets de la compra sabem que al Crer Nou hi ha un problema. Cal repensar la vorera, l'aparcament, la mobilitat dels veïns...
#merma2020";"";vic-PROP-2020-02-3709;"";"";"";2;1;David;1;0;12;2020-02-26 11:54:19 +0100;http://decidim-vic.diba.cat/processes/merma2020/f/1082/proposals/3709;"";"";false;;
3758;;"";"";"";;"";"";"";253;http://decidim-vic.diba.cat/processes/merma2020?participatory_process_slug=merma2020;1082;Pista de futbol coberta;"Els nens que els hi agrada futbol, quan plou no hi ha en tot Vic cap pista que sigui coberta. I no poden jugar.
#merma2020";"";vic-PROP-2020-03-3758;"";"";"";1;0;"";0;0;11;2020-03-05 21:32:43 +0100;http://decidim-vic.diba.cat/processes/merma2020/f/1082/proposals/3758;"";"";false;;
3706;;"";"";"";;"";"";"";253;http://decidim-vic.diba.cat/processes/merma2020?participatory_process_slug=merma2020;1082;Arreglar les voreres de la zona de darrere l'ambulatori;"Hi ha alguns carrers de la zona de darrere l'ambulatori amb les voreres estretes i sense anivellar (fan pendent cap a la calçada). Caldria fer-les de nou de manera que fossin adequades per tots els vianants.
Aquí cal afegir que el carrer Camí de l'Escorial té un tram sense vorera (ara està senyalitzada amb una línia pintada).
Els carrers afectats podrien ser: Camí de l'Escorial, Comptat d'Osona (el tram de la carretera de Roda fins al Camí de l'Escorial), Guilleries.
#merma2020";"";vic-PROP-2020-02-3706;"";"";"";1;0;"";0;0;11;2020-02-25 22:06:52 +0100;http://decidim-vic.diba.cat/processes/merma2020/f/1082/proposals/3706;"";"";false;;
3755;;"";"";"";;"";"";"";253;http://decidim-vic.diba.cat/processes/merma2020?participatory_process_slug=merma2020;1082;El banc de la cohesió ;"Al parc Miquel Albó Vidal de Llobatera (a la part de l'herba), es proposa ubicar un banc de material sostenible, amb forma prolongada i distribució flexible perquè hi càpiga molta gent. I què estigui integrat en el paisatge.
Creiem que és important per fomentar la cohesió i el teixit social i la vida a l'aire lliure. 
Beneficiarà a  totes les persones adultes i gent gran del veïnat que podran gaudir d'aquest espai tant bonic seient còmodament en aquest banc.
#merma2020";"";vic-PROP-2020-03-3755;"";"";"";0;0;"";0;0;11;2020-03-03 17:50:01 +0100;http://decidim-vic.diba.cat/processes/merma2020/f/1082/proposals/3755;"";"";false;;
3707;;"";"";"";;"";"";"";253;http://decidim-vic.diba.cat/processes/merma2020?participatory_process_slug=merma2020;1082;Valles del parc de la plaça de l'ambulatori;"El parc de la plaça de l'ambulatori està protegit per valles de fusta que limiten la zona de joc i deixen a fora els bancs per seure.
Potser seria millor traslladar les valles fins al límit de la plaça (just al costat de la calçada) de manera que els bancs estiguin dins la zona vallada i grans i petits puguin compartir el mateix espai.
#merma2020";"";vic-PROP-2020-02-3707;"";"";"";1;0;"";1;0;11;2020-02-25 22:12:19 +0100;http://decidim-vic.diba.cat/processes/merma2020/f/1082/proposals/3707;"";"";false;;
3691;;"";"";"";;"";"";"";253;http://decidim-vic.diba.cat/processes/merma2020?participatory_process_slug=merma2020;1082;Mercat municipal amb cara i ulls;"Un mercat municipal on comprar producte de km.0 de qualitat i bon preu. Un lloc amb cara i ulls, un d'aquells llocs que ens faci sentir orgullós de ser d'aquesta ciutat, on poder comprar amb les nostres carmanyoles, a granel ... com abans i que no ens faci passar les ganes d'anar a buscar-ho al supermercat. M'agrada el mercat, però no el nostre. Fa mala cara i l'hem de canviar.
#merma2020";rejected;vic-PROP-2020-02-3691;<p>Els pressupostos participatius de la zona del Merma 2020 no són un projecte de ciutat, les propostes han d'estar pensades per millorar un dels barris que formen la zona verda del Merma o que la seu o inici de la proposta es trobi dins aquesta zona. La seva proposta no fa referència a un espai del Merma i per això no pot ser acceptada. Tanmateix, el pressupost que s'haurien de destinar a aquesta proposta supera els 200.000€ que es posen en participació. Qualsevol proposta que no compleixi aquest o qualsevol dels altres requisits serà rebutjada. </p><p>No obstant, la seva proposta pot ser efectuada a través d'altres formes de participació que ofereix l'Ajuntament. </p><p>Gràcies per la participació i esperem pugui fer una nova proposta aviat que faci referència a la zona verda del Merma. </p>;"";"";4;1;Laura Bou;1;0;12;2020-02-20 12:41:18 +0100;http://decidim-vic.diba.cat/processes/merma2020/f/1082/proposals/3691;"";"";false;;
3693;;"";"";"";;"";"";"";253;http://decidim-vic.diba.cat/processes/merma2020?participatory_process_slug=merma2020;1082;Mantenir viva la plaça de la Noguera;"La plaça de la Noguera ha donat molta vida a un barri amb molta diversitat i alhora un xic apagat per motius de pocs espais. Ara, amb la Noguera el barri ha agafat vida, somriures,  una diversitat  amb integració social. 
Les nenes i els nens, els avis i les àvies, els adults de qualsevol ètnia que podem viure en aquest meravellós barri, ens agrada passejar-nos-hi.
Hi ha un col.lectiu que es mou i molt per defensar el barri. Proposo per part de la institució un recolzament.
#merma2020";rejected;vic-PROP-2020-02-3693;<p>Els pressupostos participatius de la zona del Merma 2020 no són un projecte de ciutat, les propostes han d'estar pensades per millorar un dels barris que formen la zona verda del Merma o que la seu o inici de la proposta es trobi dins aquesta zona. La seva proposta no fa referència a un espai del Merma i per això ha de ser retirada. Qualsevol proposta que no compleixi aquest o qualsevol dels altres requisits serà rebutjada. </p><p>No obstant, la seva proposta es pot canalitzar a través d'altres canals de participació que ofereix l'Ajuntament. </p><p>Gràcies per la participació i esperem pugui fer una nova proposta aviat que faci referència a la zona verda del Merma. </p>;"";"";0;0;"";0;0;11;2020-02-20 15:22:00 +0100;http://decidim-vic.diba.cat/processes/merma2020/f/1082/proposals/3693;"";"";false;;
