id;category/id;category/name/fr;scope/id;scope/name;participatory_space/id;participatory_space/url;component/id;title;body;state;reference;supports;endorsements;comments;attachments;followers;published_at;url;meeting_urls;related_proposals
13;3;Développement durable;;;1;http://www.budgetparticipatif-outreau.fr/processes/bp?participatory_process_slug=bp;7;Des espaces verts durables et utiles (surtout au Mont Soleil);Utiliser les espaces verts dans le cadre du développement durable : potagers partagés, jardins éphémères, abris à insectes, des serres... Le Mont Soleil, véritable poumon vert de la ville, devrait être le fer de lance du projet écologique : un immense jardin floral et une « cité scientifique de plein air » avec jeux éducatifs autour de l’ecologie.;"";obp-PROP-2019-03-13;0;0;0;0;1;2019-03-23 10:23:25 UTC;http://www.budgetparticipatif-outreau.fr/processes/bp/f/7/proposals/13;"";""
8;;;;;1;http://www.budgetparticipatif-outreau.fr/processes/bp?participatory_process_slug=bp;7;Mobilité urbaine ;"Pourquoi ne pas prévoir la réfection du sentier menant de la rue de Verdun au groupe scolaire Édouard Vaillant, à l'aide d'un enrobé définitif.
Ce chemin est plutôt impraticable dans l'état actuel lorsqu'il pleut.";"";obp-PROP-2019-03-8;0;0;0;1;2;2019-03-22 17:26:30 UTC;http://www.budgetparticipatif-outreau.fr/processes/bp/f/7/proposals/8;"";""
12;6;Espace urbain;;;1;http://www.budgetparticipatif-outreau.fr/processes/bp?participatory_process_slug=bp;7;Un carrefour à oublier;Le carrefour à la jonction de la rue du Portel, rue d’Outreau et du boulevard de la liberté (près du garage et du collège Jean Moulin) n’est pas adapté et propice à plusieurs accidents puisque beaucoup roulent trop vite et même grillent les priorités. Un rond point serait beaucoup plus adapté mais encore faut il en discuter avec la ville de Le Portel.;"";obp-PROP-2019-03-12;0;0;0;0;2;2019-03-23 10:03:36 UTC;http://www.budgetparticipatif-outreau.fr/processes/bp/f/7/proposals/12;"";""
11;6;Espace urbain;;;1;http://www.budgetparticipatif-outreau.fr/processes/bp?participatory_process_slug=bp;7;Propreté de la ville;"Pour une ville plus propre :
- l'aménagement d'un ""crottoir"" pour chien à l'angle des rues auguste comte et du sentier militaire (et ailleurs, dans d autres quartiers)
- le dépôt de piquet contenant des sacs pour que les propriétaires des chiens puissent ramasser les excréments de leur animal
- plus de poubelles publics, car les petits sacs en plastique contenant les crottes sont souvent balancés dans la nature ou le caniveau";"";obp-PROP-2019-03-11;0;0;0;0;1;2019-03-23 09:27:32 UTC;http://www.budgetparticipatif-outreau.fr/processes/bp/f/7/proposals/11;"";""
9;6;Espace urbain;;;1;http://www.budgetparticipatif-outreau.fr/processes/bp?participatory_process_slug=bp;7;Jardins ouvriers ;"Sur le modèle "" Jardiniers d'Outreau"" est il envisageable de créer une structure analogue sur la parcelle comprise entre la rue des hauts fourneaux et la rue Édouard Vaillant. Cette parcelle serait ainsi cultivée plus proprement qu'actuelement.";"";obp-PROP-2019-03-9;0;0;0;1;1;2019-03-22 17:36:44 UTC;http://www.budgetparticipatif-outreau.fr/processes/bp/f/7/proposals/9;"";""
18;7;Solidarité & Lien social;;;1;http://www.budgetparticipatif-outreau.fr/processes/bp?participatory_process_slug=bp;7;Troquons ensemble pour partager ;Création d'un site internet (ou ouverture d'une page FB) où chacun pourrait proposer un service, savoir faire, objet et ce qu'il attend en échange : recherche personne pour peindre une porte contre repassage. Le principe étant un échange basé sur le troc et non sur une rémunération afin d'éviter toute dérive. Ce serait l'occasion d'échanges intergénérationnels : un ou une retraité(e) pourrait proposer la garde d'un enfant après l'école contre par exemple une aide pour aller faire les courses. .;"";obp-PROP-2019-03-18;0;0;6;1;1;2019-03-29 20:13:30 UTC;http://www.budgetparticipatif-outreau.fr/processes/bp/f/7/proposals/18;"";""
10;7;Solidarité & Lien social;;;1;http://www.budgetparticipatif-outreau.fr/processes/bp?participatory_process_slug=bp;7;Créer des lieux de sociabilité;Équipés les parcs de tables de jeux .(jeux d’échecs ect);"";obp-PROP-2019-03-10;0;0;0;0;0;2019-03-23 07:51:43 UTC;http://www.budgetparticipatif-outreau.fr/processes/bp/f/7/proposals/10;"";""
14;3;Développement durable;;;1;http://www.budgetparticipatif-outreau.fr/processes/bp?participatory_process_slug=bp;7;Proposer une solution ou une alternative au marché sur la place du centre;Le marché d’Outreau n’attire pas, or à l’heure du développement durable et de l’eco-citoyenneté, c’est problématique. Pourquoi ne pas, dans le cadre de l’agriculture durable et au nom de l’agriculture de proximité, proposer des halles ou des galeries fixes qui serviraient de marché quotidien?  (en privilégiant toujours le circuit court et même des produits issus des potagers partagés (agriculture urbaine)).;"";obp-PROP-2019-03-14;0;0;0;0;1;2019-03-23 11:02:50 UTC;http://www.budgetparticipatif-outreau.fr/processes/bp/f/7/proposals/14;"";""
16;6;Espace urbain;;;1;http://www.budgetparticipatif-outreau.fr/processes/bp?participatory_process_slug=bp;7;Comme un air d'abandon dans ce quartier. Réagissons!;Nous aimerions donc une aire de jeux pour nos enfants ou alors venir couper tous les arbres qu il y a derrière chez nous, pour permettre aux enfants de se défouler. Les arbres sont tellement hauts qu'a 18h en pleins été nous n'avons plus de soleil. Plusieurs fois nous nous sommes pleins et en vain. Les enfants ont interdiction de jouer dans leurs propres quartiers car pour certains, ils font trop de bruit.;"";obp-PROP-2019-03-16;0;0;0;0;1;2019-03-26 07:40:10 UTC;http://www.budgetparticipatif-outreau.fr/processes/bp/f/7/proposals/16;"";""
7;7;Solidarité & Lien social;;;1;http://www.budgetparticipatif-outreau.fr/processes/bp?participatory_process_slug=bp;7;Balançoires pour enfants à mobilité réduite. (Fauteuils roulants );Permettre à tous les enfants de profiter des jeux dans les parcs. Parc du mont soleil par exemple.;"";obp-PROP-2019-03-7;0;0;0;0;1;2019-03-22 13:04:42 UTC;http://www.budgetparticipatif-outreau.fr/processes/bp/f/7/proposals/7;"";""
19;6;Espace urbain;;;1;http://www.budgetparticipatif-outreau.fr/processes/bp?participatory_process_slug=bp;7;Entrée de ville : Bd du 8 mai.;Le bas du boulevard du 8 mai, face à Garomanche, ne donne pas une bonne image de la ville. L'absence de cahier des charges pour construire les garages a conduit chacun à faire selon son gout et ses possibilités. Il en résulte une hétérogénéité qui frise la négligence. Il existe à Outreau des exemples que l'on peut mieux faire : rue des Peupliers...Ne pourrait-on, avec les habitants concernés, essayer de remédier à ce bric-à-brac inesthétique?;"";obp-PROP-2019-03-19;0;0;0;0;1;2019-04-13 09:31:48 UTC;http://www.budgetparticipatif-outreau.fr/processes/bp/f/7/proposals/19;"";""
15;6;Espace urbain;;;1;http://www.budgetparticipatif-outreau.fr/processes/bp?participatory_process_slug=bp;7;Priorité dangereuse;Mettre un céder le passage ou une glace a l’intercection Rue saint michel et rue des castors;"";obp-PROP-2019-03-15;0;0;0;0;1;2019-03-23 12:35:36 UTC;http://www.budgetparticipatif-outreau.fr/processes/bp/f/7/proposals/15;"";""
17;9;Autres;;;1;http://www.budgetparticipatif-outreau.fr/processes/bp?participatory_process_slug=bp;7; Lieu pour les enfants faire du vélo;"Serait il possible de créer un lieu où les enfants puissent jouer au vélo en sécurité...il y aurait la place au mont soleil par exemple...
Sinon on est obligé d aller sur les berges de la liane, agréables mais pas a côté.";"";obp-PROP-2019-03-17;0;0;0;0;1;2019-03-26 16:48:26 UTC;http://www.budgetparticipatif-outreau.fr/processes/bp/f/7/proposals/17;"";""
21;9;Autres;;;1;http://www.budgetparticipatif-outreau.fr/processes/bp?participatory_process_slug=bp;7;Plein d'idées pour la ville;"Investir dans les rues oubliées d’outreau (etat , guirlande de noel, propreté et entretien etc)
organisation de tournois de foot en salle pendant les vacances scolaire pour les moins de 14 ans 
revoir certains sens de circulation dangereux rue michelet par exemple
investir dans le marché  
aide à l'implantation de nouveau commerce 
interdiction des chiens dans le parc mon soleil 
brigade anti crotte de chien 
police municipale mieux utilisée";"";obp-PROP-2019-04-21;0;0;0;0;1;2019-04-05 09:08:02 UTC;http://www.budgetparticipatif-outreau.fr/processes/bp/f/7/proposals/21;"";""
20;6;Espace urbain;;;1;http://www.budgetparticipatif-outreau.fr/processes/bp?participatory_process_slug=bp;7;Régulation de trafic urbain;"Feux  tricolore gère et définit les règles de priorités à chaque carrefour. Chaque flux de trafic doit être analysé pour que le cycle d’allumage des feux soit adapté. La notion de durée de vert judicieuse doit être variable suivant l’axe et suivant l’heure de la journée, d’où la nécessité de mettre en place une programmation des feux, différente pour chaque carrefour et qui dépend, soit de l’heure et du type de jour, soit du volume de trafic effectif.
PlUS DE MOBILITÉ, PLUS DE FLUIDITÉ.";"";obp-PROP-2019-04-20;0;0;0;0;0;2019-04-03 07:09:58 UTC;http://www.budgetparticipatif-outreau.fr/processes/bp/f/7/proposals/20;"";""
29;9;Autres;;;1;http://www.budgetparticipatif-outreau.fr/processes/bp?participatory_process_slug=bp;7;Centre Ville d'Outreau;Le centre ville d'Outreau est totalement mort, il faut à moindre coût redonner l'envie aux artisans de venir sur le marché comme il y a 30/40 ans, ne pas avoir un marché scindé en deux (à l'origine, ou alors sur la place Bérégovoy),  cette place des cellules pourraient être aménager (coiffure en place) en partenariat avec Logis (sous réserve de ce bailleur).  revoir la circulation, sens interdit de partout, trop de contraintes de circulation véhicule (rendre à double sens la rue J.Michelet..).;"";obp-PROP-2019-04-29;0;0;0;0;1;2019-04-11 16:41:47 UTC;http://www.budgetparticipatif-outreau.fr/processes/bp/f/7/proposals/29;"";""
26;9;Autres;;;1;http://www.budgetparticipatif-outreau.fr/processes/bp?participatory_process_slug=bp;7;Stationnement Rue pasteur;"Je pense qu il serait bien pour des raisons de sécurité et d aplixation du code de la route de mettre en stationnement unilatéral le morceau de la rue pasteur entre la rue du biez et la rue victor hugo car habitant dans la rue victor hugo je suis oblige de passer dans le rue du biez et quand les voitures sont stationnées des deux côtés il est difficile de passer. De plus a la sortie de  lecole c est le même problème les enfants ne sont pas sécurités quand ils doivent traverser.
merci";"";obp-PROP-2019-04-26;0;0;0;0;1;2019-04-11 09:32:46 UTC;http://www.budgetparticipatif-outreau.fr/processes/bp/f/7/proposals/26;"";""
25;7;Solidarité & Lien social;;;1;http://www.budgetparticipatif-outreau.fr/processes/bp?participatory_process_slug=bp;7;Mettre à disposition des personnes à mobilité réduite des vélos adaptés.;"Objectif : Permettre la pratique du vélo par les personnes à mobilité réduite
Mise en œuvre : Proposer à la location des vélos adaptés dont les coûts d’achat sont souvent élevés.";"";obp-PROP-2019-04-25;0;0;0;1;0;2019-04-11 06:39:22 UTC;http://www.budgetparticipatif-outreau.fr/processes/bp/f/7/proposals/25;"";""
22;3;Développement durable;;;1;http://www.budgetparticipatif-outreau.fr/processes/bp?participatory_process_slug=bp;7;Panneaux solaires photovoltaïques ;"Produire de l’électrité sur le toit. Pose de panneaux solaires photovoltaïques pour la maison des associations dans un premier temps. Ensuite généralisation dans la mesure du possible dans tous les lieux recevant du public.
Consommez directement l’électricité produit .Économies d'énergie. L’énergie solaire est disponible gratuitement et durablement . Électricité propre.";"";obp-PROP-2019-04-22;0;0;0;0;0;2019-04-06 03:11:56 UTC;http://www.budgetparticipatif-outreau.fr/processes/bp/f/7/proposals/22;"";""
24;7;Solidarité & Lien social;;;1;http://www.budgetparticipatif-outreau.fr/processes/bp?participatory_process_slug=bp;7;Créer un Parc à Chiens;"Créer un espace fermé (dans le parc du mont soleil ou autre) pour permettre de promener les chiens sans laisse. Lieu de lien social et du bien être de l'animal (souvent confiné dans un appartement). Cela limiterait les crottes sur les trottoirs, espaces verts dédiés aux enfants, apporterait une solution à chacun.
Les plages, forêts sont interdites aux chiens et il n'existe pas dans la CAB de lieux dédiés à cette fin. Il pourrait être pris en charge, pour partie, par la CAB.";"";obp-PROP-2019-04-24;0;0;0;0;1;2019-04-11 05:58:18 UTC;http://www.budgetparticipatif-outreau.fr/processes/bp/f/7/proposals/24;"";""
28;6;Espace urbain;;;1;http://www.budgetparticipatif-outreau.fr/processes/bp?participatory_process_slug=bp;7;Manihen-coeur de ville;"Bonjour
Manihen (place, rue du havet etc) sont un peu les oubliés,scolaires, personnes agées, pmr.. Une navette bus en partenariat avec Marinéo pourrait être mise en place pour rejoindre le coeur de ville avec différents arrêts";"";obp-PROP-2019-04-28;0;0;1;0;2;2019-04-11 16:28:05 UTC;http://www.budgetparticipatif-outreau.fr/processes/bp/f/7/proposals/28;"";""
27;9;Autres;;;1;http://www.budgetparticipatif-outreau.fr/processes/bp?participatory_process_slug=bp;7;Stationnements et faire ralentir le voiture;Bonjour je pense qu il faudrait rajouter des stationnement dans la rue des hauts fourneaux mais aussi voir pour rajouter des bacs a fleur a certain endroit  qui ferai ralentir les véhicules pour protégé nos enfants;"";obp-PROP-2019-04-27;0;0;0;0;1;2019-04-11 11:53:12 UTC;http://www.budgetparticipatif-outreau.fr/processes/bp/f/7/proposals/27;"";""
31;6;Espace urbain;;;1;http://www.budgetparticipatif-outreau.fr/processes/bp?participatory_process_slug=bp;7;Pistes cyclables ;Piste cyclable reliant equihen a Boulogne  en passant  par  le boulevard  raymond splingard ,la rue kennedy et le boulevard  du 8 mai . Ces routes dangereuses  avec beaucoup  de circulations  sont assez larges pour la création  de  piste  . Ces pistes rendront  plus agréable  les déplacements  en vélo  et feront sûrement  de nouveaux  adeptes;"";obp-PROP-2019-04-31;0;0;0;0;1;2019-04-12 13:16:13 UTC;http://www.budgetparticipatif-outreau.fr/processes/bp/f/7/proposals/31;"";""
30;6;Espace urbain;;;1;http://www.budgetparticipatif-outreau.fr/processes/bp?participatory_process_slug=bp;7;Ralentissement et sécurité des riverains;"Les voitures arrivant à vive allure de la rue Hippolyte Adam bifurquent par la rue Pierre Brossolette afin de ne pas être ralentis. (passage du éboueurs, sorties scolaires). 
Afin d'éviter tout accident, serait il possible de passer cette rue en sens unique dans le sens Ernest Descleve- Hipollyte Adam. Sachant qu'il serait toujours possible de rejoindre la rue Ernest Descleve en empruntant la rue Emile Carpentier (mais obligerait les automobilistes à ralentir).";"";obp-PROP-2019-04-30;0;0;0;0;1;2019-04-11 17:51:39 UTC;http://www.budgetparticipatif-outreau.fr/processes/bp/f/7/proposals/30;"";""
32;8;Sports;;;1;http://www.budgetparticipatif-outreau.fr/processes/bp?participatory_process_slug=bp;7;Terrain de sport street workout;"Bonjour un projet de sport appeler street workout qui et équiper de barre de traction barre pour dips pompe abdominaux pour le bien être
il pourrait se situer dans le parc mont soleil par exemple vue la surface du parc.exemple sur le parc qui ont fait sur ostrove. et cela donne possibilité a beaucoup de personnes qui n'ont pas les moyens ou n'aime pas les salle de sport.merci a la mairie d'avoir créer cette page pour pouvoir améliorer la vie au quotidien  pour la ville.";"";obp-PROP-2019-04-32;0;0;0;1;1;2019-04-12 13:54:26 UTC;http://www.budgetparticipatif-outreau.fr/processes/bp/f/7/proposals/32;"";""
43;3;Développement durable;;;1;http://www.budgetparticipatif-outreau.fr/processes/bp?participatory_process_slug=bp;7;Opération 15000 Arbres pour 15 000 habitants;De nombreux endroits dans la commune sont tristes et impersonnels (Boulevard de la liberté, Garromanche, le secteur de la Liane etc .) , l'idée serait de remédier cela avec de la végétation en abondance afin de rendre la ville plus verte, plus en harmonie avec la nature !Véritable coulée verte sur les grands boulevards (arbuste, plante grimpante tout cela à grande échelle) tout en faisant participer les écoles, sensibiliser les citoyens à la biodiversité qui disparaît chaque jour un peu plus !;"";obp-PROP-2019-04-43;0;0;0;0;1;2019-04-19 08:18:39 UTC;http://www.budgetparticipatif-outreau.fr/processes/bp/f/7/proposals/43;"";""
39;9;Autres;;;1;http://www.budgetparticipatif-outreau.fr/processes/bp?participatory_process_slug=bp;7;Centre ville et marché;Le centre ville aurait besoin d'un marché digne de ce nom car lorsqu'on se promène les jours de marché on cherche les étales, c'est morne et peu fréquenté. Pourrait on envisager un marché couvert qui donnerait envie d'y venir s'y installer pour les vendeurs et aux outrelois de s'y promener et acheter ? Il faut y penser sérieusement...;"";obp-PROP-2019-04-39;0;0;0;0;1;2019-04-16 16:54:44 UTC;http://www.budgetparticipatif-outreau.fr/processes/bp/f/7/proposals/39;"";""
38;5;Education & jeunesse;;;1;http://www.budgetparticipatif-outreau.fr/processes/bp?participatory_process_slug=bp;7;Aidez les clubs et associations sportives;Il est anormal qu'un enfant soit obligé de trouver des clubs dans les communes alentours (Equihen, Le portel,...). Pour exemple, le club de foot est passé de 3 équipes de 9/10 ans l'année dernière à 2 cette année. Le même sort pour les 11/12 ans l'année prochaine ? Un tri est donc fait en fin d'année pour le renouvellement des licences. La mairie ne peut elle pas mettre à disposition du personnel (contrats aidés ou autres) pour ne plus refuser l'inscription des enfants !;"";obp-PROP-2019-04-38;0;0;0;0;1;2019-04-16 07:25:37 UTC;http://www.budgetparticipatif-outreau.fr/processes/bp/f/7/proposals/38;"";""
33;5;Education & jeunesse;;;1;http://www.budgetparticipatif-outreau.fr/processes/bp?participatory_process_slug=bp;7;Le Jardin Partagé des Écoliers ;La création d’un jardin à cultiver par nos enfants de la maternelle jusqu’au Collège. BUT découvrir à chaque période de l’année ce que l on peut planter, à quoi ça sert, et peut on recycler ? PÉDAGOGIE Maternelle par ex peindre un jardin/Primaire cueillette de fruits 🍓🍎🍅🥕récoltés pr les écoles, réaliser un exposé oral pour la kermesse/Collège par ex enrichir le Français, Math, dénombrer, compter, ranger les graines ,bulbes /en Géo réaliser un plan;"";obp-PROP-2019-04-33;0;0;0;0;1;2019-04-12 18:44:02 UTC;http://www.budgetparticipatif-outreau.fr/processes/bp/f/7/proposals/33;"";""
34;7;Solidarité & Lien social;;;1;http://www.budgetparticipatif-outreau.fr/processes/bp?participatory_process_slug=bp;7;Kiosque à livres;Emprunter, échanger, et donner des livres qui dorment chez nous, c est faire circuler les histoires qui nous ont emportés. Pourquoi pas faire ce kiosque ou petites boites au Mont Soleil;"";obp-PROP-2019-04-34;0;0;0;1;0;2019-04-12 20:29:08 UTC;http://www.budgetparticipatif-outreau.fr/processes/bp/f/7/proposals/34;"";""
36;6;Espace urbain;;;1;http://www.budgetparticipatif-outreau.fr/processes/bp?participatory_process_slug=bp;7;Création d’un passage piéton ;Un passage piéton qui serait très très apprécié par les passants, juste en face de Pas de Calais Habitat, bd de la liberté, malgré les deux qui existent mais trop éloignés;"";obp-PROP-2019-04-36;0;0;0;0;1;2019-04-12 21:08:40 UTC;http://www.budgetparticipatif-outreau.fr/processes/bp/f/7/proposals/36;"";""
40;9;Autres;;;1;http://www.budgetparticipatif-outreau.fr/processes/bp?participatory_process_slug=bp;7;Problème de stationnement et de circulation;"Existe t il un texte de loi concernant le nombre de véhicules par foyer autorisés à stationner dans les rues.  Attention également à la vitesse dans les rues en sens unique de la ville, les motos et les voitures y déboulent à plus de 50 km/heure. Bien voir aussi la dangerosité du boulevard ""des libertés"" (fréquents demi tours sur la voie, voitures abandonnées) et aussi dans les rues perpendiculaires.";"";obp-PROP-2019-04-40;0;0;0;0;1;2019-04-16 17:24:45 UTC;http://www.budgetparticipatif-outreau.fr/processes/bp/f/7/proposals/40;"";""
35;6;Espace urbain;;;1;http://www.budgetparticipatif-outreau.fr/processes/bp?participatory_process_slug=bp;7;Rond point mitoyen Outreau/Le Portel;Création de deux « rond-point » près du collège Jean Moulin, via la fin du bd de la liberté et à l entrée d’Outreau, le début du bd de la liberté, près de la boulangerie l’Abricotine , un travail à faire avec les deux communes car très dangereux aussi bien pour les piétons et véhicules;"";obp-PROP-2019-04-35;0;0;0;0;0;2019-04-12 21:02:58 UTC;http://www.budgetparticipatif-outreau.fr/processes/bp/f/7/proposals/35;"";""
41;4;Culture ;;;1;http://www.budgetparticipatif-outreau.fr/processes/bp?participatory_process_slug=bp;7;Pour un projet de création d’un Atelier Théâtre Senior;"Retraité - ancien comédien  (1°prix C.R.R Lille) , je serais disposé à mettre en place un projet d'Atelier Théâtre Senior pour les retraités. 
Mais en dehors de l' aspect purement artistique, il y a avant tout un désir : aider les seniors dans leur découverte du théâtre en privilégiant en priorité le « plaisir ». En effet le théâtre c’est aussi échapper au quotidien, vivre d’autres vies, oublier ses ennuis et partager des moments intenses.";"";obp-PROP-2019-04-41;0;0;0;1;0;2019-04-16 17:35:44 UTC;http://www.budgetparticipatif-outreau.fr/processes/bp/f/7/proposals/41;"";""
44;6;Espace urbain;;;1;http://www.budgetparticipatif-outreau.fr/processes/bp?participatory_process_slug=bp;7;Aménagement et sécurité  Manihen ;Refaire le chemin menant de la rue de Verdun jusqu'à l école Édouard Vaillant ,ajouter un éclairage public  si possible , et mettre à disposition un distributeur de sachets pour les déjections canines à chaque extrémités du chemin .;"";obp-PROP-2019-04-44;0;0;0;0;1;2019-04-19 10:39:24 UTC;http://www.budgetparticipatif-outreau.fr/processes/bp/f/7/proposals/44;"";""
42;9;Autres;;;1;http://www.budgetparticipatif-outreau.fr/processes/bp?participatory_process_slug=bp;7;Parc animalier dans le Parc du Mont Soleil;"Un parc animalier type basse cour ( lapin, poule,oie...) comme au Parc de la Falaise, dans le Parc du Mont Soleil.
Il y avait des chevaux il y a de nombreuses années dans le parc.";"";obp-PROP-2019-04-42;0;0;0;0;1;2019-04-17 15:55:12 UTC;http://www.budgetparticipatif-outreau.fr/processes/bp/f/7/proposals/42;"";""
47;6;Espace urbain;;;1;http://www.budgetparticipatif-outreau.fr/processes/bp?participatory_process_slug=bp;7;Outreau new look;Afin de donner un nouveau look à la ville de Outreau et surtout éviter d'enlaidir le paysage, il serait judicieux de supprimer les panneaux publicitaires de grandes dimensions (3m*4m) les démarches sont simples pour la ville et le coût est nul .;"";obp-PROP-2019-04-47;0;0;0;0;1;2019-04-26 15:18:07 UTC;http://www.budgetparticipatif-outreau.fr/processes/bp/f/7/proposals/47;"";""
45;4;Culture ;;;1;http://www.budgetparticipatif-outreau.fr/processes/bp?participatory_process_slug=bp;7;Amélioration des locaux de l'école de musique;"L'école de musique et de danse a déjà été embellie avec la réfection de la façade par un artiste, mais la commune pourrait peut-être songer à créer un espace plus grand de type ""auditorium"", (annexe ou salle supplémentaire)  pour accueillir plus de monde, proposer plus d'animations ou d'événements au sein de l'école ou organiser les examens dans une salle plus adaptée.";"";obp-PROP-2019-04-45;0;0;0;0;1;2019-04-23 06:33:05 UTC;http://www.budgetparticipatif-outreau.fr/processes/bp/f/7/proposals/45;"";""
56;4;Culture ;;;1;http://www.budgetparticipatif-outreau.fr/processes/bp?participatory_process_slug=bp;7;Création association;"Nous souhaitons créer une association qui grâce à l'engagement de ses adhérents et la collaboration avec les habitants et les services municipaux qui organiserait des évènements tels que des activités de sensibilisation au voyage, des spectacles des grands jeux familiaux et bien d'autres actions toutes fond""es sur l'importance des valeurs essentielles comme la générosité, la convivialité et le sens du devoir écologique";"";obp-PROP-2019-05-56;0;0;0;0;1;2019-05-16 09:10:41 UTC;http://www.budgetparticipatif-outreau.fr/processes/bp/f/7/proposals/56;"";""
46;3;Développement durable;;;1;http://www.budgetparticipatif-outreau.fr/processes/bp?participatory_process_slug=bp;7;Végétalisons.....;"Profitons des toitures plates de certains de nos bâtiments publics (écoles, mairie...) pour les végétaliser.
Les avantages des toits végétaux:
Isolation thermique et phonique
Amélioration de la qualité de l’air
Biodiversité, absorption de CO2 et d’eau....
Alors allons y!";"";obp-PROP-2019-04-46;0;0;0;0;1;2019-04-24 07:08:10 UTC;http://www.budgetparticipatif-outreau.fr/processes/bp/f/7/proposals/46;"";""
52;9;Autres;;;1;http://www.budgetparticipatif-outreau.fr/processes/bp?participatory_process_slug=bp;7;Stationnement et circulation dans la rue Jean-Jacques Rousseau.;Je propose de mettre en sens unique notre rue, une enquête a été réalisé auprès des riverains de cette rue et celle de la rue Jules Michelet et le traçage sur la voie des emplacements de stationnement afin que les usagers et riverains puissent se stationner avec plus de facilité. En effet, certains riverains manquent de courtoisie et se garent avec des distances qui empêchent le stationnement d'autres véhicules.;"";obp-PROP-2019-04-52;0;0;0;1;1;2019-04-30 16:37:58 UTC;http://www.budgetparticipatif-outreau.fr/processes/bp/f/7/proposals/52;"";""
48;6;Espace urbain;;;1;http://www.budgetparticipatif-outreau.fr/processes/bp?participatory_process_slug=bp;7;Rue Lamartine securité;Afin d'améliorer le cadre de vie des riverains ,d'augmenter la sécurité et tout simplement être logique il serait judicieux de rendre la rue Lamartine avec un seul sens de circulation semblable à la rue Pantigny.;"";obp-PROP-2019-04-48;0;0;0;0;1;2019-04-26 15:26:38 UTC;http://www.budgetparticipatif-outreau.fr/processes/bp/f/7/proposals/48;"";""
50;6;Espace urbain;;;1;http://www.budgetparticipatif-outreau.fr/processes/bp?participatory_process_slug=bp;7;Il est urgent de proteger nos enfants des fous du volant! Trop vite dans la rue des Hauts Fourneaux!;"Notre ville est très fréquentée par de nombreux automobilistes, souvent pressés. Alors donc, on emprunte la rue des Hauts Fourneaux et, pour grappiller quelques précieuses secondes, on appuie sur le champignon, en descente comme en montée.
Malgré les chicanes et le dos d'âne installés lors de la réfection de la chaussée, le virage devant les serres Lemaire sert de piste d'accélération.
La solution : deux coussins berlinois en sortie de virage et un passage piéton.";"";obp-PROP-2019-04-50;0;0;0;1;1;2019-04-29 08:21:12 UTC;http://www.budgetparticipatif-outreau.fr/processes/bp/f/7/proposals/50;"";""
51;6;Espace urbain;;;1;http://www.budgetparticipatif-outreau.fr/processes/bp?participatory_process_slug=bp;7;Aménagement du haut de la rue verte ;"Réhabilitation aménagement nettoyage des abords de ce chemin fréquenté par des personnes sans moyens de transport se rendant dans les supermarché plus bas.
Ce chemin est actuellement difficilement praticable  ( escalier et chemin du haut  en mauvais état) .

De plus un nettoyage des abords  qui se transforme en décharge a ciel ouvert qui deviens la poubelle du quartier.
Voila mon projet";"";obp-PROP-2019-04-51;0;0;0;0;1;2019-04-30 16:01:55 UTC;http://www.budgetparticipatif-outreau.fr/processes/bp/f/7/proposals/51;"";""
49;6;Espace urbain;;;1;http://www.budgetparticipatif-outreau.fr/processes/bp?participatory_process_slug=bp;7;Outreau ville coquette et propre;Pour améliorer la vision de la ville il faudrait penser à l'urbanisme tant sur le plan architecture (rue de la paix) et ses cages à lapins que sur le plan aménagement annexe avec local à poubelles afin de ne pas les retrouver en façade de rue.;"";obp-PROP-2019-04-49;0;0;0;0;1;2019-04-26 15:34:36 UTC;http://www.budgetparticipatif-outreau.fr/processes/bp/f/7/proposals/49;"";""
54;;;;;1;http://www.budgetparticipatif-outreau.fr/processes/bp?participatory_process_slug=bp;7;Amélioration de la circulation rue Saint Michel;"Interdire à partir du magasin Carrefour jusqu'à la rue Maurice Chevalier la circulation des poids lourds.
Chaussée très dégradée et voir le panneau situé à l'angle de la rue Maurice Chevalier et rue St Michel qui est en sens interdit et souvent emprunté faute de visibilité ( caché par des branchages).";"";obp-PROP-2019-05-54;0;0;0;0;1;2019-05-14 09:57:09 UTC;http://www.budgetparticipatif-outreau.fr/processes/bp/f/7/proposals/54;"";""
53;6;Espace urbain;;;1;http://www.budgetparticipatif-outreau.fr/processes/bp?participatory_process_slug=bp;7;Faire un terrain de boule face aux jardin potager;"Il suffit de nettoyer le terrain qui est le long des garages, c'était déjà un terrain de boule avec des graviers rouge et l'on appelé ça le terrain rouge. Il est recouvert d'herbe et donc ça ne devrait pas être cher. 
Serait-il possible que les gens puissent faire barbecue aussi ? Dans l'herbe.";"";obp-PROP-2019-05-53;0;0;0;0;1;2019-05-14 09:43:21 UTC;http://www.budgetparticipatif-outreau.fr/processes/bp/f/7/proposals/53;"";""
55;;;;;1;http://www.budgetparticipatif-outreau.fr/processes/bp?participatory_process_slug=bp;7;Création d'un terrain de cardio-goal;"Je souhaiterais un terrain de cardio-goal sur le mont soleil parce que c'est le sport crée par Ludovic Wampouille. C""est un pompier de Marquise qui possède un club de cardio goal à Outreau.";"";obp-PROP-2019-05-55;0;0;0;0;1;2019-05-14 10:01:50 UTC;http://www.budgetparticipatif-outreau.fr/processes/bp/f/7/proposals/55;"";""
57;6;Espace urbain;;;1;http://www.budgetparticipatif-outreau.fr/processes/bp?participatory_process_slug=bp;7;Rue en sens unique;"La rue Émile Zola a une circulation difficile surtout aux heures de repas, à cause du stationnement bilatéral particulièrement anarchique qui rend impossible le croisement de 2 véhicules en sens inverse.
Serait-il possible de rendre cette rue à sens unique sur toute sa longueur depuis la rue Desclèves en direction de la rue D’Émile Zola, car la fréquentation à fortement augmenté depuis la mise en sens unique de la rue Jean Jaurès";"";obp-PROP-2019-05-57;0;0;0;0;1;2019-05-16 09:15:11 UTC;http://www.budgetparticipatif-outreau.fr/processes/bp/f/7/proposals/57;"";""
58;;;;;1;http://www.budgetparticipatif-outreau.fr/processes/bp?participatory_process_slug=bp;7;Poubelle à l'air libre;"Déplacer ou enterrer ou fermer et couvrir les poubelles qui sont à l'air libre devant les résidences ""les pensées"", ""les Narcisses"" et ""les Rosiers"" c'est insalubre, le vent entraine beaucoup de déchets et les mouettes se régalent...";"";obp-PROP-2019-05-58;0;0;0;0;1;2019-05-16 11:17:50 UTC;http://www.budgetparticipatif-outreau.fr/processes/bp/f/7/proposals/58;"";""
