id;category/id;category/name;scope/id;scope/name;participatory_space/id;participatory_space/url;component/id;title/ca;title/es;description/ca;description/es;start_time;end_time;attendees;contributions;organizations;address;location/ca;location/es;reference;comments;attachments;followers;url;related_proposals;related_results
5;;;;;7;http://participa.vilanova.cat/processes/pressupostosparticipatius2017?participatory_process_slug=pressupostosparticipatius2017;13;Sessió informativa adreçada al Consell Municipal d’Associacions de veïns ;Sessió informativa adreçada al Consell Municipal d’Associacions de veïns ;"<p>Sessió informativa adreçada al Consell Municipal d’Associacions de veïns&nbsp;</p><p><br></p>";"<p>Sessió informativa adreçada al Consell Municipal d’Associacions de veïns&nbsp;</p>";2017-03-14 19:30:00;2017-03-14 21:00:00;0;0;;Plaça de la Vila 8;Ajuntament de Vilanova i la Geltrú;Ajuntament de Vilanova i la Geltrú;VG-MEET-2017-04-5;0;0;0;http://participa.vilanova.cat/processes/pressupostosparticipatius2017/f/13/meetings/5;"";""
6;;;;;7;http://participa.vilanova.cat/processes/pressupostosparticipatius2017?participatory_process_slug=pressupostosparticipatius2017;13;Sessió Informativa adreçada als membres dels Consells Municipals;Sessió adreçada als membres dels Consells Municipals;<p>Sessió adreçada als membres dels Consells Municipals</p>;<p>Sessió adreçada als membres dels Consells Municipals</p>;2017-03-16 19:30:00;2017-03-16 21:00:00;0;0;;Plaça de l'Associació dels Alumnes Obrers s/n;Centre Cívic La Geltrú;Centre Cívic La Geltrú;VG-MEET-2017-04-6;0;0;0;http://participa.vilanova.cat/processes/pressupostosparticipatius2017/f/13/meetings/6;"";""
7;;;;;7;http://participa.vilanova.cat/processes/pressupostosparticipatius2017?participatory_process_slug=pressupostosparticipatius2017;13;Sessió Informativa Oberta a la Ciutadania;Sessió Informativa Oberta a la Ciutadania;<p>Sessió Informativa Oberta a la Ciutadania</p>;<p>Sessió Informativa Oberta a la Ciutadania</p>;2017-03-22 19:30:00;2017-03-22 21:00:00;0;0;;Plaça de l'Associació dels Alumnes Obrers ;Centre Cívic La Geltrú;Centre Cívic La Geltrú;VG-MEET-2017-04-7;0;0;0;http://participa.vilanova.cat/processes/pressupostosparticipatius2017/f/13/meetings/7;"";""
16;;;;;16;http://participa.vilanova.cat/processes/AVANCPOUM?participatory_process_slug=AVANCPOUM;43;Presentació de l'avanç del POUM;;"<p>En aquesta jornada es presentarà l'anàlisi i diagnosi inicial de l'Avanç, un document realitzat per l'equip d'urbanistes encarregat de la redacció de l'Avanç. En aquesta presentació ens explicaran les principals conclusions i reptes que han detectat per a Vilanova i la Geltrú, pel que fa a relació amb la natura, mobilitat, desenvolupament urbà, espais verds, equipaments, habitatge, etc.</p><p>Si vols participar cal inscripció prèvia en aquest <a href=""https://docs.google.com/forms/d/e/1FAIpQLSci3RQ0oCEooyImNxpfhnUR93MwFpTJ2--fLgZTpjM1umKWpw/viewform?vc=0&amp;c=0&amp;w=1&amp;flr=0&amp;gxids=7628"" target=""_blank"">formulari</a>.</p>";;2020-09-23 18:30:00;2020-09-23 20:30:00;0;0;;Plataforma de videoconferència;S'informarà a les persones inscrites de l'enllaç de la trobada.;;VG-MEET-2020-01-16;0;0;10;http://participa.vilanova.cat/processes/AVANCPOUM/f/43/meetings/16;"";""
17;38;;;;16;http://participa.vilanova.cat/processes/AVANCPOUM?participatory_process_slug=AVANCPOUM;43;Itinerari participatiu 1: Ciutat i territori. Usos en sòl rústic;;"<p><strong><em>SUSPÉS TEMPORALMENT</em></strong></p><p>En aquest itinerari descobrirem una part poc coneguda del municipi de Vilanova i la Geltrú: el territori que s'estén més enllà de la C-31. És un espai majoritàriament no urbanitzable, però que acull diverses activitats: agrícoles, d’esbarjo, industrials, etc.&nbsp;</p><p>Durant el recorregut descobrirem els diferents camins existents (com el Camí Ral) i parlarem sobre com es poden potenciar i recuperar aquests camins. Parlarem també dels possibles usos que es podrien realitzar i especialment de la situació de les urbanitzacions periurbanes i les seves problemàtiques. </p><p>Si vols participar cal inscripció prèvia en aquest <a href=""https://docs.google.com/forms/d/e/1FAIpQLSci3RQ0oCEooyImNxpfhnUR93MwFpTJ2--fLgZTpjM1umKWpw/viewform?vc=0&amp;c=0&amp;w=1&amp;flr=0&amp;gxids=7628"" target=""_blank"">formulari</a>.</p>";;2020-09-26 10:00:00;2020-09-26 13:00:00;0;0;;Ronda Ibèrica (aparcament Hospital) ;Aparcament de l'Hospital;;VG-MEET-2020-02-17;0;0;9;http://participa.vilanova.cat/processes/AVANCPOUM/f/43/meetings/17;"";""
18;35;;;;16;http://participa.vilanova.cat/processes/AVANCPOUM?participatory_process_slug=AVANCPOUM;43;Itinerari participatiu 2: El front marítim. Obrir Vilanova i la Geltrú al mar? ;;"<p><strong><em>SUSPÉS TEMPORALMENT</em></strong></p><p>En aquest itinerari us proposem caminar per un espai ben conegut de la ciutat: el seu front marítim urbà. Us convidem a fer un recorregut des de l’Espai Far fins al Xalet del Nin, on parlarem d’alguns dels reptes que té aquest espai: la relació del port amb la ciutat, la millora de la mobilitat, la recuperació d’espais naturals a la costa, les activitats econòmiques existents, etc. </p><p>Si vols participar cal inscripció prèvia en aquest <a href=""https://docs.google.com/forms/d/e/1FAIpQLSci3RQ0oCEooyImNxpfhnUR93MwFpTJ2--fLgZTpjM1umKWpw/viewform?vc=0&amp;c=0&amp;w=1&amp;flr=0&amp;gxids=7628"" target=""_blank"">formulari</a>.</p>";;2020-10-17 11:00:00;2020-10-17 13:00:00;0;0;;Pujada del Far de Sant Cristòfol, 2;Espai Far;;VG-MEET-2020-02-18;0;0;9;http://participa.vilanova.cat/processes/AVANCPOUM/f/43/meetings/18;"";""
19;35;;;;16;http://participa.vilanova.cat/processes/AVANCPOUM?participatory_process_slug=AVANCPOUM;43;Itinerari participatiu 3: El nord de la ciutat. Una nova centralitat;;"<p><strong><em>SUSPÉS TEMPORALMENT</em></strong></p><p>En aquest itinerari us proposem començar fent una mirada al passat per poder imaginar-nos com serà el futur del centre urbà de Vilanova i la Geltrú. Explorarem el territori que segons el planejament aprovat actualment acollirà importants infraestructures (com la Línia Orbital Ferroviària i l’Hospital Comarcal), nous edificis residencials i noves activitats econòmiques. Volem discutir els reptes que suposa per a la ciutat l’aparició d’aquesta centralitat, que farà créixer a Vilanova i la Geltrú més cap al nord.</p><p>Si vols participar cal inscripció prèvia en aquest <a href=""https://docs.google.com/forms/d/e/1FAIpQLSci3RQ0oCEooyImNxpfhnUR93MwFpTJ2--fLgZTpjM1umKWpw/viewform?vc=0&amp;c=0&amp;w=1&amp;flr=0&amp;gxids=7628"" target=""_blank"">formulari</a>.</p>";;2020-10-24 11:00:00;2020-10-24 13:00:00;0;0;;Plaça de la Vila 8 ;Plaça de la Vila 8;;VG-MEET-2020-02-19;0;0;8;http://participa.vilanova.cat/processes/AVANCPOUM/f/43/meetings/19;"";""
20;;;;;16;http://participa.vilanova.cat/processes/AVANCPOUM?participatory_process_slug=AVANCPOUM;43;Taller 2. Mobilitat, equipaments i espais lliures.;;"<p>En aquest taller participatiu explicarem els reptes de mobilitat que té la ciutat, la diagnosi dels equipaments i del sistema d'espais lliures de la ciutat. Posteriorment recollirem aportacions per a millorar aquests tres aspectes. Es faran servir eines de treball col·laboratiu virtual. Es recomana tenir disponible ordinador (millor que tablet o telèfon mòbil).</p><p>Si vols participar cal inscripció prèvia en aquest <a href=""https://docs.google.com/forms/d/e/1FAIpQLSci3RQ0oCEooyImNxpfhnUR93MwFpTJ2--fLgZTpjM1umKWpw/viewform?vc=0&amp;c=0&amp;w=1&amp;flr=0&amp;gxids=7628"" target=""_blank"">formulari</a>.</p>";;2020-10-29 18:30:00;2020-10-29 20:30:00;0;0;;Plataforma de videoconferència.;S'informarà a les persones inscrites de l'enllaç de la trobada.;;VG-MEET-2020-07-20;1;0;8;http://participa.vilanova.cat/processes/AVANCPOUM/f/43/meetings/20;"";""
21;;;;;16;http://participa.vilanova.cat/processes/AVANCPOUM?participatory_process_slug=AVANCPOUM;43;Taller 1. Entorn natural i desenvolupament urbà.;;"<p>En aquest taller parlarem sobre la situació dels sectors de desenvolupament previstos actualment i reflexionarem sobre la necessitat d'augmentar el sòl urbanitzable i els seus impactes en relació a l'entorn natural i als espais agrícoles.</p><p>Si vols participar cal inscripció prèvia en aquest <a href=""https://docs.google.com/forms/d/e/1FAIpQLSci3RQ0oCEooyImNxpfhnUR93MwFpTJ2--fLgZTpjM1umKWpw/viewform?vc=0&amp;c=0&amp;w=1&amp;flr=0&amp;gxids=7628"" target=""_blank"">formulari</a>.</p>";;2020-10-20 18:30:00;2020-10-20 20:30:00;0;0;;Plataforma de videoconferència;S'informarà a les persones inscrites de l'enllaç de la trobada.;;VG-MEET-2020-07-21;0;0;8;http://participa.vilanova.cat/processes/AVANCPOUM/f/43/meetings/21;"";""
15;;;;;18;http://participa.vilanova.cat/processes/PAM?participatory_process_slug=PAM;45;Audiència Pública del PAM;;<p>Audiència Pública per explicar la proposta d'esborrany del PAM i recollir propostes de la ciutadania</p>;;2019-11-14 19:00:00;2019-11-14 21:00:00;0;0;;Carrer dels Magatzems Nous 17;Local Social Confraria de Pescadors ;;VG-MEET-2019-11-15;0;0;7;http://participa.vilanova.cat/processes/PAM/f/45/meetings/15;"";""
24;;;;;1;http://participa.vilanova.cat/assemblies/consellsmunicipals?assembly_slug=consellsmunicipals;52;Trobada del Consell d'AV ;;<p>Ordre del dia:</p><p>1.- Lectura i aprovació de l’acta anterior</p><p>2.- Pressupost 2021</p><p>3.- Precs i preguntes</p>;;2021-02-03 19:00:00;2021-02-03 20:30:00;0;0;;Plataforma Zoom;Plataforma Zoom;;VG-MEET-2021-02-24;0;0;7;http://participa.vilanova.cat/assemblies/consellsmunicipals/f/52/meetings/24;"";""
25;;;;;1;http://participa.vilanova.cat/assemblies/consellsmunicipals?assembly_slug=consellsmunicipals;52;Trobada del Consell d'AV ;;<p>Ordre del dia</p><p>1. Aprovació de l’acta del consell del dia 31 d’octubre de 2019.</p><p>2. Pressupost municipal 2020</p><p>3. Precs i preguntes</p>;;2019-12-09 19:00:00;2019-12-10 20:30:00;0;0;;Plaça de la Vila 8 ;Plaça de la Vila 8;;VG-MEET-2021-02-25;0;0;7;http://participa.vilanova.cat/assemblies/consellsmunicipals/f/52/meetings/25;"";""
28;;;;;3;http://participa.vilanova.cat/assemblies/mesademobilitat?assembly_slug=mesademobilitat;53;3a Mesa de Mobilitat;;<p>Ordre del dia: </p><p>Proposta d'actuacions de pacificació al centre de la ciutat. </p>;;2021-01-27 18:30:00;2021-01-27 20:00:00;0;0;;Plataforma Zoom;Plataforma Zoom;;VG-MEET-2021-02-28;0;0;6;http://participa.vilanova.cat/assemblies/mesademobilitat/f/53/meetings/28;"";""
26;;;;;3;http://participa.vilanova.cat/assemblies/mesademobilitat?assembly_slug=mesademobilitat;53;1a Mesa de Mobilitat;;<p>Ordre del dia: </p><p>Proposta de carrils bici de Francesc Macià i Josep Coroleu</p>;;2020-09-30 19:00:00;2020-09-30 20:30:00;0;0;;Plataforma Zoom;Plataforma Zoom;;VG-MEET-2021-02-26;0;0;6;http://participa.vilanova.cat/assemblies/mesademobilitat/f/53/meetings/26;"";""
29;;;;;2;http://participa.vilanova.cat/assemblies/Mesadelagentgran?assembly_slug=Mesadelagentgran;54;Mesa de la Gent Gran 10/01/2020;;<p>Ordre del dia: </p><ul><li>Funcionament de la Mesa de la Gent Gran</li></ul>;;2020-01-10 10:00:00;2020-01-10 11:00:00;0;0;;Casal de la Gent Gran;Casal de la Gent Gran;;VG-MEET-2021-02-29;0;0;6;http://participa.vilanova.cat/assemblies/Mesadelagentgran/f/54/meetings/29;"";""
30;;;;;2;http://participa.vilanova.cat/assemblies/Mesadelagentgran?assembly_slug=Mesadelagentgran;54;Mesa de la Gent Gran 22/07/2020;;"<p>Ordre del dia: </p><ul>
<li>Impacte de la pandèmia vers la població de persones grans de la ciutat.</li>
<li>Situació derivada de la pandèmia. Pla de xoc social i econòmic. Reprenem Vilanova i la Geltrú</li>
<li>Elecció d’una persona representant de la Mesa de la Gent gran per participar en la Comissió Especial Municipal sobre el model d’atenció a la dependència i a la gent gran, aprovada en el Ple del 6/7/20.</li>
</ul>";;2020-07-22 17:00:00;2020-07-22 19:00:00;0;0;;Plataforma Zoom;Plataforma Zoom;;VG-MEET-2021-02-30;0;0;6;http://participa.vilanova.cat/assemblies/Mesadelagentgran/f/54/meetings/30;"";""
31;;;;;2;http://participa.vilanova.cat/assemblies/Mesadelagentgran?assembly_slug=Mesadelagentgran;54;Mesa de la Gent Gran 10/12/2020;;<p>Ordre del dia:</p><ul><li>Explicació, per part de la representant de la Mesa de la Gent Gran a la Comissió Especial Municipal model d’atenció a la dependència i a la gent gran</li><li>Precs i preguntes</li></ul>;;2020-12-10 10:00:00;2020-12-10 11:15:00;0;0;;Plataforma Zoom;Plataforma Zoom;;VG-MEET-2021-02-31;0;0;6;http://participa.vilanova.cat/assemblies/Mesadelagentgran/f/54/meetings/31;"";""
37;;;;;5;http://participa.vilanova.cat/assemblies/Mesadecooperacio?assembly_slug=Mesadecooperacio;55;Trobada de la Mesa de Cooperació 09/10/2019;;<p>Ordre del dia: </p><ol><li>Mostra d'entitats de cooperació</li></ol>;;2019-10-09 18:00:00;2021-02-09 20:00:00;0;0;;Plaça de la Vila 12;Ajuntament de Vilanova i la Geltrú - Casa Olivella;;VG-MEET-2021-03-37;0;0;8;http://participa.vilanova.cat/assemblies/Mesadecooperacio/f/55/meetings/37;"";""
38;;;;;5;http://participa.vilanova.cat/assemblies/Mesadecooperacio?assembly_slug=Mesadecooperacio;55;Trobada de la Mesa de Cooperació 06/11/2019;;<p>Ordre del dia: </p><ol><li>Fira de Novembre</li><li>Ciutats Defensores dels Drets Humans</li></ol>;;2019-11-06 18:00:00;2019-11-06 20:00:00;0;0;;Plaça de la Vila 12;Ajuntament de Vilanova i la Geltrú - Casa Olivella;;VG-MEET-2021-03-38;0;0;8;http://participa.vilanova.cat/assemblies/Mesadecooperacio/f/55/meetings/38;"";""
39;;;;;5;http://participa.vilanova.cat/assemblies/Mesadecooperacio?assembly_slug=Mesadecooperacio;55;Trobada de la Mesa de Cooperació 23/10/2019;;<p>Ordre del dia: </p><ol><li>Pluja d'idees d'accions a impulsar per les entitats de cooperació</li></ol>;;2019-10-23 18:00:00;2019-10-23 20:00:00;0;0;;Plaça de la Vila 12;Ajuntament de Vilanova i la Geltrú - Casa Olivella ;;VG-MEET-2021-03-39;0;0;8;http://participa.vilanova.cat/assemblies/Mesadecooperacio/f/55/meetings/39;"";""
40;;;;;5;http://participa.vilanova.cat/assemblies/Mesadecooperacio?assembly_slug=Mesadecooperacio;55;Trobada de la Mesa de Cooperació 20/11/2019;;<p>Ordre del dia: </p><ol><li>Dinàmica per a definir l'espai de trobada de les entitats de Cooperació</li></ol>;;2019-11-20 18:00:00;2019-11-20 20:00:00;0;0;;Plaça de la Vila 12;Ajuntament de Vilanova i la Geltrú - Casa Olivella;;VG-MEET-2021-03-40;0;0;8;http://participa.vilanova.cat/assemblies/Mesadecooperacio/f/55/meetings/40;"";""
41;;;;;5;http://participa.vilanova.cat/assemblies/Mesadecooperacio?assembly_slug=Mesadecooperacio;55;Trobada de la Mesa de Cooperació 04/12/2019;;<p>Ordre del dia: </p><ol><li>Dinàmica Què demanes a l'Ajuntament</li></ol>;;2019-12-04 18:00:00;2019-12-04 20:00:00;0;0;;Plaça de la Vila 12;Ajuntament de Vilanova i la Geltrú - Casa Olivella;;VG-MEET-2021-03-41;0;0;8;http://participa.vilanova.cat/assemblies/Mesadecooperacio/f/55/meetings/41;"";""
42;;;;;6;http://participa.vilanova.cat/assemblies/Consellmediamabient?assembly_slug=Consellmediamabient;57;Trobada del Consell de Medi ambient 3 de març de 2020;;<p>Ordre del dia:</p><ol><li>Lectura i aprovació de l’Acta del Consell Municipal de Medi Ambient de 10/12/2019.</li><li>Tema monogràfic: Reestructuració del model de funcionament del CMMA.</li><li>Precs i preguntes</li></ol>;;2020-03-03 18:30:00;2020-03-03 20:30:00;0;0;;Rambla de la Pau 46-48;Can Pahissa;;VG-MEET-2021-03-42;0;0;7;http://participa.vilanova.cat/assemblies/Consellmediamabient/f/57/meetings/42;"";""
43;;;;;6;http://participa.vilanova.cat/assemblies/Consellmediamabient?assembly_slug=Consellmediamabient;57;Trobada del Consell de Medi ambient 17 de juny de 2020;;"<p>Ordre del dia: </p><ol><li>Lectura i aprovació de la darrera acta del CMMA</li><li>Període COVID19. Indicadors ambientals i aspectes de biodiversitat; corriols, platges, verd urbà. I actes setmana Medi Ambient i Energia 2020. Ajuntament VNG. Rewilding i treballs de jardineria habituals. Formulada per APMA.</li><li>Presentació del Projecte “RESTAURACIÓ DE LA PLATJA LLARGA”, emmarcat dins de la subvenció FEDER – EIX 6. “Garraf: camins, patrimoni i natura”.</li><li>1a sessió del Grup de Treball “Qualitat de l’aire, contaminació atmosfèrica i salut ambiental”. </li><li>Preguntes i peticions </li></ol>";;2020-06-17 17:30:00;2020-06-18 19:00:00;0;0;;Plataforma Zoom;Plataforma Zoom;;VG-MEET-2021-03-43;0;0;7;http://participa.vilanova.cat/assemblies/Consellmediamabient/f/57/meetings/43;"";""
44;;;;;6;http://participa.vilanova.cat/assemblies/Consellmediamabient?assembly_slug=Consellmediamabient;57;Trobada del Consell de Medi ambient 25 de març 2021;;<p>Ordre del dia: </p><p> </p><p><strong>1.     </strong>Lectura i aprovació de la darrera acta.</p><p><strong>2.     </strong>Proposta de reglament de règim intern del Consell de Medi Ambient (veure document adjunt). </p><p><strong>3.     </strong>Pla Especial d’Ordenació de l’activitat extractiva de la pedrera Coll Ferran (aportat per APMA, veure document adjunt)</p><p> </p><p>	<u>Varis</u></p><p>-         Temporada 2021. Corriol Camanegre.</p><p>-         Retorn sessió del Grup de Treball Acta reunió Grup de Treball “Medi Ambient – Territori– Urbanisme” del 7 d’octubre de 2020 (Veure Document annex)</p><p>-         Hort social C. Almogàvers (AV Ribes Roges)</p><p> </p><p><strong>    <u>Precs i preguntes</u></strong></p><p>-      “Accions recollida brossa carrers, platges, etc. ,senyalització, gossos, platja”. (Aportació ciutadana) </p>;;2021-03-25 17:30:00;2021-03-25 19:00:00;0;0;;Plataforma Zoom;Plataforma Zoom;;VG-MEET-2021-03-44;1;0;7;http://participa.vilanova.cat/assemblies/Consellmediamabient/f/57/meetings/44;"";""
