id;category/id;category/name;scope/id;scope/name;participatory_space/id;participatory_space/url;component/id;title/ca;title/es;description/ca;description/es;start_time;end_time;attendees;contributions;organizations;address;location/ca;location/es;reference;comments;attachments;followers;url;related_proposals;related_results
7;;;;;7;http://participa.vilanova.cat/processes/pressupostosparticipatius2017?participatory_process_slug=pressupostosparticipatius2017;13;Sessió Informativa Oberta a la Ciutadania;Sessió Informativa Oberta a la Ciutadania;<p>Sessió Informativa Oberta a la Ciutadania</p>;<p>Sessió Informativa Oberta a la Ciutadania</p>;2017-03-22 19:30:00;2017-03-22 21:00:00;0;0;;Plaça de l'Associació dels Alumnes Obrers ;Centre Cívic La Geltrú;Centre Cívic La Geltrú;VG-MEET-2017-04-7;0;0;0;http://participa.vilanova.cat/processes/pressupostosparticipatius2017/f/13/meetings/7;"";""
5;;;;;7;http://participa.vilanova.cat/processes/pressupostosparticipatius2017?participatory_process_slug=pressupostosparticipatius2017;13;Sessió informativa adreçada al Consell Municipal d’Associacions de veïns ;Sessió informativa adreçada al Consell Municipal d’Associacions de veïns ;"<p>Sessió informativa adreçada al Consell Municipal d’Associacions de veïns&nbsp;</p><p><br></p>";"<p>Sessió informativa adreçada al Consell Municipal d’Associacions de veïns&nbsp;</p>";2017-03-14 19:30:00;2017-03-14 21:00:00;0;0;;Plaça de la Vila 8;Ajuntament de Vilanova i la Geltrú;Ajuntament de Vilanova i la Geltrú;VG-MEET-2017-04-5;0;0;0;http://participa.vilanova.cat/processes/pressupostosparticipatius2017/f/13/meetings/5;"";""
6;;;;;7;http://participa.vilanova.cat/processes/pressupostosparticipatius2017?participatory_process_slug=pressupostosparticipatius2017;13;Sessió Informativa adreçada als membres dels Consells Municipals;Sessió adreçada als membres dels Consells Municipals;<p>Sessió adreçada als membres dels Consells Municipals</p>;<p>Sessió adreçada als membres dels Consells Municipals</p>;2017-03-16 19:30:00;2017-03-16 21:00:00;0;0;;Plaça de l'Associació dels Alumnes Obrers s/n;Centre Cívic La Geltrú;Centre Cívic La Geltrú;VG-MEET-2017-04-6;0;0;0;http://participa.vilanova.cat/processes/pressupostosparticipatius2017/f/13/meetings/6;"";""
8;;;;;9;http://participa.vilanova.cat/processes/Pladexoc2017?participatory_process_slug=Pladexoc2017;23; Presentació del Pacte Social de VNG;;"<p><br></p><p>Presentació del Pacte Social de VNG</p><p><br></p><p><a href=""http://participa.vilanova.cat/uploads/decidim/attachment/file/14/Pacte_Social_2015_-_Còpia.pdf"" target=""_blank"">Pacte Social 2015</a></p>";;2015-07-07 19:00:00;2015-07-07 21:00:00;0;0;;Sala d'Actes de la UPC de Vilanova i la Geltrú;Sala d'Actes de la UPC de Vilanova i la Geltrú;;VG-MEET-2017-07-8;0;0;0;http://participa.vilanova.cat/processes/Pladexoc2017/f/23/meetings/8;"";""
11;;;;;9;http://participa.vilanova.cat/processes/Pladexoc2017?participatory_process_slug=Pladexoc2017;23;Presentació pública del Pla de Xoc 2016 ;;"<p>Presentació pública del Pla de Xoc 2016 a la UPC. </p><p><br></p><p><a href=""http://participa.vilanova.cat/uploads/decidim/attachment/file/16/Pla_de_Xoc_2016.pdf"" target=""_blank"">Pla de Xoc 2016</a></p>";;2016-01-28 18:00:00;2016-01-28 20:00:00;0;0;;Sala d'Actes de la UPC de Vilanova i la Geltrú;Sala d'Actes de la UPC de Vilanova i la Geltrú;;VG-MEET-2017-07-11;0;0;0;http://participa.vilanova.cat/processes/Pladexoc2017/f/23/meetings/11;"";""
10;;;;;9;http://participa.vilanova.cat/processes/Pladexoc2017?participatory_process_slug=Pladexoc2017;23;Taller participatiu del Pla de Xoc: Parlem de d’accions socials, habitatge, cohesió i participació. ;;"<p>Taller participatiu del Pla de Xoc: Parlem de d’accions socials, habitatge, cohesió i participació.&nbsp;</p><p><br></p><p><a href=""http://participa.vilanova.cat/uploads/decidim/attachment/file/15/Tallers_Particip_Pla_d_Xoc_16.pdf"" target=""_blank"">Propostes fetes a la trobada </a></p>";;2015-11-03 18:00:00;2015-11-03 20:00:00;0;0;;Centre Cívic La Geltrú;Centre Cívic La Geltrú;;VG-MEET-2017-07-10;0;0;0;http://participa.vilanova.cat/processes/Pladexoc2017/f/23/meetings/10;"";""
9;;;;;9;http://participa.vilanova.cat/processes/Pladexoc2017?participatory_process_slug=Pladexoc2017;23;Taller participatiu del Pla de Xoc: Parlem d’Educació i Ocupació ;;"<p>Taller participatiu del Pla de Xoc: Parlem d’Educació i Ocupació. </p><p><br></p><p><a href=""http://participa.vilanova.cat/uploads/decidim/attachment/file/15/Tallers_Particip_Pla_d_Xoc_16.pdf"" target=""_blank"">Propostes fetes a la trobada </a></p>";;2015-11-29 18:00:00;2015-11-29 20:00:00;0;0;;Centre Cívic La Geltrú;Centre Cívic La Geltrú;;VG-MEET-2017-07-9;0;0;0;http://participa.vilanova.cat/processes/Pladexoc2017/f/23/meetings/9;"";""
13;;;;;9;http://participa.vilanova.cat/processes/Pladexoc2017?participatory_process_slug=Pladexoc2017;23;Taller participatiu: infància, gent gran, pobresa i exclusió social.;;"<p>Taller participatiu: infància, gent gran, pobresa i exclusió social. Adreçat a entitats i professionals per fer propostes de cara al Pla de xoc 2017. Al CC Geltrú. </p><p><br></p><p><a href=""http://participa.vilanova.cat/uploads/decidim/attachment/file/18/Taller_participatiu_Pla_de_Xoc_17.pdf"" target=""_blank"">Propostes fetes a la trobada </a></p>";;2017-03-09 18:00:00;2017-03-09 20:00:00;0;0;;Centre Cívic La Geltrú;Centre Cívic La Geltrú;;VG-MEET-2017-07-13;0;0;0;http://participa.vilanova.cat/processes/Pladexoc2017/f/23/meetings/13;"";""
12;;;;;9;http://participa.vilanova.cat/processes/Pladexoc2017?participatory_process_slug=Pladexoc2017;23;Grup de treball amb experts ;;"<p>Grup de treball amb experts en els àmbits del pla per fer una valoració de les accions desenvolupades durant el 2016 i fer propostes de cara al Pla de xoc 2017. Al CC Geltrú</p><p><br></p><p><a href=""http://participa.vilanova.cat/uploads/decidim/attachment/file/18/Taller_participatiu_Pla_de_Xoc_17.pdf"" target=""_blank"">Propostes fetes a la trobada</a></p>";;2017-01-12 10:00:00;2017-01-12 12:00:00;0;0;;Centre Cívic La Geltrú;Centre Cívic La Geltrú;;VG-MEET-2017-07-12;0;0;0;http://participa.vilanova.cat/processes/Pladexoc2017/f/23/meetings/12;"";""
16;;;;;16;http://participa.vilanova.cat/processes/AVANCPOUM?participatory_process_slug=AVANCPOUM;43;Presentació de l'avanç del POUM;;"<p>En aquesta jornada es presentarà l'anàlisi i diagnosi inicial de l'Avanç, un document realitzat per l'equip d'urbanistes encarregat de la redacció de l'Avanç. En aquesta presentació ens explicaran les principals conclusions i reptes que han detectat per a Vilanova i la Geltrú, pel que fa a relació amb la natura, mobilitat, desenvolupament urbà, espais verds, equipaments, habitatge, etc.</p><p>Si vols participar cal inscripció prèvia en aquest <a href=""https://docs.google.com/forms/d/e/1FAIpQLSci3RQ0oCEooyImNxpfhnUR93MwFpTJ2--fLgZTpjM1umKWpw/viewform?vc=0&amp;c=0&amp;w=1&amp;flr=0&amp;gxids=7628"" target=""_blank"">formulari</a>.</p>";;2020-09-23 18:30:00;2020-09-23 20:30:00;0;0;;Plataforma de videoconferència;S'informarà a les persones inscrites de l'enllaç de la trobada.;;VG-MEET-2020-01-16;0;0;2;http://participa.vilanova.cat/processes/AVANCPOUM/f/43/meetings/16;"";""
19;35;;;;16;http://participa.vilanova.cat/processes/AVANCPOUM?participatory_process_slug=AVANCPOUM;43;Itinerari participatiu 3: El nord de la ciutat. Una nova centralitat;;"<p><strong><em>SUSPÉS TEMPORALMENT</em></strong></p><p>En aquest itinerari us proposem començar fent una mirada al passat per poder imaginar-nos com serà el futur del centre urbà de Vilanova i la Geltrú. Explorarem el territori que segons el planejament aprovat actualment acollirà importants infraestructures (com la Línia Orbital Ferroviària i l’Hospital Comarcal), nous edificis residencials i noves activitats econòmiques. Volem discutir els reptes que suposa per a la ciutat l’aparició d’aquesta centralitat, que farà créixer a Vilanova i la Geltrú més cap al nord.</p><p>Si vols participar cal inscripció prèvia en aquest <a href=""https://docs.google.com/forms/d/e/1FAIpQLSci3RQ0oCEooyImNxpfhnUR93MwFpTJ2--fLgZTpjM1umKWpw/viewform?vc=0&amp;c=0&amp;w=1&amp;flr=0&amp;gxids=7628"" target=""_blank"">formulari</a>.</p>";;2020-10-24 11:00:00;2020-10-24 13:00:00;0;0;;Plaça de la Vila 8 ;Plaça de la Vila 8;;VG-MEET-2020-02-19;0;0;0;http://participa.vilanova.cat/processes/AVANCPOUM/f/43/meetings/19;"";""
21;;;;;16;http://participa.vilanova.cat/processes/AVANCPOUM?participatory_process_slug=AVANCPOUM;43;Taller 1. Entorn natural i desenvolupament urbà.;;"<p>En aquest taller parlarem sobre la situació dels sectors de desenvolupament previstos actualment i reflexionarem sobre la necessitat d'augmentar el sòl urbanitzable i els seus impactes en relació a l'entorn natural i als espais agrícoles.</p><p>Si vols participar cal inscripció prèvia en aquest <a href=""https://docs.google.com/forms/d/e/1FAIpQLSci3RQ0oCEooyImNxpfhnUR93MwFpTJ2--fLgZTpjM1umKWpw/viewform?vc=0&amp;c=0&amp;w=1&amp;flr=0&amp;gxids=7628"" target=""_blank"">formulari</a>.</p>";;2020-10-20 18:30:00;2020-10-20 20:30:00;0;0;;Plataforma de videoconferència;S'informarà a les persones inscrites de l'enllaç de la trobada.;;VG-MEET-2020-07-21;0;0;0;http://participa.vilanova.cat/processes/AVANCPOUM/f/43/meetings/21;"";""
20;;;;;16;http://participa.vilanova.cat/processes/AVANCPOUM?participatory_process_slug=AVANCPOUM;43;Taller 2. Mobilitat, equipaments i espais lliures.;;"<p>En aquest taller participatiu explicarem els reptes de mobilitat que té la ciutat, la diagnosi dels equipaments i del sistema d'espais lliures de la ciutat. Posteriorment recollirem aportacions per a millorar aquests tres aspectes. Es faran servir eines de treball col·laboratiu virtual. Es recomana tenir disponible ordinador (millor que tablet o telèfon mòbil).</p><p>Si vols participar cal inscripció prèvia en aquest <a href=""https://docs.google.com/forms/d/e/1FAIpQLSci3RQ0oCEooyImNxpfhnUR93MwFpTJ2--fLgZTpjM1umKWpw/viewform?vc=0&amp;c=0&amp;w=1&amp;flr=0&amp;gxids=7628"" target=""_blank"">formulari</a>.</p>";;2020-10-29 18:30:00;2020-10-29 20:30:00;0;0;;Plataforma de videoconferència.;S'informarà a les persones inscrites de l'enllaç de la trobada.;;VG-MEET-2020-07-20;1;0;0;http://participa.vilanova.cat/processes/AVANCPOUM/f/43/meetings/20;"";""
17;38;;;;16;http://participa.vilanova.cat/processes/AVANCPOUM?participatory_process_slug=AVANCPOUM;43;Itinerari participatiu 1: Ciutat i territori. Usos en sòl rústic;;"<p><strong><em>SUSPÉS TEMPORALMENT</em></strong></p><p>En aquest itinerari descobrirem una part poc coneguda del municipi de Vilanova i la Geltrú: el territori que s'estén més enllà de la C-31. És un espai majoritàriament no urbanitzable, però que acull diverses activitats: agrícoles, d’esbarjo, industrials, etc.&nbsp;</p><p>Durant el recorregut descobrirem els diferents camins existents (com el Camí Ral) i parlarem sobre com es poden potenciar i recuperar aquests camins. Parlarem també dels possibles usos que es podrien realitzar i especialment de la situació de les urbanitzacions periurbanes i les seves problemàtiques. </p><p>Si vols participar cal inscripció prèvia en aquest <a href=""https://docs.google.com/forms/d/e/1FAIpQLSci3RQ0oCEooyImNxpfhnUR93MwFpTJ2--fLgZTpjM1umKWpw/viewform?vc=0&amp;c=0&amp;w=1&amp;flr=0&amp;gxids=7628"" target=""_blank"">formulari</a>.</p>";;2020-09-26 10:00:00;2020-09-26 13:00:00;0;0;;Ronda Ibèrica (aparcament Hospital) ;Aparcament de l'Hospital;;VG-MEET-2020-02-17;0;0;1;http://participa.vilanova.cat/processes/AVANCPOUM/f/43/meetings/17;"";""
18;35;;;;16;http://participa.vilanova.cat/processes/AVANCPOUM?participatory_process_slug=AVANCPOUM;43;Itinerari participatiu 2: El front marítim. Obrir Vilanova i la Geltrú al mar? ;;"<p><strong><em>SUSPÉS TEMPORALMENT</em></strong></p><p>En aquest itinerari us proposem caminar per un espai ben conegut de la ciutat: el seu front marítim urbà. Us convidem a fer un recorregut des de l’Espai Far fins al Xalet del Nin, on parlarem d’alguns dels reptes que té aquest espai: la relació del port amb la ciutat, la millora de la mobilitat, la recuperació d’espais naturals a la costa, les activitats econòmiques existents, etc. </p><p>Si vols participar cal inscripció prèvia en aquest <a href=""https://docs.google.com/forms/d/e/1FAIpQLSci3RQ0oCEooyImNxpfhnUR93MwFpTJ2--fLgZTpjM1umKWpw/viewform?vc=0&amp;c=0&amp;w=1&amp;flr=0&amp;gxids=7628"" target=""_blank"">formulari</a>.</p>";;2020-10-17 11:00:00;2020-10-17 13:00:00;0;0;;Pujada del Far de Sant Cristòfol, 2;Espai Far;;VG-MEET-2020-02-18;0;0;0;http://participa.vilanova.cat/processes/AVANCPOUM/f/43/meetings/18;"";""
15;;;;;18;http://participa.vilanova.cat/processes/PAM?participatory_process_slug=PAM;45;Audiència Pública del PAM;;<p>Audiència Pública per explicar la proposta d'esborrany del PAM i recollir propostes de la ciutadania</p>;;2019-11-14 19:00:00;2019-11-14 21:00:00;0;0;;Carrer dels Magatzems Nous 17;Local Social Confraria de Pescadors ;;VG-MEET-2019-11-15;0;0;0;http://participa.vilanova.cat/processes/PAM/f/45/meetings/15;"";""
22;;;;;19;http://participa.vilanova.cat/processes/mesamobilitatVNG?participatory_process_slug=mesamobilitatVNG;49;1a Mesa de Mobilitat;;<p>Presentació de les propostes d'avantprojectes de carril bici de Francesc Macià i Rambla Samà  </p>;;2020-09-30 19:00:00;2020-09-30 20:30:00;0;0;;Plataforma Zoom;Plataforma Zoom;;VG-MEET-2020-10-22;0;0;0;http://participa.vilanova.cat/processes/mesamobilitatVNG/f/49/meetings/22;"";""
23;;;;;19;http://participa.vilanova.cat/processes/mesamobilitatVNG?participatory_process_slug=mesamobilitatVNG;49;2a Mesa de Mobilitat;;<p>Presentació de les actuacions a la Ronda Ibèrica  </p>;;2020-11-04 18:30:00;2020-11-04 20:00:00;0;0;;Plataforma Zoom;Plataforma Zoom;;VG-MEET-2020-10-23;0;0;0;http://participa.vilanova.cat/processes/mesamobilitatVNG/f/49/meetings/23;"";""
