id;created_at;body;locale;author/id;author/name;alignment;depth;user_group/id;user_group/name/ca;user_group/name/es;commentable_id;commentable_type;root_commentable_url
174;2020-09-16 09:38:44 UTC;Me extraña que después de más de cuatro años de reuniones con el área de movilidad incluidos concejales, no se hable de la propuesta de restricción de tráfico en la calle Ventosa i Roig. Como mínimo el desvío de camiones por la calle Solicrup o Ronda Europa, la última actuación de bandas sonoras y límite de velocidad al no haber vegilancia, no se respeta.;ca;6190;Antonio Pujol Santiago;0;0;;"";"";20;Decidim::Meetings::Meeting;http://participa.vilanova.cat/processes/AVANCPOUM/f/43/meetings/20
175;2021-04-09 07:28:29 UTC;"Thank you so much for giving us the opportunity to express our feelings and thoughts about the above details. I think you will continue to update and change this information from time to time if there is a need for change.


Visit: https://apkreach.com/brawl-stars-apk-mod-download/";ca;6821;apkreach;0;0;;"";"";44;Decidim::Meetings::Meeting;http://participa.vilanova.cat/assemblies/Consellmediamabient/f/57/meetings/44
