id;category/id;category/name/en;category/name/ca;category/name/es;scope/id;scope/name/en;scope/name/ca;scope/name/es;participatory_space/id;participatory_space/url;component/id;title;body;state;reference;supports;endorsements;comments;attachments;followers;published_at;url;meeting_urls;related_proposals
76;;"";"";"";;"";"";"";3;http://decideix.esparreguera.cat/processes/pressupostos2018?participatory_process_slug=pressupostos2018;11;Connexió entre el carrer de Baix i el carrer Barcelona.;"Caldria pavimentar i posa una barana a les escales que uneixen el
Carrer de Baix i el carrer Barcelona, per facilitar l'accés a les persones
Amb dificultats.";"";decideix_esparreguera-PROP-2018-02-76;0;0;0;0;0;2018-02-28 10:08:21 UTC;http://decideix.esparreguera.cat/processes/pressupostos2018/f/11/proposals/76;"";""
74;;"";"";"";;"";"";"";3;http://decideix.esparreguera.cat/processes/pressupostos2018?participatory_process_slug=pressupostos2018;11;Aparcament de l'Escola Pau Vila.Entre  els carrers Cerdanya i Vallespir;"Caldria pavimentar el aparcament que està davant de l'Escola Pau 
Vila. Quan plou queda enfangat. ";"";decideix_esparreguera-PROP-2018-02-74;0;0;0;0;0;2018-02-28 08:42:02 UTC;http://decideix.esparreguera.cat/processes/pressupostos2018/f/11/proposals/74;"";""
8;;"";"";"";;"";"";"";3;http://decideix.esparreguera.cat/processes/pressupostos2018?participatory_process_slug=pressupostos2018;11;Control Colònies Gats;"Es benefici de tots poder gaudir d’una ciutat neta i saludable.  El control d’animals no es una qüestió animalista sinó que es una obligació el cuidar i controlar les colònies per mitigar les plagues, zoonosis i/o accidents que provoquen animals que deambulen sense control i que no tindran mai la oportunitat de ser acollits. Amb aquest pressupost i per 80€/gat es podrà solventar totes dues necessitats alhora mitjançant el grup de voluntaris “Gats del carrer Baix Llobregat"".";"";decideix_esparreguera-PROP-2018-02-8;0;0;0;0;0;2018-02-06 20:39:11 UTC;http://decideix.esparreguera.cat/processes/pressupostos2018/f/11/proposals/8;"";""
6;;"";"";"";;"";"";"";3;http://decideix.esparreguera.cat/processes/pressupostos2018?participatory_process_slug=pressupostos2018;11;Senyalització Biblioteca Municipal L'Ateneu d'Esparreguera;"Demano que es posi  senyalització per arribar a la Biblioteca Municipal L'Ateneu:
Avinguda Francesc Macià i Marimon, Plaça Santa Anna i Passatge de l'Ateneu, Carrer dels Arbres, Carrers Taquígraf Garriga i Carrer Sant Antoni.";"";decideix_esparreguera-PROP-2018-02-6;0;0;0;0;0;2018-02-05 18:08:40 UTC;http://decideix.esparreguera.cat/processes/pressupostos2018/f/11/proposals/6;"";""
7;;"";"";"";;"";"";"";3;http://decideix.esparreguera.cat/processes/pressupostos2018?participatory_process_slug=pressupostos2018;11;Adequació Ptge. Ateneu;"El passatge és de molta afluència (nens, pares, avis), per anar a l'escola, a la biblioteca, com a drecera. Hi ha voreres que no fan l’ús per als vianants,  diferents pilones, brutícia (excrements, vidres, llaunes, plàstics, papers, vehicle abandonat) per incivisme i poc il·luminat, que donen una imatge de deixadesa. La proposta seria que estigués prohibit estacionar, excepte 1 o 2 places per a minusvàlids, paviment únic i il·luminació eficient.
Veure fotos";"";decideix_esparreguera-PROP-2018-02-7;0;0;0;1;1;2018-02-06 17:11:17 UTC;http://decideix.esparreguera.cat/processes/pressupostos2018/f/11/proposals/7;"";""
9;;"";"";"";;"";"";"";3;http://decideix.esparreguera.cat/processes/pressupostos2018?participatory_process_slug=pressupostos2018;11;Prova esparreguera;Prova esparreguera esparreguera esparreguera esparreguera;"";decideix_esparreguera-PROP-2018-02-9;0;0;0;1;0;2018-02-07 11:30:16 UTC;http://decideix.esparreguera.cat/processes/pressupostos2018/f/11/proposals/9;"";""
10;;"";"";"";;"";"";"";3;http://decideix.esparreguera.cat/processes/pressupostos2018?participatory_process_slug=pressupostos2018;11;Instal.lar muntacàrregues a la casa dels mestres;La casa dels mestres és una instal.lació municipal a on s’hi ubiquen diferents activitats , entre les quals hi ha l’escola d’arts plàstiques on s’hi fan classes de restauració de mobles.  Seria molt útil disposar d’un muntacàrregues per poder pujar els mobles a restaurar al tercer pis. Es podria ubicar al forat de l’escala ja que és molt ampli.  ;"";decideix_esparreguera-PROP-2018-02-10;0;0;0;0;0;2018-02-07 15:02:48 UTC;http://decideix.esparreguera.cat/processes/pressupostos2018/f/11/proposals/10;"";""
39;;"";"";"";;"";"";"";3;http://decideix.esparreguera.cat/processes/pressupostos2018?participatory_process_slug=pressupostos2018;11;Enllumenat al barri de Mas d'en;Posar al barri de Mas d'en Gall , bombetes de LED , per tenir una millor il·luminació ,  i deixar de sortir per les nits amb llanternes ....;"";decideix_esparreguera-PROP-2018-02-39;0;0;0;0;1;2018-02-19 20:10:03 UTC;http://decideix.esparreguera.cat/processes/pressupostos2018/f/11/proposals/39;"";""
11;;"";"";"";;"";"";"";3;http://decideix.esparreguera.cat/processes/pressupostos2018?participatory_process_slug=pressupostos2018;11;Sistema de vigilància a la zona d'audiovisuals a la Biblioteca;A la biblioteca hi ha una inversió efectuada en documents de tota mena, a càrrec dels pressupostos Municipal i de la Diputació. Malauradament, aquest bens que pertanyen a tota la comunitat, estan sotmesos darrerament a una espiral de furts i robatoris, sobre tot el material audiovisual. Segueix en document adjunt.;"";decideix_esparreguera-PROP-2018-02-11;0;0;0;0;1;2018-02-07 15:55:28 UTC;http://decideix.esparreguera.cat/processes/pressupostos2018/f/11/proposals/11;"";""
12;;"";"";"";;"";"";"";3;http://decideix.esparreguera.cat/processes/pressupostos2018?participatory_process_slug=pressupostos2018;11;Control Colònies Gats;"Es benefici de tots poder gaudir d’una ciutat neta i saludable.  El control d’animals no es una qüestió animalista sinó que es una obligació el cuidar i controlar les colònies per mitigar les plagues, zoonosis i/o accidents que provoquen animals que deambulen sense control i que no tindran mai la oportunitat de ser acollits. Amb aquest pressupost complert es podrà solventar totes dues necessitats alhora mitjançant el grup de voluntaris “Gats del carrer Baix Llobregat"".";"";decideix_esparreguera-PROP-2018-02-12;0;0;0;1;0;2018-02-07 19:32:53 UTC;http://decideix.esparreguera.cat/processes/pressupostos2018/f/11/proposals/12;"";""
13;;"";"";"";;"";"";"";3;http://decideix.esparreguera.cat/processes/pressupostos2018?participatory_process_slug=pressupostos2018;11;Nou sistema per pagar la zona blava d'Esparreguera des del mòbil;Igual que altres municipis de la comarca, com Sant Feliu de Llobregat, Sant Vicenç dels Horts o Cornellà, disposar d'un sistema de pagament de la zona blava a través d'una APP mòbil (per Android i iOS) amb l'objectiu d'establir un procés més còmode i més ràpid (a través de la geolocalització del nostre smartphone) i més econòmic, pagant exactament els minuts apartats.;"";decideix_esparreguera-PROP-2018-02-13;0;0;0;0;0;2018-02-08 12:34:09 UTC;http://decideix.esparreguera.cat/processes/pressupostos2018/f/11/proposals/13;"";""
14;;"";"";"";;"";"";"";3;http://decideix.esparreguera.cat/processes/pressupostos2018?participatory_process_slug=pressupostos2018;11;Cartell Informatiu Rotonda A2;"Qui no ha tingut un ensurt amb la rotonda que hi ha per accedir o sortir de l'autopista A2? Qui te preferència quan dos vehicles arriben alhora un des de Esparreguera i l'altre que surt de la A2? Evitem mes accidents i fiquem una simple indicació que digui ""VOSTE NO TE LA PRIORITAT""";"";decideix_esparreguera-PROP-2018-02-14;0;0;0;1;0;2018-02-08 18:31:29 UTC;http://decideix.esparreguera.cat/processes/pressupostos2018/f/11/proposals/14;"";""
15;;"";"";"";;"";"";"";3;http://decideix.esparreguera.cat/processes/pressupostos2018?participatory_process_slug=pressupostos2018;11;Bandas sonoras  y más iluminacion;No estaría mal poner bandas sonoras/reductoras en El Barrio de la plana, ya que parece que algunos conductores/as les gusta mucho correr por estas calles y es peligroso. Por otro lado .... hay calles que ni se ve ya que alumbran poco las farolas de este barrio y causa inseguridad.;"";decideix_esparreguera-PROP-2018-02-15;0;0;0;0;0;2018-02-09 17:35:59 UTC;http://decideix.esparreguera.cat/processes/pressupostos2018/f/11/proposals/15;"";""
16;;"";"";"";;"";"";"";3;http://decideix.esparreguera.cat/processes/pressupostos2018?participatory_process_slug=pressupostos2018;11;Enlluernament i parc infantils/zones verdes ;La meva proposta, es començar per una vila, amb molts mes llum, encara que sigui de baix consum penso que hi altre tipus de llum, que pot millorar l’aspecte i “seguretat” del poble...per no parlar, del parcs infantils, que encara s’hi veu molt menys, i milloraria el nombre de espais per als nens que tenim a la vila, gronxadors,tobogans,  el terra on juguen, que hi hagi un sorral, però terres mes segurs, i on si plou no siguin bassals durant dies hi dies, i tots ells cercar-los per seguretat.;"";decideix_esparreguera-PROP-2018-02-16;0;0;0;0;2;2018-02-09 21:08:06 UTC;http://decideix.esparreguera.cat/processes/pressupostos2018/f/11/proposals/16;"";""
17;;"";"";"";;"";"";"";3;http://decideix.esparreguera.cat/processes/pressupostos2018?participatory_process_slug=pressupostos2018;11;Mobiliari urbà pel barri de Mas d'en Gall;Inversió en algun banc i papereres per al barri de Mas d'en gall. ;"";decideix_esparreguera-PROP-2018-02-17;0;0;0;0;2;2018-02-10 10:15:34 UTC;http://decideix.esparreguera.cat/processes/pressupostos2018/f/11/proposals/17;"";""
18;;"";"";"";;"";"";"";3;http://decideix.esparreguera.cat/processes/pressupostos2018?participatory_process_slug=pressupostos2018;11;Bandes sonores per al carrer Masover;Al carrer de Masover del barri de Mas dén Gall hi han molts vehicles que no respecten la velocitat, i algun cop han provocat cops han cotxes aparcats i atropellaments amb animals i a més a més es un carrer de dues direccions pel qual a vegades i baixa el transport escolar.;"";decideix_esparreguera-PROP-2018-02-18;0;0;0;0;1;2018-02-10 10:21:46 UTC;http://decideix.esparreguera.cat/processes/pressupostos2018/f/11/proposals/18;"";""
24;;"";"";"";;"";"";"";3;http://decideix.esparreguera.cat/processes/pressupostos2018?participatory_process_slug=pressupostos2018;11;Camí peatonal segregat C-1414;La meva proposta seria fer una camí peatonal segregat a la C-1414, que anés des del Mercadona fins a la benzinera Repsol. Molt jovent va a aquella zona, sobre tot al Burger King, a peu i per un costat de la carretera, amb el perill que això comporta.  Hi ha poca il.luminació. Cal millorar la seguretat peatonal en aquest tram.;"";decideix_esparreguera-PROP-2018-02-24;0;0;0;0;3;2018-02-14 11:10:06 UTC;http://decideix.esparreguera.cat/processes/pressupostos2018/f/11/proposals/24;"";""
19;;"";"";"";;"";"";"";3;http://decideix.esparreguera.cat/processes/pressupostos2018?participatory_process_slug=pressupostos2018;11;Senyalitzacions verticals u horitzontals;A les cruïlles dels carrers Masover i Carrer de la Carolina i a la dels carrers Espígol i de la Margarida, potser s'hauria de mirar de posar algún tipus de senyal, ja que que els que no tenen preferència mai s'aturen i un dia i haurà un ensurt.;"";decideix_esparreguera-PROP-2018-02-19;0;0;0;0;1;2018-02-10 10:27:24 UTC;http://decideix.esparreguera.cat/processes/pressupostos2018/f/11/proposals/19;"";""
20;;"";"";"";;"";"";"";3;http://decideix.esparreguera.cat/processes/pressupostos2018?participatory_process_slug=pressupostos2018;11;El camí de la Padrineta, un testimoni dels treballadors i treballadores d’Esparreguera;" Aquest primer tram de camí tindrà el format de camí rural, empedrat amb còdols ( si es creu convenient), amb baranes de fusta i disposarà d’un parell de bancs també de fusta. Hi haurà un punt de llum solar autònom.
A més, aquest  trajecte  es dotaria de diverses fites de fusta per indicar el camí i dos plafons –de baix impacte visual– explicatiu d’aspectes relacionats amb el patrimoni industrial i natural més destacable de l'itinerari, però especialment la vida dels obrers i obreres. ";"";decideix_esparreguera-PROP-2018-02-20;0;0;0;0;1;2018-02-12 10:57:31 UTC;http://decideix.esparreguera.cat/processes/pressupostos2018/f/11/proposals/20;"";""
21;;"";"";"";;"";"";"";3;http://decideix.esparreguera.cat/processes/pressupostos2018?participatory_process_slug=pressupostos2018;11;El camí de la Padrineta, un testimoni dels treballadors i treballadores d’Esparreguera;"Aquest primer tram de camí tindrà el format de camí rural, empedrat amb còdols ( si es creu convenient), amb baranes de fusta i disposarà d’un parell de bancs també de fusta. Hi haurà un punt de llum solar autònom.
A més, aquest  trajecte  es dotaria de diverses fites de fusta per indicar el camí i dos plafons –de baix impacte visual– explicatiu d’aspectes relacionats amb el patrimoni industrial i natural més destacable de l'itinerari, però especialment la vida dels obrers i obreres. ";"";decideix_esparreguera-PROP-2018-02-21;0;0;0;1;0;2018-02-12 11:08:17 UTC;http://decideix.esparreguera.cat/processes/pressupostos2018/f/11/proposals/21;"";""
22;;"";"";"";;"";"";"";3;http://decideix.esparreguera.cat/processes/pressupostos2018?participatory_process_slug=pressupostos2018;11;Millora carrer Sant joan i accesos ;Una proposta econòmica ( crec), seria a l’hora de pintar la zona blava, pintar la de tal mandra que els cotxes, surtin sempre de cara, es un carrer molt llarg només disposa de dos passos de vianants, un a l’altre punta de l’altre, i, moltes vegades hi conflictes de sortida dels cotxes aparcats, posats de cara, milloraria la visibilitat, i posant un altre pas de vianants, amb rampa d’accés, ja seria molt millor ja que cap pas disposa de rampa.Per no parlar de millorar les voreres i ampliarles! ;"";decideix_esparreguera-PROP-2018-02-22;0;0;0;0;0;2018-02-12 16:00:53 UTC;http://decideix.esparreguera.cat/processes/pressupostos2018/f/11/proposals/22;"";""
23;;"";"";"";;"";"";"";3;http://decideix.esparreguera.cat/processes/pressupostos2018?participatory_process_slug=pressupostos2018;11;Neteja carretera i Illa vianants;"Fa un temps que les voreres de l Avinguda Francesc Macià serveixen de ""pipican"". Abans eren netejades amb la màquina de lAjuntament. Ara passejar-hi és impossible! Pixums, defecacions,....
Solució ja!
O mà dura amb qui deixa el gos fer les necessitats. O més neteja.";"";decideix_esparreguera-PROP-2018-02-23;0;0;0;0;0;2018-02-13 23:50:04 UTC;http://decideix.esparreguera.cat/processes/pressupostos2018/f/11/proposals/23;"";""
53;;"";"";"";;"";"";"";3;http://decideix.esparreguera.cat/processes/pressupostos2018?participatory_process_slug=pressupostos2018;11;Fer voreres a can Rial;A can Rial hi ha molts carrers sense voreres fetes a més hi ha moltes envaïdes pels pòsters de la llum, per socs d'arbres que ja no hi són, etc. No es pot passejar ni amb cotxets, ni cadires de rodes però es que tampoc es pot passar caminant, has d'anar per la calçada.;"";decideix_esparreguera-PROP-2018-02-53;0;0;0;0;2;2018-02-22 12:13:36 UTC;http://decideix.esparreguera.cat/processes/pressupostos2018/f/11/proposals/53;"";""
25;;"";"";"";;"";"";"";3;http://decideix.esparreguera.cat/processes/pressupostos2018?participatory_process_slug=pressupostos2018;11;Millora de les instal·lacions municipals de Tennis;"Les instal·lacions esportives de Tennis fa molts anys que es van construir, tenen un local social, un vestuari per dones, un vestuari masculí i una oficina.
La meva proposta seria la construcció de lavabos exteriors (un per a dones, un per a homes i un altre per minusvàlids), ja que no hi ha. Quan ve gent del fora o del futbol entra als vestuaris per anar al lavabo i la gent s’està dutxant allà (sense cap tipus d'intimitat).
";"";decideix_esparreguera-PROP-2018-02-25;0;0;0;0;0;2018-02-15 14:42:33 UTC;http://decideix.esparreguera.cat/processes/pressupostos2018/f/11/proposals/25;"";""
26;;"";"";"";;"";"";"";3;http://decideix.esparreguera.cat/processes/pressupostos2018?participatory_process_slug=pressupostos2018;11;Eliminar els semàfors de l'avinguda Francesc Marimon;Proposo substituir els semàfors actius de l'antiga NII. El semàfor ubicat a la Passió (Francesc Marimon amb carrer Poeta Ramon Torruella) proposo fer-hi un pas elevat. I a l'encreuament amb el passeig de Tijola, proposo fer-hi una rotonda. Crec que milloraria la seguretat i la fluides de la circulació.;"";decideix_esparreguera-PROP-2018-02-26;0;0;0;1;1;2018-02-15 14:54:18 UTC;http://decideix.esparreguera.cat/processes/pressupostos2018/f/11/proposals/26;"";""
27;;"";"";"";;"";"";"";3;http://decideix.esparreguera.cat/processes/pressupostos2018?participatory_process_slug=pressupostos2018;11;Renovació i millora en les voreres del carrer Beat Domènec Castellet;"En aquest carrer amb tant trànsit els veïns estan exposats continuament al perill que suposa caminar per unes voreres estretes i en les que sempre hi ha cotxes aturats a sobre d'elles, el que implica que hagin de baixar a la calçada. Si les voreres fossin altes, de l'estil del carrer Montserrat, i es col·loquen pilones per evitar que els cotxes s'hi puguin pujar, crec que tots els veïns ho agrairíen per fer un carrer molt més segur per a tots: cotxets de nens, gent gran, etc.

";"";decideix_esparreguera-PROP-2018-02-27;0;0;0;0;0;2018-02-15 17:20:10 UTC;http://decideix.esparreguera.cat/processes/pressupostos2018/f/11/proposals/27;"";""
28;;"";"";"";;"";"";"";3;http://decideix.esparreguera.cat/processes/pressupostos2018?participatory_process_slug=pressupostos2018;11;Canvis en l'il·luminació;M'agradaria proposar que es canviessin els actuals fanals, estil de globus, que trobem al barri del Castell. Aquest tipus de fanals està obsolet (dispersen la llum en totes adreces), generant una il·luminació innecessària, ineficient i molesta a les façanes dels edificis. La substitució idòniament seria amb bombetes tipus LED color AMBRE (en comptes de les típiques blanques), ja que és l'ambient idoni per a la nit, respectant així el descans dels veïns (extrapolable a la resta del poble).;"";decideix_esparreguera-PROP-2018-02-28;0;0;0;1;0;2018-02-16 13:21:45 UTC;http://decideix.esparreguera.cat/processes/pressupostos2018/f/11/proposals/28;"";""
29;;"";"";"";;"";"";"";3;http://decideix.esparreguera.cat/processes/pressupostos2018?participatory_process_slug=pressupostos2018;11;Adaptar les voreres del carrer Barcelona;"El carrer Barcelona és un dels eixos comercials de la vila, és un carrer molt freqüentat per la gent per un comerç on abunden les acadèmies d’estudis i altres botigues de serveis. També és una via de pas cap a l’institut el Castell i l’escola Roques Blaves. Les seves aceres són amples, però una gran part de les voreres no estan adaptades per a facilitar el pas a persones amb dificultats de moviments, ja siguin nens o persones majors.
";"";decideix_esparreguera-PROP-2018-02-29;0;0;0;1;1;2018-02-17 17:38:40 UTC;http://decideix.esparreguera.cat/processes/pressupostos2018/f/11/proposals/29;"";""
31;;"";"";"";;"";"";"";3;http://decideix.esparreguera.cat/processes/pressupostos2018?participatory_process_slug=pressupostos2018;11;Carpa a la plaça del Centre;"Esparreguera no disposa d’un espai cobert on realitzar activitats sense estar pendents de l’estat del temps. Per la seva ubicació, crec que la part alta de la plaça del centre seria un lloc ideal per instal·lar una “carpa”. S’hi poden celebrar des de concerts, actuacions, fires, etc.
";"";decideix_esparreguera-PROP-2018-02-31;0;0;0;1;0;2018-02-17 17:53:01 UTC;http://decideix.esparreguera.cat/processes/pressupostos2018/f/11/proposals/31;"";""
30;;"";"";"";;"";"";"";3;http://decideix.esparreguera.cat/processes/pressupostos2018?participatory_process_slug=pressupostos2018;11;Canvi de fanals standard per leds;Per tal de reduir la contaminació lumínica de la Vila i la despesa elèctrica, es podrien anar substituint els fanals de bombeta de vapor de sodi o mercuri per lluminàries Led, de més rendiment i baix consum. Una bombeta standard de vapor de sodi o de mercuri gasta uns 400 watts. Una lluminària led de 100 watts aporta més quantitat de llum. Exemple: https://www.efectoled.com/es/comprar-luminarias-led-alumbrado-publico/1212-luminaria-led-brooklyn-100w.html Preu: 80€/u. Proposta 500u.;"";decideix_esparreguera-PROP-2018-02-30;0;0;0;0;1;2018-02-17 17:46:39 UTC;http://decideix.esparreguera.cat/processes/pressupostos2018/f/11/proposals/30;"";""
37;;"";"";"";;"";"";"";3;http://decideix.esparreguera.cat/processes/pressupostos2018?participatory_process_slug=pressupostos2018;11;Doble sentit circulació Carrer Miranda-passatge del Canyet;Proposo l'eliminació de només 4 places de pàrking perquè els pocs metres que hi ha entre l'entrada del Carrer Miranda cap al passatge del Canyet (accés a Escola) siguin de doble sentit de circulació. Això facilitaria molt la circulació dels vehicles que en sortir de l'Escola Montserrat, volen desplaçar-se cap a la dreta i han de fer una volta fins al Passeig dels Jocs Olímpics i cap al Passeig del Castell. També disminuiria els col·lapses en hores puntes de la cruïlla dels esmentats Passeigs.;"";decideix_esparreguera-PROP-2018-02-37;0;0;0;0;0;2018-02-18 19:40:40 UTC;http://decideix.esparreguera.cat/processes/pressupostos2018/f/11/proposals/37;"";""
43;;"";"";"";;"";"";"";3;http://decideix.esparreguera.cat/processes/pressupostos2018?participatory_process_slug=pressupostos2018;11;Vida a Esparreguera. ;"Hola.
Crec que s'hauria de donar vida al poble, fer que gent de fora vingui a Esparreguera a menjar i beure, aprofitant tot l'entorn del Montserrati,
Després quant surts pel centre del poble els carrers li faltan llum i vida pels  cap de setmana, no dic de fer xibarri, dic tindrà un poble alegre, poso d'exemple Vilafranca del Penedès, carrers amb llum i gent pasejant , bars plens amb pinxos, tendas amb gent, en fi que la canalla i gent jové tinguin on anar.
Salut!";"";decideix_esparreguera-PROP-2018-02-43;0;0;0;0;0;2018-02-20 06:02:22 UTC;http://decideix.esparreguera.cat/processes/pressupostos2018/f/11/proposals/43;"";""
45;;"";"";"";;"";"";"";3;http://decideix.esparreguera.cat/processes/pressupostos2018?participatory_process_slug=pressupostos2018;11;Prestatgeries biblioteca;Seria interessant poder destinar una part, no gaire gran ni onerosa, d’aquest pressupost participatiu en unes prestatgeries/vitrines, als efectes de poder donar visualització als veïns d’Esparreguera del fons que forma part de la col•lecció local de la Biblioteca d’Esparreguera.;"";decideix_esparreguera-PROP-2018-02-45;0;0;0;0;1;2018-02-21 17:49:03 UTC;http://decideix.esparreguera.cat/processes/pressupostos2018/f/11/proposals/45;"";""
32;;"";"";"";;"";"";"";3;http://decideix.esparreguera.cat/processes/pressupostos2018?participatory_process_slug=pressupostos2018;11;Acondicionat carril bici a Can Rial B231;L'actual asfalt del camí de vianants / carril bici paral·lel a la B231 des de la rotonda de la A2 fins Can Rial està força deteriorat i ple de sots. Hi ha empreses que cobren entre 5€ i 10€ el metre quadrat d'asfalt nou. El camí fins a la primera entrada fa casi 800 mts de llarg x 2 d'ample. Això fa 1600m². Si es triés la licitació més cara (i bona) no arribaria als 16000€.;"";decideix_esparreguera-PROP-2018-02-32;0;0;0;0;4;2018-02-17 17:55:10 UTC;http://decideix.esparreguera.cat/processes/pressupostos2018/f/11/proposals/32;"";""
35;;"";"";"";;"";"";"";3;http://decideix.esparreguera.cat/processes/pressupostos2018?participatory_process_slug=pressupostos2018;11;Il·luminació pistes esportives al costat camp de futbol;"Proposo que s'instal·li il·luminació a les pistes esportives que hi ha al costat del camp de futbol perquè els nois i noies d'Esparreguera puguin jugar a l'hivern quan es faci fosc, al menys fins a les 20:00 h.
No ha de representar un gran cost per l'ajuntament. Es pot posar un sistema d'autofinançament amb monedes de 1 euro i un temporitzador.
Els nostres joves no tenen res per divertir-se el cap de setmana.
Les pistes de la Plana estan il·luminades i aquestes no.
";"";decideix_esparreguera-PROP-2018-02-35;0;0;0;0;1;2018-02-18 19:24:42 UTC;http://decideix.esparreguera.cat/processes/pressupostos2018/f/11/proposals/35;"";""
36;;"";"";"";;"";"";"";3;http://decideix.esparreguera.cat/processes/pressupostos2018?participatory_process_slug=pressupostos2018;11;Arranjament camí circuit cementiri;"Proposo arranjar el camí-circuit del cementiri on cada dia moltíssima gent va a caminar.
Caldria abocar i aplanar terra perquè no hi hagin tantes pedres soltes que fan que es camini malament. Simplement fer el mateix que s'ha fet ara perquè passin els camions a l'altre meitat del circuit.
Crec que potser trobaríem gent voluntària disposada a col·laborar.
És un tema de salut pública i que facilitaria molt les coses per la gent més gran.
";"";decideix_esparreguera-PROP-2018-02-36;0;0;0;0;0;2018-02-18 19:32:09 UTC;http://decideix.esparreguera.cat/processes/pressupostos2018/f/11/proposals/36;"";""
42;;"";"";"";;"";"";"";3;http://decideix.esparreguera.cat/processes/pressupostos2018?participatory_process_slug=pressupostos2018;11;Les rotondes del poble.;"Esparreguera ha tingut sempre una gran tradició terrissera; per això penso que estaria bé destacar-la a les entrades del poble (rotonda sud i rotonda de Can Comelles).

M'agradaria col·locar, a les dues rotondes, un gran càntir de terrissa - més típic d'Esparreguera que no pas les jirafes actuals.

Els cantirs donarien personalitat al poble i encuriosirien a la gent a saber més sobre la nostra història.

El cost no superaria el pressupost. ";"";decideix_esparreguera-PROP-2018-02-42;0;0;0;1;0;2018-02-19 20:58:53 UTC;http://decideix.esparreguera.cat/processes/pressupostos2018/f/11/proposals/42;"";""
44;;"";"";"";;"";"";"";3;http://decideix.esparreguera.cat/processes/pressupostos2018?participatory_process_slug=pressupostos2018;11;Farolas de Led-Ámbar;Suponen un ahorro energético muy significativo de hasta un 70-80%. Por ello propongo la sustitución progresiva de bombillas tradicionales por LEDs color AMBAR. El color ámbar se ha demostrado como la mejor opción para iluminar las calles de pueblos, ya que respetan el descanso de los vecinos, no deslumbran tanto como los blancos y favorecen la conducción. Ahorran más que los blancos, iluminan igual y son más agradables. También disminuyen la contaminación lumínica.  ;"";decideix_esparreguera-PROP-2018-02-44;0;0;0;0;0;2018-02-20 22:12:39 UTC;http://decideix.esparreguera.cat/processes/pressupostos2018/f/11/proposals/44;"";""
33;;"";"";"";;"";"";"";3;http://decideix.esparreguera.cat/processes/pressupostos2018?participatory_process_slug=pressupostos2018;11;Potenciar el parc de la Vila;"Proposo diverses actuacions per tal de donar un major ús al parc de la Vila.
Instal·lar tobogans gegants (adjunto foto).
Taules de pícnic per poder celebrar aniversaris, etc.
Circuit tancat (pavimentat) per poder anar amb bicicleta o patins.
Crear el parc de la ceràmica. (Museu a l’aire lliure, testos gegants i altres utensilis de ceràmica de gran format)
";"";decideix_esparreguera-PROP-2018-02-33;0;0;0;1;2;2018-02-17 18:08:41 UTC;http://decideix.esparreguera.cat/processes/pressupostos2018/f/11/proposals/33;"";""
34;;"";"";"";;"";"";"";3;http://decideix.esparreguera.cat/processes/pressupostos2018?participatory_process_slug=pressupostos2018;11;Panells informatius Led.;Proposo la instal·lació de panells infirmatius led a les entrades dels barris per tal de fer arribar als veïns informació general de la Vila i de cada barri en concret, per tal de fer arribar, per exemple, les noticies de les xarxes socials que no arriben a tothom, o notícies d'interès general. Hi ha moltes empreses dedicades al tema, i els panells són econòmics i es pot actualitzar la info en temps real. Un panell de 1m d'ample x 1'5m d'alt val 2500€ aprox. Exemple: https://goo.gl/mJU8r5;"";decideix_esparreguera-PROP-2018-02-34;0;0;0;0;1;2018-02-17 18:11:52 UTC;http://decideix.esparreguera.cat/processes/pressupostos2018/f/11/proposals/34;"";""
46;;"";"";"";;"";"";"";3;http://decideix.esparreguera.cat/processes/pressupostos2018?participatory_process_slug=pressupostos2018;11;PArques infantiles;Creo que se tendrían que mejorar las instalaciones de los parques infantiles. Algunos dan pena debido a que están muy dejados, y rediseñar algunos de ellos.;"";decideix_esparreguera-PROP-2018-02-46;0;0;0;0;0;2018-02-21 20:54:49 UTC;http://decideix.esparreguera.cat/processes/pressupostos2018/f/11/proposals/46;"";""
38;;"";"";"";;"";"";"";3;http://decideix.esparreguera.cat/processes/pressupostos2018?participatory_process_slug=pressupostos2018;11;Forn i torns de ceràmica per a les escoles ;"
Esparreguera té una important tradició terrissaire que  volem mantenir, fomentant el seu ús i coneixement, així com facilitar la seva aplicació dins les diferents agrupacions municipals que configuren el mapa creatiu i artístic de la vil•la. Per tant, des de l'Escola Municipal d'Arts Plàstiques, proposem l'adquisició d'un forn i dos torn d'argila, mitjançant els quals, posarem a disposició de les escoles, museu de ceràmica i associacions.";"";decideix_esparreguera-PROP-2018-02-38;0;0;0;0;2;2018-02-18 21:12:30 UTC;http://decideix.esparreguera.cat/processes/pressupostos2018/f/11/proposals/38;"";""
40;;"";"";"";;"";"";"";3;http://decideix.esparreguera.cat/processes/pressupostos2018?participatory_process_slug=pressupostos2018;11;Ampliació plaçes d'aparcament;Aparcar prop del centre per accedir als comerços de l'illa de vianants és cada cop més complicat. Proposo que solars en desús o zones en runa del centre es destinin a aparcament. La mesura podria inclús supossar un ingrés per l'ajuntament, fent part de les plaçes de lloguer (per residents de l'illa) i part de pagament per horari (com els parkings tipus saba). Encara que l'ideal fora ampliar l'opció de parking lliure.;"";decideix_esparreguera-PROP-2018-02-40;0;0;0;0;1;2018-02-19 20:35:09 UTC;http://decideix.esparreguera.cat/processes/pressupostos2018/f/11/proposals/40;"";""
41;;"";"";"";;"";"";"";3;http://decideix.esparreguera.cat/processes/pressupostos2018?participatory_process_slug=pressupostos2018;11;El nostre campanar.;"Tenim un campanar emblemàtic que dóna una gran personalitat al poble però crec que el podem millorar:
Entrant al poble pel carrer Balmes veiem una gran imatge d'aquest, però atenuada per la visió d'un rellotge que recorda als que es posen a la cuina.
La meva proposta és emmarcar el rellotge amb una senyera feta de rajoles.
Així, aquesta quedaria fixa i el nostre campanar faria més goig.
La proposta és econòmica i el manteniment seria el mateix que hi ha actualment.";"";decideix_esparreguera-PROP-2018-02-41;0;0;0;1;0;2018-02-19 20:45:46 UTC;http://decideix.esparreguera.cat/processes/pressupostos2018/f/11/proposals/41;"";""
47;;"";"";"";;"";"";"";3;http://decideix.esparreguera.cat/processes/pressupostos2018?participatory_process_slug=pressupostos2018;11;Mejoras de paso inundable torrent del mal;Bueno otra propuesta que me gustaría hacer es que se mejorase el paso inundable que conecta la plana con baixada torrent del mal. Es un paso muy utilizado por peatones y está siempre muy mal. No hay mucha luz, siempre está sucio y no hay papeleras en la zona que hay bancos(en muy mal estado) y las escaleras están tambien muy mal así como el paso de abajo de la riera. No estaría mal mejorarlo y facilitar a la gente que no se caiga por el camino y unas rampas sin agujeros. ;"";decideix_esparreguera-PROP-2018-02-47;0;0;0;0;0;2018-02-21 21:06:00 UTC;http://decideix.esparreguera.cat/processes/pressupostos2018/f/11/proposals/47;"";""
48;;"";"";"";;"";"";"";3;http://decideix.esparreguera.cat/processes/pressupostos2018?participatory_process_slug=pressupostos2018;11;Zonas recreo perros;Habilitar esas zonas donde los ciudadanos vamos a pasear nuestros amigos de 4 patas como zonas de recreo para ellos ( con normas)y colocar papeleras, fuentes para los perros bancos por el camino (zona riera, zona cementerio, campo la plana, can comellas,y urbanizaciones) y colocar alguna fuente para perros por el pueblo y así no tener que compartir las otras con ellos.;"";decideix_esparreguera-PROP-2018-02-48;0;0;0;0;0;2018-02-21 21:14:58 UTC;http://decideix.esparreguera.cat/processes/pressupostos2018/f/11/proposals/48;"";""
49;;"";"";"";;"";"";"";3;http://decideix.esparreguera.cat/processes/pressupostos2018?participatory_process_slug=pressupostos2018;11;Entorno sin humo;Sería aplicar la vigente ley antitabaco y crear los “entornos sin humo”en las inmediaciones de edificios públicos, colegios y institutos. Y marcar dónde está el límite de dónde está permitido fumar y dónde no. Así muchos niños y jóvenes en puertas de colegios o pabellones dejarán de respirar humo de tabaco. ;"";decideix_esparreguera-PROP-2018-02-49;0;0;0;0;0;2018-02-21 21:28:03 UTC;http://decideix.esparreguera.cat/processes/pressupostos2018/f/11/proposals/49;"";""
50;;"";"";"";;"";"";"";3;http://decideix.esparreguera.cat/processes/pressupostos2018?participatory_process_slug=pressupostos2018;11;Nueva vía pecuaria y de bicicletas entre Esparreguera y Abrera (SEAT);Sería muy útil y provechoso la mejora y acondicionamiento de un paso sobre el Torrent Mal para desplazamientos pedestres y de vehículos no motorizados entre Esparreguera y el barrio del Rebato en  Abrera sin necesidad de cruzar el cauce de dicho torrente en  épocas o periodos fluviales por no decir también la dificultad que conlleva la obligatoriedad de descender hasta el cauce del mismo para a continuación tener que volverlo a subir.  ;"";decideix_esparreguera-PROP-2018-02-50;0;0;0;0;0;2018-02-21 22:59:05 UTC;http://decideix.esparreguera.cat/processes/pressupostos2018/f/11/proposals/50;"";""
51;;"";"";"";;"";"";"";3;http://decideix.esparreguera.cat/processes/pressupostos2018?participatory_process_slug=pressupostos2018;11;Plà d’acció d’art urbà;"Aquesta proposta consistiría en pintar les caixes de llum per artistes plàstics locals.
Majoritàriament ara son grises o plenes de cartells de publicitat , n’he localitzat unes 15 en el centre del poble  , peró es podría extendre a tots els barris.
El cost no sería massa elevat i donaría color i singularitat a la vila.
En el fitxer adjunt hi ha foto d ‘una caixa actual i de com podría quedar.";"";decideix_esparreguera-PROP-2018-02-51;0;0;0;1;0;2018-02-22 05:47:19 UTC;http://decideix.esparreguera.cat/processes/pressupostos2018/f/11/proposals/51;"";""
52;;"";"";"";;"";"";"";3;http://decideix.esparreguera.cat/processes/pressupostos2018?participatory_process_slug=pressupostos2018;11;Bicicletes generadores d'energia elèctrica;"Instal·lació de bicicletes generadores a la Plaça del Centre o al Parc de la Cal Vives. En pedalar es produeix electricitat que s'acumula en una bateria auxiliar, que pot utilitzar-se per l'enllumenat públic.
";"";decideix_esparreguera-PROP-2018-02-52;0;0;0;0;1;2018-02-22 07:34:39 UTC;http://decideix.esparreguera.cat/processes/pressupostos2018/f/11/proposals/52;"";""
56;;"";"";"";;"";"";"";3;http://decideix.esparreguera.cat/processes/pressupostos2018?participatory_process_slug=pressupostos2018;11;Reforma local social pistas municipales de tennis;El edificio de las pistas municipales de tenis tiene mas de 50 años. Esta anticuado, pero particularmente el local social . Necesita una reforma integral para poder prestar un servico adecuado a todos los usuarios que accedan al recinto.;"";decideix_esparreguera-PROP-2018-02-56;0;0;0;0;0;2018-02-23 18:14:26 UTC;http://decideix.esparreguera.cat/processes/pressupostos2018/f/11/proposals/56;"";""
57;;"";"";"";;"";"";"";3;http://decideix.esparreguera.cat/processes/pressupostos2018?participatory_process_slug=pressupostos2018;11;Via desde mercadona al Burger de la gasolinera;"Proposo una via desde mercadona fins el Burger que hi ha la gasolinera. Carretera Olesa. 
Es un perill. 
Falta llum, falta un cami per arribar -hi, posar un pas de vianants o semafor.  
Opcio com un carril bici... ";"";decideix_esparreguera-PROP-2018-02-57;0;0;0;0;2;2018-02-24 07:48:45 UTC;http://decideix.esparreguera.cat/processes/pressupostos2018/f/11/proposals/57;"";""
89;;"";"";"";;"";"";"";3;http://decideix.esparreguera.cat/processes/pressupostos2018?participatory_process_slug=pressupostos2018;11;Millora visibilitat carrer Hortes-Milenari;"Carrer Hortes-Milenari de baixa a l´escola Taquigraf e Institut Cairat, molt poca visibilitat pels peatons que baixan i els cotxes.
";"";decideix_esparreguera-PROP-2018-03-89;0;0;0;0;1;2018-03-04 15:05:24 UTC;http://decideix.esparreguera.cat/processes/pressupostos2018/f/11/proposals/89;"";""
54;;"";"";"";;"";"";"";3;http://decideix.esparreguera.cat/processes/pressupostos2018?participatory_process_slug=pressupostos2018;11;Pacificació trànsit avingudes Francesc Marimon i Francesc Macià i millora enllumenat.;"Tot sovint els conductors que circulen per aquestes dues vies no respecten els passos de vianants. A més, sovint la velocitat a la que circulen no és l'apropiada per unes vies amb tants vianants com aquestes. Per tant, proposo ampliar el nombre de passos elevats, com per exemple, a la cantonada de Francesc Marimon amb el carrer Sant Joan. 
També veig necessari millorar l'enllumenat en el passos, per veure bé els vianants quan és de nit.";"";decideix_esparreguera-PROP-2018-02-54;0;0;0;0;1;2018-02-22 12:46:36 UTC;http://decideix.esparreguera.cat/processes/pressupostos2018/f/11/proposals/54;"";""
55;;"";"";"";;"";"";"";3;http://decideix.esparreguera.cat/processes/pressupostos2018?participatory_process_slug=pressupostos2018;11;Taquillas para usuarios de la pistas municipales de Tenis;En las instalaciones de Tenis no se disponen de taquillas. No se puede dejar nada guardado en ningun sitio. Como tampoco disponemos de servicios cualquier persona accede a los vestuarios, lo que provoca facilidad de robo de objetos.;"";decideix_esparreguera-PROP-2018-02-55;0;0;0;0;0;2018-02-23 18:02:34 UTC;http://decideix.esparreguera.cat/processes/pressupostos2018/f/11/proposals/55;"";""
60;;"";"";"";;"";"";"";3;http://decideix.esparreguera.cat/processes/pressupostos2018?participatory_process_slug=pressupostos2018;11;Club Tenis Esparreguera;"El club de tenis esparreguera té unes instal.lacions molt velles, de fet, no s'han remodelat mai des de 1967, quan es va crear el club.
Seria un bon moment per remodelar vestuaris, están vells i merdosos.
";"";decideix_esparreguera-PROP-2018-02-60;0;0;0;0;0;2018-02-24 19:03:21 UTC;http://decideix.esparreguera.cat/processes/pressupostos2018/f/11/proposals/60;"";""
66;;"";"";"";;"";"";"";3;http://decideix.esparreguera.cat/processes/pressupostos2018?participatory_process_slug=pressupostos2018;11;Club Tennis Esparreguera;Bon dia, la meva proposta està enfocada per la millora del Club Tennis Esparreguera. Portem molts anys sense realitzar cap millora en l'edifici social del club, i crec que sería important fer una innversió en els vestuaris del club. Les dutxes estan antigues, les parets i sostre cada vegada estan pitjor, hi ha una pared que s'està trencant i es cauen la ratxoles i algún dia podria passar qualsevol accident.;"";decideix_esparreguera-PROP-2018-02-66;0;0;0;0;0;2018-02-26 12:06:52 UTC;http://decideix.esparreguera.cat/processes/pressupostos2018/f/11/proposals/66;"";""
70;;"";"";"";;"";"";"";3;http://decideix.esparreguera.cat/processes/pressupostos2018?participatory_process_slug=pressupostos2018;11;Enllumenat AV Francesc Macià;És un carrer fosc amb molt de trànsit de gent, encara hi ha els fanals de l'antiga N-II, pensats per donar llum a vies interurbanes. Proposo la instal·lació de lluminàries d'alçada columna 3’50 aprox, i làmpada LED (preu aprox  1.474’75 €) en una de les voreres (per qüestions pressupostàries) des de l'inici de l'Avinguda a la cruïlla amb Orenci Valls, on penso que també caldria retirar el semàfor que fa anys que no funciona i que fa més que evident la deixadesa que pateix  la zona.;"";decideix_esparreguera-PROP-2018-02-70;0;0;0;0;1;2018-02-27 13:40:15 UTC;http://decideix.esparreguera.cat/processes/pressupostos2018/f/11/proposals/70;"";""
58;;"";"";"";;"";"";"";3;http://decideix.esparreguera.cat/processes/pressupostos2018?participatory_process_slug=pressupostos2018;11;Cami c freixe al poble per la riera;Proposo cami desde carrer Freixe  passant per la riera fins el poble. Molta gent jove passa diariament per la riera. Sense llum i perillos. Aquest cami serviria per la gent jove pero tambe per poder passejar la gent gran. Si el problema es tema riera a martorell hi ha el pont inundable i quan no es pot passar esta tallat.  Actualment hi passen a tota hora.. per anar i tornar del cole, al mati pero tambe tarda i nit sense llum van per la riera. Proposo cami amb llum ;"";decideix_esparreguera-PROP-2018-02-58;0;0;0;0;0;2018-02-24 07:54:33 UTC;http://decideix.esparreguera.cat/processes/pressupostos2018/f/11/proposals/58;"";""
59;;"";"";"";;"";"";"";3;http://decideix.esparreguera.cat/processes/pressupostos2018?participatory_process_slug=pressupostos2018;11;Rocòdrom exterior en forma de torre.;"M'agradaria proposar la construcció d'un rocòdrom exterior en forma de torre, tant amb zona per nens com per adults. El rocòdrom seria d'imitació pedra, per no trencar amb l'estètica.
Seria una manera d'incentivar l'esport en la població i, a més, suposaria una alternativa d'oci saludable pels joves. 
El pressupost pot ser variable segons la grandària del mòdul, però per un rocòdrom amb certa alçada, s'hauria de comptar amb 40000 €.";"";decideix_esparreguera-PROP-2018-02-59;0;0;0;1;0;2018-02-24 12:09:20 UTC;http://decideix.esparreguera.cat/processes/pressupostos2018/f/11/proposals/59;"";""
61;;"";"";"";;"";"";"";3;http://decideix.esparreguera.cat/processes/pressupostos2018?participatory_process_slug=pressupostos2018;11;Tenis Esparreguera;"Les condicions del tenis esparreguera són molt precaries, falten wc exteriors per no haver d'entrar dins els vestidors, els quals també fan bastanta pena ja que están en les mateixes condicions des del principi.
";"";decideix_esparreguera-PROP-2018-02-61;0;0;0;0;0;2018-02-24 19:14:43 UTC;http://decideix.esparreguera.cat/processes/pressupostos2018/f/11/proposals/61;"";""
64;;"";"";"";;"";"";"";3;http://decideix.esparreguera.cat/processes/pressupostos2018?participatory_process_slug=pressupostos2018;11;Club tennis Esparreguera ;Les instal.lacions del Club de Tennis d'Esparreguera s'han anat deteriorant amb el pas dels anys i és molt notable sobretot a la zona de vestidors i lavabos.  Seria important una reforma d'aquests vestidors per temes bàsics d'higiene.;"";decideix_esparreguera-PROP-2018-02-64;0;0;0;0;0;2018-02-25 17:07:42 UTC;http://decideix.esparreguera.cat/processes/pressupostos2018/f/11/proposals/64;"";""
65;;"";"";"";;"";"";"";3;http://decideix.esparreguera.cat/processes/pressupostos2018?participatory_process_slug=pressupostos2018;11;Millora Parcs infantils i zones verdes;"Seria important una millora en els parcs infantils del poble pel més petits. 
Limitar el parc que hi ha a la Plaça del Rei, ja que està molt proper a la carretera on hi ha molt de trànsit de cotxe.
Millorar i Il.luminar el parc que hi ha darrera del CAP ja que només hi pots trobar porqueria, merdes de gos ........... i no hi ha molta llum perquè els més petits puguin gaudir d'aquest parc.
Millorar la sorra que hi ha al parc davant de la Cucuruga ja que amb la humitat queda amb fang";"";decideix_esparreguera-PROP-2018-02-65;0;0;0;0;1;2018-02-26 09:42:14 UTC;http://decideix.esparreguera.cat/processes/pressupostos2018/f/11/proposals/65;"";""
67;;"";"";"";;"";"";"";3;http://decideix.esparreguera.cat/processes/pressupostos2018?participatory_process_slug=pressupostos2018;11;Parc Infantil Inclusiu:  Mobiliari de joc adaptat per a infants amb capacitats diverses;Un parc infantil on tots els nens i nenes d’Esparreguera puguin jugar junts, independentment de quina sigui la seva condició física. Si des de petits els nostres infants veuen amb naturalitat la diversitat funcional, interactuen amb ella i la integren com una diferència més a respectar, augmenta la sensibilització de la població i millora la convivència. L'accessibilitat universal hauria d'estar integrada en tots els espais públics com a un element que permet la igualtat d'oportunitats. ;"";decideix_esparreguera-PROP-2018-02-67;0;0;0;1;4;2018-02-26 20:47:03 UTC;http://decideix.esparreguera.cat/processes/pressupostos2018/f/11/proposals/67;"";""
69;;"";"";"";;"";"";"";3;http://decideix.esparreguera.cat/processes/pressupostos2018?participatory_process_slug=pressupostos2018;11;Renovació, millora i adquisició de nou material de gimnàstica pel Pavelló El Castell;"En la instal·lació del Pavelló El Castell s'ofereixen diferents activitats esportives escolars i extraescolars, en les quals els nens,  nenes i els joves del poble gaudeixen del material que se'n disposa. El material de gimnàstica del que disposa l'ajuntament està en un estat crític i preocupant, després de més de 20 anys d'usos diaris requereix tant d'una reparació com reposició urgent. 

Es proposa la renovació i adquisició de nou material de gimnàstica per al Pavelló El Castell (40.000 €).";"";decideix_esparreguera-PROP-2018-02-69;0;0;0;1;1;2018-03-01 09:16:25 UTC;http://decideix.esparreguera.cat/processes/pressupostos2018/f/11/proposals/69;"";""
62;;"";"";"";;"";"";"";3;http://decideix.esparreguera.cat/processes/pressupostos2018?participatory_process_slug=pressupostos2018;11;Instalaciones Club Tennis Esparreguera;Las instalaciones del club de tenis estan muy degradadas a causa del paso del tiempo y de su uso diario. Se deberían arreglar los vestuarios, sobretodo el vestuario femenino que está echo polvo. Además mi propuesta sería hacer unos baños adicionales a los vestuarios porque no creo que hoy en día exista intimidad en ellos. Ahora mismo si estás en la ducha, puede entrar cualquier persona del exterior a los lavabos y verte duchándote, o verte la gente que está en la terraza al abrir la puerta.;"";decideix_esparreguera-PROP-2018-02-62;0;0;0;0;0;2018-02-25 10:37:26 UTC;http://decideix.esparreguera.cat/processes/pressupostos2018/f/11/proposals/62;"";""
63;;"";"";"";;"";"";"";3;http://decideix.esparreguera.cat/processes/pressupostos2018?participatory_process_slug=pressupostos2018;11;Mobilitat sostenible i pacificació viària;"Senyals a les portes d´escoles recordant als pares no deixar el motor encès, molts esperen amb el motor encès per la calefacció o l´aacc. Millorar la ubicació dels parkings per bici ( no te sentit, per exemple al Taquígraf, estiguin mes lluny que les portes, ja que no es pot pasar entre els cotxes i la gent. Haurien d´afegir a la paret de l´adf )
Pas de cebra a c/Domenech Castellet a la zona sense voreres, cantonada c/ Tramuntana. Primera mitja hora gratis a la zona blava per vehicle elèctric.";"";decideix_esparreguera-PROP-2018-02-63;0;0;0;0;0;2018-02-25 15:48:17 UTC;http://decideix.esparreguera.cat/processes/pressupostos2018/f/11/proposals/63;"";""
68;;"";"";"";;"";"";"";3;http://decideix.esparreguera.cat/processes/pressupostos2018?participatory_process_slug=pressupostos2018;11;Pistes municipals de tennis;El recinto de las pistas municipales de tenis esta muy deteriorado.Mucha parte de el tiene mas de 50 años.Por parte de le entidad se ha ido haciendo cosas para mejorar las instalaciones.Pero nos encontramos en un momento en el que esta deteriorado y desfasado ha dia de hoy.El muro de carga esta muy deteriorado lo que provoca que las paredes de los vestuarios se caen a pedazos.Tenemos vestuarios minusculos y que piden con urgencia una obra. ;"";decideix_esparreguera-PROP-2018-02-68;0;0;0;0;0;2018-02-26 19:10:09 UTC;http://decideix.esparreguera.cat/processes/pressupostos2018/f/11/proposals/68;"";""
71;;"";"";"";;"";"";"";3;http://decideix.esparreguera.cat/processes/pressupostos2018?participatory_process_slug=pressupostos2018;11;Soterrament contenidors Mercat en AV Francesc Macià;És lamentable l'estat de la vorera en el tram de l'Avinguda de Francesc Macià darrera el mercat municipal, on sempre hi ha deixalles per terra, brutícia i una forta pudor. Proposo la instal·lació d'una bateria de contenidors soterrats d'ús exclusiu dels paradistes.;"";decideix_esparreguera-PROP-2018-02-71;0;0;0;0;0;2018-02-27 13:43:49 UTC;http://decideix.esparreguera.cat/processes/pressupostos2018/f/11/proposals/71;"";""
72;;"";"";"";;"";"";"";3;http://decideix.esparreguera.cat/processes/pressupostos2018?participatory_process_slug=pressupostos2018;11;Instalaciones municipales de tennis;Despues de 50 años. El edificio de las instalaciones del tennis esta muy deteriorado. Tanto vestuarios como local social necesitan una reforma de caracter urgente.  Tampoco disponemos de servicios para ciudadanos que acceden a las instalaciones y tienen que entrar a los vestuarios.;"";decideix_esparreguera-PROP-2018-02-72;0;0;0;0;0;2018-02-27 19:11:24 UTC;http://decideix.esparreguera.cat/processes/pressupostos2018/f/11/proposals/72;"";""
73;;"";"";"";;"";"";"";3;http://decideix.esparreguera.cat/processes/pressupostos2018?participatory_process_slug=pressupostos2018;11;Mobiliario urbano parque La Plana;"Junto a la capilla de La Plana hay un pequeño parque infantil con un tobogán y un par de columpios. El parque no cuenta con bancos para los acompañantes de los niños que vayan al parque. Un par de bancos serían suficientes, lo que supondría una inversión de 500€ aproximadamente?

Gracias";"";decideix_esparreguera-PROP-2018-02-73;0;0;0;0;1;2018-02-27 23:11:07 UTC;http://decideix.esparreguera.cat/processes/pressupostos2018/f/11/proposals/73;"";""
75;;"";"";"";;"";"";"";3;http://decideix.esparreguera.cat/processes/pressupostos2018?participatory_process_slug=pressupostos2018;11;Llums nou pont de la Plana;"Seria convenient que es canviessin  els fluorescents de Leds que
Hi han el pont nou de la Plana. N'hi ha molts de fosos.
";"";decideix_esparreguera-PROP-2018-02-75;0;0;0;0;0;2018-02-28 10:07:34 UTC;http://decideix.esparreguera.cat/processes/pressupostos2018/f/11/proposals/75;"";""
77;;"";"";"";;"";"";"";3;http://decideix.esparreguera.cat/processes/pressupostos2018?participatory_process_slug=pressupostos2018;11;Franges de protecció enfront incendis als barris de Can Rial i Mas d'en Gall;"Els barris de Can Rial i Mas d'en Gall es troben envoltats de zones forestals. Des de fa anys que no s'apliquen les franges de protecció enfront els incendis que haurien de garantir com a mínim una distància de 25 metres lliure de vegetació (amb molt pocs arbres i un sotabosc esclarissat) entre les cases i l'entorn forestal.

Es proposa la realització d'aquestes franges de protecció.";"";decideix_esparreguera-PROP-2018-02-77;0;0;0;1;2;2018-02-28 21:30:31 UTC;http://decideix.esparreguera.cat/processes/pressupostos2018/f/11/proposals/77;"";""
80;;"";"";"";;"";"";"";3;http://decideix.esparreguera.cat/processes/pressupostos2018?participatory_process_slug=pressupostos2018;11;Vestidors club tennis Esparreguera ;"Els vestidors i les dutxes del Club Tennis Esparreguera estan en condicions millorables. 
Gracies.";"";decideix_esparreguera-PROP-2018-03-80;0;0;0;0;0;2018-03-01 05:44:17 UTC;http://decideix.esparreguera.cat/processes/pressupostos2018/f/11/proposals/80;"";""
78;;"";"";"";;"";"";"";3;http://decideix.esparreguera.cat/processes/pressupostos2018?participatory_process_slug=pressupostos2018;11;Adequar una part del parc de la Plaça del centre a franja 0-3 anys.;Adequar una part del parc de la Plaça del Centre per als nens i nenes d’entre 0 i 3 anys en un procés participatiu amb Associacions de Famílies d'Alumnes, Consell Escolar, i altres associacions i entitats vinculades al 0-3, i amb l’assessorament de professionals experts. ;"";decideix_esparreguera-PROP-2018-02-78;0;0;0;0;0;2018-02-28 21:58:15 UTC;http://decideix.esparreguera.cat/processes/pressupostos2018/f/11/proposals/78;"";""
79;;"";"";"";;"";"";"";3;http://decideix.esparreguera.cat/processes/pressupostos2018?participatory_process_slug=pressupostos2018;11;Millorar la visibilitat pels vianants de la Cruïlla del carrer de les Hortes amb Av. Mil·lenari;"La cruïlla carrer Hortes-Milenari de baixa a l´escola Taquigraf  e Institut Cairat, te molt poca visibilitat tant pels peatons que baixan com per els cotxes que s´incorporan a la rotonda. 
Fora bo possar un sistemas de miralls o alguna cosa que millores la visibilitat. ";"";decideix_esparreguera-PROP-2018-02-79;0;0;0;1;1;2018-02-28 22:08:12 UTC;http://decideix.esparreguera.cat/processes/pressupostos2018/f/11/proposals/79;"";""
81;;"";"";"";;"";"";"";3;http://decideix.esparreguera.cat/processes/pressupostos2018?participatory_process_slug=pressupostos2018;11;Reformes als vestuaris de les pistes municipals de tennis;Els vestuaris de les pistes municipals de tennis  tenen molts anys, son petits, estan molt deteriorats, hi ha poques dutxes per falta d'espai i necessitarien una reforma per ampliar i millorar-los.;"";decideix_esparreguera-PROP-2018-03-81;0;0;0;0;0;2018-03-01 20:08:30 UTC;http://decideix.esparreguera.cat/processes/pressupostos2018/f/11/proposals/81;"";""
82;;"";"";"";;"";"";"";3;http://decideix.esparreguera.cat/processes/pressupostos2018?participatory_process_slug=pressupostos2018;11;Ampliació informació telemàtica;Monitor tàctil per alleugerar assistència OAC;"";decideix_esparreguera-PROP-2018-03-82;0;0;0;0;1;2018-03-02 11:18:27 UTC;http://decideix.esparreguera.cat/processes/pressupostos2018/f/11/proposals/82;"";""
83;;"";"";"";;"";"";"";3;http://decideix.esparreguera.cat/processes/pressupostos2018?participatory_process_slug=pressupostos2018;11;Reparació de la calçada Avinguda Roger de Llúria (Can Rial);"L’avinguda Roger de Llúria és una de les vies principals del nostre barri i l'accés que molts veïns de Can Rial i Mas d'en Gall utilitzem diàriament per entrar i sortir dels nostres barris. En un dels seus trams les arrels d'uns pins propers han malmès la calçada afectant de forma greu la circulació.

Es proposa la reparació d'aquest tram de calçada així com la del carrer adjacent (Doctor Barraquer) també afectat per les arrels.";"";decideix_esparreguera-PROP-2018-03-83;0;0;0;1;1;2018-03-02 15:31:22 UTC;http://decideix.esparreguera.cat/processes/pressupostos2018/f/11/proposals/83;"";""
84;;"";"";"";;"";"";"";3;http://decideix.esparreguera.cat/processes/pressupostos2018?participatory_process_slug=pressupostos2018;11;Arranjament carril de vianants entre el pont de l'A2 i el barri de La Plana;"Els veïns de Can Rial i Mas d’en Gall disposem d’un carril de vianants que ens apropa però no ens comunica de forma segura amb el poble i viceversa ja que es troba interromput des del pont de l’A2 fins a l’arribada a La Plana degut a que es passa per un solar sense paviment ni il·luminació.

Es proposa l'adequació d'un carril il·luminat de vianants de 100 metres en aquest solar.";"";decideix_esparreguera-PROP-2018-03-84;0;0;0;1;2;2018-03-02 22:01:19 UTC;http://decideix.esparreguera.cat/processes/pressupostos2018/f/11/proposals/84;"";""
85;;"";"";"";;"";"";"";3;http://decideix.esparreguera.cat/processes/pressupostos2018?participatory_process_slug=pressupostos2018;11;Xarxa de camins saludables des de Can Rial;Es proposa la senyalització de diverses rutes a peu des de Can Rial cap als barris de Mas d'en Gall i La Plana així com l'arranjament d'algun d'ells amb la finalitat de facilitar el coneixement de l'entorn sud d'Esparreguera tant per als veïns de Can Rial com a la resta dels habitants d'Esparreguera.;"";decideix_esparreguera-PROP-2018-03-85;0;0;0;1;1;2018-03-02 22:34:14 UTC;http://decideix.esparreguera.cat/processes/pressupostos2018/f/11/proposals/85;"";""
93;;"";"";"";;"";"";"";3;http://decideix.esparreguera.cat/processes/pressupostos2018?participatory_process_slug=pressupostos2018;11;Millora vies principals;Millorar il.luminació, voreres del carrer Francesc Marimón i Francesc Macià;"";decideix_esparreguera-PROP-2018-03-93;0;0;0;0;0;2018-03-05 08:10:17 UTC;http://decideix.esparreguera.cat/processes/pressupostos2018/f/11/proposals/93;"";""
86;;"";"";"";;"";"";"";3;http://decideix.esparreguera.cat/processes/pressupostos2018?participatory_process_slug=pressupostos2018;11;Videovigilancia a punts estratègics;Alguns punts del poble son suceptibles de conflictes (aparcament de les hortes, de l'escola de música, de la piscina...). Suggereixo afegir punts de llum i una càmera de seguretat ben posicionada que eviti o en tot cas gravi, qualsevol conflicte/actes de vandalisme que es pugui produïr. ;"";decideix_esparreguera-PROP-2018-03-86;0;0;0;0;0;2018-03-03 17:07:51 UTC;http://decideix.esparreguera.cat/processes/pressupostos2018/f/11/proposals/86;"";""
90;;"";"";"";;"";"";"";3;http://decideix.esparreguera.cat/processes/pressupostos2018?participatory_process_slug=pressupostos2018;11;Aprofitar més el parc de la Vila;Parc de la vila molt desaprofitat. Es podria aprofitar els espais verds, posar taules de pic-nic, zones per les families i millorar els parcs que n´hi han. Una proposta per la gent del poble i incentivar la vida al poble.;"";decideix_esparreguera-PROP-2018-03-90;0;0;0;0;1;2018-03-04 15:08:07 UTC;http://decideix.esparreguera.cat/processes/pressupostos2018/f/11/proposals/90;"";""
96;;"";"";"";;"";"";"";3;http://decideix.esparreguera.cat/processes/pressupostos2018?participatory_process_slug=pressupostos2018;11;Tancat de tot el Recinte Esportiu del Mas d'En Gall ;Per mantenir la seguretat i la tranquil·litat alhora de fer l'espot. Proposo el tancat de tot el recinte esportiu del Mas d'En Gall ;"";decideix_esparreguera-PROP-2018-03-96;0;0;0;0;1;2018-03-05 08:26:44 UTC;http://decideix.esparreguera.cat/processes/pressupostos2018/f/11/proposals/96;"";""
87;;"";"";"";;"";"";"";3;http://decideix.esparreguera.cat/processes/pressupostos2018?participatory_process_slug=pressupostos2018;11;Restauració font pública Can Rial;Històricament Can Rial tenia diverses fonts publiques, una de elles situada a la Riera d'abaix de Avd. Roger de Lluria , entre el número 7 i el 9. Actualment està tapada i sense accès públic. La proposta es tornar a habilitar aquesta font ,situada davant d'una zona protegida amb espècies autòctones endèmiques com el roure i l'alzina, en una zona verda a preservar.  Aquesta zona actualment està plena de matolls i deixalles vegetals, material ignifug a l'estiu. Pressupost: 15.000 €.;"";decideix_esparreguera-PROP-2018-03-87;0;0;0;0;2;2018-03-03 22:26:07 UTC;http://decideix.esparreguera.cat/processes/pressupostos2018/f/11/proposals/87;"";""
88;;"";"";"";;"";"";"";3;http://decideix.esparreguera.cat/processes/pressupostos2018?participatory_process_slug=pressupostos2018;11;Millora de parcs 0-3;"Adaptar parcs com ara el del centre ó de la vila per nens de 0-3, amb mobiliari adaptat i tancats.
Per exemple al parc del centre hi ha un elefant on van nens més grans i al voltant hi ha mobiliari de petits, adaptar-ho per ells, amb més columpios, un sorral, etc i amb tanques com és habitual.
";"";decideix_esparreguera-PROP-2018-03-88;0;0;0;0;1;2018-03-04 14:48:48 UTC;http://decideix.esparreguera.cat/processes/pressupostos2018/f/11/proposals/88;"";""
91;;"";"";"";;"";"";"";3;http://decideix.esparreguera.cat/processes/pressupostos2018?participatory_process_slug=pressupostos2018;11;Millora de parcs;Millora de parcs adaptant a diferents etapes així com diferents discapacitats i necessitats.;"";decideix_esparreguera-PROP-2018-03-91;0;0;0;0;1;2018-03-04 15:11:19 UTC;http://decideix.esparreguera.cat/processes/pressupostos2018/f/11/proposals/91;"";""
92;;"";"";"";;"";"";"";3;http://decideix.esparreguera.cat/processes/pressupostos2018?participatory_process_slug=pressupostos2018;11;Control de cotxes pel centre de la vila;Controlar la circulació de cotxes al centre de la vila, deixar nomès als veins i vehicles autoritzats pels comerços a les hores establertes. Control i multes mitjanzant control amb càmeres.;"";decideix_esparreguera-PROP-2018-03-92;0;0;0;0;0;2018-03-04 15:15:12 UTC;http://decideix.esparreguera.cat/processes/pressupostos2018/f/11/proposals/92;"";""
94;;"";"";"";;"";"";"";3;http://decideix.esparreguera.cat/processes/pressupostos2018?participatory_process_slug=pressupostos2018;11;Construcció d’una vorera entre la rotonda de la Plana i l’accés a la carretera B-231.;"DESCRIPCIÓ:
Els habitants dels barris de Can Rial i Mas d’En Gall, si es desplacen amb un carret de la compra o porten un cotxet, no poden fer ús del caminet interior, ja què és molt fort el desnivell i les rodetes queden travades. L’únic pas alternatiu és continuar seguint la B-231 fins arribar a la rotonda de la Plana. Però això comporta un greu PERILL, perquè no està ben pavimentat i et veus obligat a baixar a la calçada compartint l’espai amb els cotxes què allà circulen.  PROPOSTA (fitxer)";"";decideix_esparreguera-PROP-2018-03-94;0;0;0;1;1;2018-03-04 17:52:43 UTC;http://decideix.esparreguera.cat/processes/pressupostos2018/f/11/proposals/94;"";""
95;;"";"";"";;"";"";"";3;http://decideix.esparreguera.cat/processes/pressupostos2018?participatory_process_slug=pressupostos2018;11;Asfaltado parking colegio Pau Vila;"Asfaltar el parquing de tierra que hay al final de la calle Vallespir.
Si fuera posible también estaría bien poder agrandarlo para dar capacidad a todos los vehículos que hay a las horas de salida y entrada de los colegios.";"";decideix_esparreguera-PROP-2018-03-95;0;0;0;0;1;2018-03-04 21:49:29 UTC;http://decideix.esparreguera.cat/processes/pressupostos2018/f/11/proposals/95;"";""
97;;"";"";"";;"";"";"";3;http://decideix.esparreguera.cat/processes/pressupostos2018?participatory_process_slug=pressupostos2018;11;Ombrejat de les pistes infantils del Mas d'En Gall;Per poder tenir ombra a l'estiu i estar coberts quan plou. I poder practicar esport amb la tranquil·litat i seguretat que mereix la canalla. Proposo posar un sistema d'ombrejat el més econòmic possible a les pistes infantils del Mas d'En Gall ;"";decideix_esparreguera-PROP-2018-03-97;0;0;0;0;1;2018-03-05 08:33:53 UTC;http://decideix.esparreguera.cat/processes/pressupostos2018/f/11/proposals/97;"";""
98;;"";"";"";;"";"";"";3;http://decideix.esparreguera.cat/processes/pressupostos2018?participatory_process_slug=pressupostos2018;11;Tancat de les pistes infantils del Mas d'En Gall;Perquè la canalla poder gaudir de l'esport amb una seguretat i una tranquil·litat i per persevar les instal·lacions. Proposo el tancat de les pists infantils del Mas d'En Gall;"";decideix_esparreguera-PROP-2018-03-98;0;0;0;0;1;2018-03-05 08:35:19 UTC;http://decideix.esparreguera.cat/processes/pressupostos2018/f/11/proposals/98;"";""
99;;"";"";"";;"";"";"";3;http://decideix.esparreguera.cat/processes/pressupostos2018?participatory_process_slug=pressupostos2018;11;Millora de les instal·lacions de Can Pasqual;Millorar les instal·lacions de la piscina coberta de can pasqual. Adequar les dutxes, millora del servei, instal·lar noves màquines d'esport, millor servei i manteniment.;"";decideix_esparreguera-PROP-2018-03-99;0;0;0;0;0;2018-03-05 13:36:15 UTC;http://decideix.esparreguera.cat/processes/pressupostos2018/f/11/proposals/99;"";""
100;;"";"";"";;"";"";"";3;http://decideix.esparreguera.cat/processes/pressupostos2018?participatory_process_slug=pressupostos2018;11;Arreglar les rotondes i petits espais verds;"A Esparreguera comptem amb nombroses rotondes i petits espais vers que delimiten places o carrers. Aquests espais estan en molt mal estat, hi falta manteniment, cuida i sobretot una renovació.
Posem Esparreguera bonica plantant nous arbres, noves flors i amb manteniment de rec automàtic.";"";decideix_esparreguera-PROP-2018-03-100;0;0;0;0;1;2018-03-05 13:38:52 UTC;http://decideix.esparreguera.cat/processes/pressupostos2018/f/11/proposals/100;"";""
101;;"";"";"";;"";"";"";3;http://decideix.esparreguera.cat/processes/pressupostos2018?participatory_process_slug=pressupostos2018;11;Informació actualitzada i mòbil per tothom;"Instal·lar 2 o 3 pantalles repartides pel municipi com a panells informatius, per donar a conèixer l'actualitat del poble de forma immediata.
Es tractaria de donar informació a la ciutadania del poble d'ultima hora i actualitzada";"";decideix_esparreguera-PROP-2018-03-101;0;0;0;0;0;2018-03-05 13:42:46 UTC;http://decideix.esparreguera.cat/processes/pressupostos2018/f/11/proposals/101;"";""
102;;"";"";"";;"";"";"";3;http://decideix.esparreguera.cat/processes/pressupostos2018?participatory_process_slug=pressupostos2018;11;Creación zonas recreativas en espacios naturales;Creación en los espacios verdes naturales (zona del Torrent Mal y / o C.Roca) de zonas recreativas como áreas para el descanso y ocio para las familias, con áreas específicas de recreo que puedan ser utilizados por las escuelas como patios. Áreas que faciliten el instinto natural de los niños de explorar y jugar y faciliten el desarrollo de la psicomotricidad y acercamiento a la naturaleza.;"";decideix_esparreguera-PROP-2018-03-102;0;0;0;0;0;2018-03-05 13:50:01 UTC;http://decideix.esparreguera.cat/processes/pressupostos2018/f/11/proposals/102;"";""
103;;"";"";"";;"";"";"";3;http://decideix.esparreguera.cat/processes/pressupostos2018?participatory_process_slug=pressupostos2018;11;Reorganización Parque Infantil Calle Poniente .;área pequeña parque infantil en la Calle Poniente en desuso por falta de atractivo, instalar nuevos equipamientos. Como opción se podrá conectar las dos áreas infantiles .;"";decideix_esparreguera-PROP-2018-03-103;0;0;0;1;0;2018-03-05 13:59:25 UTC;http://decideix.esparreguera.cat/processes/pressupostos2018/f/11/proposals/103;"";""
104;;"";"";"";;"";"";"";3;http://decideix.esparreguera.cat/processes/pressupostos2018?participatory_process_slug=pressupostos2018;11;Reubicación contenedores y urbanizar zona verde en Mas D´en Gall.;"Zona conflictiva de contenedores basura al hallarse su situación en zona de paso vehiculos .Se sugiere ""urbanizar"" zona verde para una mejor ubicación de los contenedores y ganar espacio verde en plan "" mirador "" .calle Pau durán 76  y Ginesta 24b .";"";decideix_esparreguera-PROP-2018-03-104;0;0;0;1;0;2018-03-05 15:54:28 UTC;http://decideix.esparreguera.cat/processes/pressupostos2018/f/11/proposals/104;"";""
105;;"";"";"";;"";"";"";3;http://decideix.esparreguera.cat/processes/pressupostos2018?participatory_process_slug=pressupostos2018;11;Cami que comuniqui amb Burgerking;Crear un camí que enllaçi la zona de mercado fins a Burgerking. Molts adolescents transiten per aquesta zona amb el risc q comporta per l elevat número de vehícles.;"";decideix_esparreguera-PROP-2018-03-105;0;0;0;0;1;2018-03-05 17:13:01 UTC;http://decideix.esparreguera.cat/processes/pressupostos2018/f/11/proposals/105;"";""
106;;"";"";"";;"";"";"";3;http://decideix.esparreguera.cat/processes/pressupostos2018?participatory_process_slug=pressupostos2018;11;Equipament por club Gimnástica artística;"El club de Gimnástica artística esparreguera  ,  necesita adecuar les seves instalacions per fer el nivell de complexitat dels exercicis q fan les nenes.
Es por proposta un equipament en col.laboració públic/privada , com un equipament integral esportiu amb centre de fisio, asesorament dietétic, centre esportiu, que pot finançar-se amb les activitats privades
";"";decideix_esparreguera-PROP-2018-03-106;0;0;0;0;0;2018-03-05 17:40:45 UTC;http://decideix.esparreguera.cat/processes/pressupostos2018/f/11/proposals/106;"";""
107;;"";"";"";;"";"";"";3;http://decideix.esparreguera.cat/processes/pressupostos2018?participatory_process_slug=pressupostos2018;11;Contenidors Accessibles per a Persones amb Mobilitat Reduïda;T'imagines no poder fer una cosa tant bàsica com anar a tirar les escombraries? Les persones que tenim la mobilitat reduïda, per exemple per anar en cadira de rodes, trobem moltes limitacions a l'hora de realitzar activitats tant quotidianes com aquesta. Per això demanem a l'ajuntament que tingui en compte el concepte d'accessibilitat universal en el moment de realitzar nous projectes urbanístics en general i en aquest cas concret, en el moment de col·locar nous contenidors d'escombraries.;"";decideix_esparreguera-PROP-2018-03-107;0;0;0;1;0;2018-03-05 18:17:43 UTC;http://decideix.esparreguera.cat/processes/pressupostos2018/f/11/proposals/107;"";""
108;;"";"";"";;"";"";"";3;http://decideix.esparreguera.cat/processes/pressupostos2018?participatory_process_slug=pressupostos2018;11;Lector de Pantalla a la OAC de l'Ajuntament;A les persones amb diversitat funcional visual, aquelles que són cegues o que tenen dificultats de visió importants, no els hi resulta gens accessible que a la OAC el seu torn surti en una pantalla. Per a poder fer gestions de manera autònoma, caldria que s'instal·lés un lector de pantalla que t'avisi del torn de forma auditiva. Els serveis públics han de fomentar el concepte d'accessibilitat universal per garantir la igualtat en l'accés a la informació a tota la ciutadania. ;"";decideix_esparreguera-PROP-2018-03-108;0;0;0;0;1;2018-03-05 18:25:56 UTC;http://decideix.esparreguera.cat/processes/pressupostos2018/f/11/proposals/108;"";""
109;;"";"";"";;"";"";"";3;http://decideix.esparreguera.cat/processes/pressupostos2018?participatory_process_slug=pressupostos2018;11;Arranjament de totes les places d'aparcament per a persones amb mobilitat reduïda segons la normativa actual;En aquest poble, la gran majoria de les places d'aparcament destinades a persones amb mobilitat reduïda no reuneixen les característiques per a ser accessibles. Pots trobar-te un esglaó just davant de l'aparcament  o que la senyal que indica la plaça es trobi al mig d'aquesta i a l'hora de sortir del vehicle la pròpia senyal t'impedeixi obrir la porta. Per aquest motiu demanem a l'Ajuntament que revisi totes les places existents i les adeqüi al compliment de la normativa actual.;"";decideix_esparreguera-PROP-2018-03-109;0;0;0;1;1;2018-03-05 19:13:31 UTC;http://decideix.esparreguera.cat/processes/pressupostos2018/f/11/proposals/109;"";""
110;;"";"";"";;"";"";"";3;http://decideix.esparreguera.cat/processes/pressupostos2018?participatory_process_slug=pressupostos2018;11;Camins Escolars Segurs i Accessibles ;Ja existeixen alguns itineraris de camins escolars segurs. El problema és que algun d'ells no és accessible per a infants i adults amb mobilitat reduïda. Cal que tots els camins escolars provinents dels diferents barris d'Esparreguera,  garanteixin i millorin la seguretat i accessibilitat per a tothom. Cal millores en senyalitzacions i també rebaixar les voravies dels passos de vianants de la ruta.   ;"";decideix_esparreguera-PROP-2018-03-110;0;0;0;1;0;2018-03-05 19:35:10 UTC;http://decideix.esparreguera.cat/processes/pressupostos2018/f/11/proposals/110;"";""
112;;"";"";"";;"";"";"";3;http://decideix.esparreguera.cat/processes/pressupostos2018?participatory_process_slug=pressupostos2018;11;Jocs infantils fins a 12 anys C/Angel Guimerà;Disposar d'un parc infantil fins als 12 anys al costat del parc que es va posar al C/Angel Guimerà a prop del Col·legi Pau Vila, d'aquesta manera queden totes les edats amb la possibilitat de jugar. Es podria fer una piràmide de cordes.;"";decideix_esparreguera-PROP-2018-03-112;0;0;0;0;0;2018-03-05 21:26:50 UTC;http://decideix.esparreguera.cat/processes/pressupostos2018/f/11/proposals/112;"";""
111;;"";"";"";;"";"";"";3;http://decideix.esparreguera.cat/processes/pressupostos2018?participatory_process_slug=pressupostos2018;11;Condicionar camí peatonal Can Rial-La Plana;Potenciar el camí peatonal amb bancs nous i paperes. Es podria aprofitar la vista de la muntanya de Montserrat per fer un panell informatiu de l'entorn. Adequar el pas que enllaça La Plana amb la carretera per fer un camí més accessible i segur per tothom, pensant sobretot en les persones de mobilitat reduïda, ja sigui al camí de terra o el tros de vorera que hi ha en la mateixa carretera. Possar senyal més visual per als cotxes que giren a la ctra. de Mas d'en Gall on avisi de pas de vianants.;"";decideix_esparreguera-PROP-2018-03-111;0;0;0;0;5;2018-03-05 21:15:55 UTC;http://decideix.esparreguera.cat/processes/pressupostos2018/f/11/proposals/111;"";""
113;;"";"";"";;"";"";"";3;http://decideix.esparreguera.cat/processes/pressupostos2018?participatory_process_slug=pressupostos2018;11;Potenciar la mobilitat/esport amb Bicibox;Disposar de Bicibox en punts estratègics, per exemple parada bus, mercat, pistes esportives, pavelló. És una forma segura de potenciar l'ús de la bicicleta i l'esport, substitució del vehicle en alguns casos.;"";decideix_esparreguera-PROP-2018-03-113;0;0;0;0;0;2018-03-05 21:40:09 UTC;http://decideix.esparreguera.cat/processes/pressupostos2018/f/11/proposals/113;"";""
117;;"";"";"";;"";"";"";7;http://decideix.esparreguera.cat/processes/reglamenttransportadaptat?participatory_process_slug=reglamenttransportadaptat;23;Usuarios del transporte del TOCC;"Propongo que el transporte, sea lo mas economico posible, y que lo saquen de otras partidas que no hacen tanta fatal
Los usuarios estamos en deseacuerdo con la ordenanza n 36. Pero claro cuando nos avisaron ya estaba todo hecho, no nos dieron oportunidad de dar nuestra opinión, y poder debatirlo para proponer otra alternativa u otra solucion.
Estamos de acuerdo que ayuden a la gent_grand pero no con nuestros igreso, sino con ayudas de la administracion.
";"";decideix_esparreguera-PROP-2018-10-117;1;0;0;0;0;2018-10-16 10:56:04 UTC;http://decideix.esparreguera.cat/processes/reglamenttransportadaptat/f/23/proposals/117;"";""
118;;"";"";"";;"";"";"";7;http://decideix.esparreguera.cat/processes/reglamenttransportadaptat?participatory_process_slug=reglamenttransportadaptat;23;Reglament servei transport adaptat;"Bona tarda!
Com a familiar d'un veterà usuari del TOCC he de dir q cada cop suposa més cost per les families dur-hi els seus familiars... Al principi servei terapia i transport eren gratuits x aquests usuaris.
Van aprovar la llei de la dependéncia,al poc temps els van reduir a la meitat la prestació i el transport va deixar de ser gratuit. Crec que donat que son un grup minoritari que tenen moltes despeses i pocs ingressos , les taxes s'hauria d 'ajustar als seus ingressos";"";decideix_esparreguera-PROP-2018-10-118;0;0;0;0;0;2018-10-22 16:11:43 UTC;http://decideix.esparreguera.cat/processes/reglamenttransportadaptat/f/23/proposals/118;"";""
119;;"";"";"";;"";"";"";7;http://decideix.esparreguera.cat/processes/reglamenttransportadaptat?participatory_process_slug=reglamenttransportadaptat;23;Transporte adaptat tocc;"De momento estamos satisfechos con Servio de Transporte, son bastante puntuales y la actitud de las personas encargadas es muy correcta.
Volvemos a repetir de momento...
En cuanto al precio suponemos que debe ser el más ajustado posible.
";"";decideix_esparreguera-PROP-2018-10-119;0;0;0;0;0;2018-10-24 07:04:00 UTC;http://decideix.esparreguera.cat/processes/reglamenttransportadaptat/f/23/proposals/119;"";""
