id;category/id;category/name/fr;scope/id;scope/name/fr;participatory_space/id;participatory_space/url;collaborative_draft_origin;component/id;title;body;state;reference;answer/fr;supports;endorsements;comments;amendments;attachments_url;attachments;followers;published_at;url;meeting_urls;related_proposals;authors_url
24;13;Usages numériques;;"";2;http://participation.touraine.fr/processes/bpcitoyen?participatory_process_slug=bpcitoyen;false;1;La Caravane Branchée ou le numérique pour tous;"Acquérir et aménager une caravane en FabLab++ itinérant en milieu rural en priorité. 
Mettre à disposition des outils numérique et d'impression (imprimante laser couleur, découpe vinyle, massicot, etc...)
Donner la possibilité aux personnes en rupture sociale d'utiliser et/ou de se faire accompagner dans l'utilisation de l'outil numérique ou dans les démarches administratives (MSAP)
Apporter des conseils d'utilisation, d'achat ou simplement un échange !
Créer un lien social dans un environnement convivial
#bp37";"";CD37-PROP-2019-11-24;"";0;0;1;0;"";0;2;2019-11-18 17:55:49 +0100;http://participation.touraine.fr/processes/bpcitoyen/f/1/proposals/24;"";"";http://participation.touraine.fr/profiles/St%C3%A9phane
23;16;Environnement et cadre de vie;;"";2;http://participation.touraine.fr/processes/bpcitoyen?participatory_process_slug=bpcitoyen;false;1;Restauration du bocage;"Je souhaite accompagner les propriétaires terriens (agriculteurs et collectivités locales) dans la plantation et l'entretien de haies pour contribuer à la restauration des sols, au maintien de la biodiversité, à la lutte contre l'érosion, à la qualité des paysages etc...
#bp37";"";CD37-PROP-2019-11-23;"";0;0;0;0;"";0;1;2019-11-18 17:21:40 +0100;http://participation.touraine.fr/processes/bpcitoyen/f/1/proposals/23;"";"";http://participation.touraine.fr/profiles/Caravell
29;14;Sport;427;Loches;2;http://participation.touraine.fr/processes/bpcitoyen?participatory_process_slug=bpcitoyen;false;1;Loches Velo Atelier et Location;"Il semble que Loches a besoin d’un service pour les vélos.
Vente, Location, réparation de vélo sur Loches.

Malheureusement les chiffres d'évaluation d'activité sont très mauvais. Trop faible en relation avec l'infrastructure et l'investissement nécessaire à cette activité.

Il semble que l'office du Tourisme a lui-même fait de la location de cycle et n’a pas prolongé l’expérience.

Pour assurer un bon service pour les vélos il faut :
- un espace de réception 
- un espace de nettoyage, contrôle et de réparation (Atelier ouvert)
- une plate-forme de réservation de l’atelier ou des machine en location en ligne (WebApps)
- un stock de matériel divers (pour la location /prêt ou pour les réparations)
- du matériel de manutention et de transport du matériel / vélos
 - une personne disponible à temps plein pendant la haute saison pour recevoir les utilisateurs et animer l’atelier. 
- une personne pour l'administration et la technique (Réparations, transfert de matériel, …)

Une étude plus poussée serait nécessaire pour voir la viabilité de ce projet.
#bp37";"";CD37-PROP-2019-11-29;"";0;0;0;0;"";0;1;2019-11-21 00:39:25 +0100;http://participation.touraine.fr/processes/bpcitoyen/f/1/proposals/29;"";"";http://participation.touraine.fr/profiles/CMI
30;17;Culture et patrimoine;427;Loches;2;http://participation.touraine.fr/processes/bpcitoyen?participatory_process_slug=bpcitoyen;false;1;Musée du Champignon;"Ce projet consiste à la création d’un musée du Champignon et à l’implantation de celui-ci, in situe, dans une cave avec l’aide des grandes figures locales de la production du champignon.

Activité touristique potentielle
Activité pédagogique avec les scolaires
Activité de production.

Une symbiose est envisageable avec un producteur local.
#bp37";"";CD37-PROP-2019-11-30;"";0;0;0;0;"";0;1;2019-11-21 22:01:08 +0100;http://participation.touraine.fr/processes/bpcitoyen/f/1/proposals/30;"";"";http://participation.touraine.fr/profiles/CMI
31;13;Usages numériques;;"";2;http://participation.touraine.fr/processes/bpcitoyen?participatory_process_slug=bpcitoyen;false;1;Captation/live Mobile;"L'idée du projet est de proposer à des associations sportives/culturelles d'effectuer des captations vidéos avec enregistrements informatiques et/ou diffusion en live (youtube/facebook ou autre plateforme) de leur événement.
#bp37";"";CD37-PROP-2019-11-31;"";0;0;0;0;"";0;1;2019-11-22 10:50:51 +0100;http://participation.touraine.fr/processes/bpcitoyen/f/1/proposals/31;"";"";http://participation.touraine.fr/profiles/Olivier37
12;14;Sport;;"";2;http://participation.touraine.fr/processes/bpcitoyen?participatory_process_slug=bpcitoyen;false;1;Skatepark de Loire ;"En 2019, les sports de glisse, et notamment les sports de glisse à roulettes (skateboard, longboard, trottinette, roller), font partie intégrante du paysage sportif mondial. Le nombre de pratiquants, notamment chez les plus jeunes, est en hausse constante. Le skateboard rentrera aux jeux olympiques de Tokyo en 2020 dans les disciplines du bowl et du street.
De plus, ces pratiques peuvent être de réelles activités émancipatrices et créent des espaces de sociabilité. Elles emmènent avec elles tout une culture, de la musique aux arts graphiques et s’apparente parfois à la danse, notamment au travers des productions de vidéos. Nous pensons qu’un skatepark doit dépasser la simple installation sportive traditionnelle car ces activités ont aussi une dimension créative et esthétique très importante, qui tend aujourd'hui à se développer. Dans des cas extrêmes l'espace du skatepark peut même rentrer dans les musées et devenir œuvre, comme dans le cas du bowl phosphorescent de Vassivière réalisé par Koo Jeong A ou des œuvres de Raphaël Zarka.
Une ville de la taille de Tours se doit de disposer d’un équipement à la hauteur de ces enjeux. En région Centre, Châteauroux a franchi le pas, avec un équipement de grande qualité. N’étant ni très proche de la mer, ni très proche de la montagne, dans les sports de glisse, le département peut se distinguer dans cet univers au travers des sports à roulettes.
Le dossier ci joint concerne un projet qui a été rejeté à l’ile Aucard pour des raisons «écologiques». D’autres sites existent, en prenant en considération que la Loire, à notre grand regret, doit demeurer un terrain vague et/ou un jardin annexe d’Ehpad. Nous avons ainsi identifié les sites du parc de Sainte Radegonde, les rives du cher à côté du lac de Tours, un entrepôt qui serait disponible à la location, le site abandonné de saint sauveur, etc. 
De nombreux skateurs sont cependant davantage favorable à un skatepark semi couvert ou couvert, à cause du climat, qui va probablement bouleverser drastiquement nos vies futures, surtout s’agissant de nos places de parking, quand on sera mort. C’est très triste, mais bon, après tout, la météo, c’est comme la politique: tout le monde en parle, mais personne ne peut y changer grand chose.
#bp37";"";CD37-PROP-2019-11-12;"";0;0;0;0;participation.touraine.frhttps://siesta.osp.cat/uploads/decidim/attachment/file/11/20180326_dossierDevalDeLoire_skatepark-IleAucard.pdf;1;1;2019-11-15 09:14:45 +0100;http://participation.touraine.fr/processes/bpcitoyen/f/1/proposals/12;"";"";http://participation.touraine.fr/profiles/De%20Loire%20
25;16;Environnement et cadre de vie;;"";2;http://participation.touraine.fr/processes/bpcitoyen?participatory_process_slug=bpcitoyen;false;1;Amélioration et densification de l’exploitation du sillon ferroviaire Tours – Loches;"Transport assuré par des rames ferroviaire simples à propulsion électrique, hydrogène ou gaz.
Dispositif renforcé par un réseau de mini bus électriques, hydrogène ou gaz permettant de relier les centres bourgs éloignés avec la gare locale de proximité pour tout ceux qui souhaite utiliser le service.
Fréquences des allers-retours en fonction de la journée et du besoin. Départ par exemple toutes les 10 minutes au moment des besoins les plus élevés. Par exemple en semaine,  le matin de 7h00 à 8H30 et le soir de 16H30 à 18H00, jusqu’à toutes les heures dans les périodes creuses.
Les croisements se faisant à certaines gares ou à certains lieux aménagés.   

L’énergie utilisée peut être d’origine EDF, de centrale de méthanisation de proximité (Verneuil) ou hydrogène produite localement.

Transport des personnes, vélos et autres engins de déplacement individuel à énergie verte.

Le transport de petit colis et de courrier peut aussi être envisagé.

L’étude des flux et à faire mais globalement si le service est suffisamment fréquent, journalier régulier et la bonne synchronisation intermodal, le nombre d’utilisateur doit permettre d’assurer la rentabilité du service. 
Les études de rentabilité faites par la SNCF et la région sur l’exploitation actuelle de ce sillon, une fois partagées, pourraient permettre de tendre vers un service plus dense, plus efficace et plus économe en intégrant de nouvelles idées et technologies.

L’intérêt collectif serait de réduire de façon importante l’usage journalier des véhicules personnels entre Loches et Tours incluant tous les bourgs de la vallée de l’Indre à partir de Loches (voire plus loin dans un deuxième temps). 

L’usage d’énergie verte et renouvelable produite à proximité doit réduire le bilan global de l’impact de la solution de transport sur l’environnement.
#bp37";"";CD37-PROP-2019-11-25;"";0;0;1;0;"";0;1;2019-11-20 22:58:22 +0100;http://participation.touraine.fr/processes/bpcitoyen/f/1/proposals/25;"";"";http://participation.touraine.fr/profiles/CMI
13;16;Environnement et cadre de vie;453;Monts;2;http://participation.touraine.fr/processes/bpcitoyen?participatory_process_slug=bpcitoyen;false;1;Motricité libre à Candé;"Ce projet à pour but de créer dans une des dépendances du château de Candé une salle de motricité destiné aux enfants de moins de 3 ans.

Cette salle de motricité serait accessible aux parents, aux assistants familiaux et aux assistantes maternelles du département.

Cela permettrai aux parents ainsi que les assistants familiaux et maternels d'avoir une salle à disposition pour partager un moment de convivialité avec les enfants sans avoir des frais à leur charge.

Les enfants concernés seront toujours accompagnés et sous la responsabilité de l'adulte qui les accompagne.

Les horaires d'ouverture et fermeture pourront être  les mêmes horaires de  fonctionnement du château de Candé.
#bp37";"";CD37-PROP-2019-11-13;"";0;0;0;0;participation.touraine.frhttps://siesta.osp.cat/uploads/decidim/attachment/file/12/salle_motricit%C3%A9.jpg;1;1;2019-11-15 13:06:17 +0100;http://participation.touraine.fr/processes/bpcitoyen/f/1/proposals/13;"";"";http://participation.touraine.fr/profiles/Mortena
27;16;Environnement et cadre de vie;343;Chambourg-sur-Indre;2;http://participation.touraine.fr/processes/bpcitoyen?participatory_process_slug=bpcitoyen;false;1;Eolienne expérimentale;"Eolienne expérimentale.

Ce projet consiste à la création et à l’implantation d’une éolienne à axe vertical expérimentale pour la production électrique à usage domestique pour une certaine indépendance électrique d’un hameau.

Les éoliennes à axe vertical, sont plus petites, tournent moins vite, et sont donc moins bruyantes et moins voyantes que les éoliennes à axe horizontal.

Sa forme innovante et son principe extrêmement simple sont ses atouts majeurs.

L’étude de résistance des matériaux et de couplage avec un alternateur-onduleur reste à faire.
#bp37";"";CD37-PROP-2019-11-27;"";0;0;0;0;"";0;1;2019-11-20 23:40:04 +0100;http://participation.touraine.fr/processes/bpcitoyen/f/1/proposals/27;"";"";http://participation.touraine.fr/profiles/CMI
33;;"";356;Château-la-Vallière;2;http://participation.touraine.fr/processes/bpcitoyen?participatory_process_slug=bpcitoyen;false;1;Aire pour camping-car ;"Je souhaiterais créer une aire de stationnement pour camping-car. Pour une nuits ou plusieurs nuits. Souvent je m'aperçois que beaucoup de camping car se garent n'importe où faute de stationnement. C'est dangereux pour eux sur les bords de route ou lieux non éclairés. J'ai besoin d'une aide de financement pour l'achat d'un terrain que j'ai déjà vu et pour pouvoir l'aménager.
#bp37";"";CD37-PROP-2019-11-33;"";0;0;0;0;"";0;1;2019-11-23 19:24:35 +0100;http://participation.touraine.fr/processes/bpcitoyen/f/1/proposals/33;"";"";http://participation.touraine.fr/profiles/Raofet37
28;14;Sport;427;Loches;2;http://participation.touraine.fr/processes/bpcitoyen?participatory_process_slug=bpcitoyen;false;1;Complexe Bowling, Roller, Karting, Escalade, ….indoor;"Ce projet consiste à la création et à l’implantation d’un bowling et/ou d’une piste de roller et/ou d’une piste de karting électrique et /ou d’escalade et/ou tout autres activités sportives mais en intérieur.

Un entrepôt adéquat ainsi que les équipements pour ces activités sont à investir. 
Un encadrement est aussi à prévoir pour assurer l’animation et la sécurité de ces activités.

Hormis, le bowling, certaines activités sportives peuvent partager la même surface mais pas au même moment ce qui peut permettre une diversité par une rotation des activités.

Le Laser game ou Escape game se prêtent bien à ce partage.
#bp37";"";CD37-PROP-2019-11-28;"";0;0;0;0;"";0;1;2019-11-21 00:06:44 +0100;http://participation.touraine.fr/processes/bpcitoyen/f/1/proposals/28;"";"";http://participation.touraine.fr/profiles/CMI
34;17;Culture et patrimoine;523;Saint-Pierre-des-Corps;2;http://participation.touraine.fr/processes/bpcitoyen?participatory_process_slug=bpcitoyen;false;1;Restauration d'une locomotive à vapeur de 1938;"Seul monument historique de l'agglomération de SAINT PIERRE DES CORPS, la locomotive pacific 231e41 symbolise l'époque aujourd'hui disparu de la traction à vapeur. Sa restauration, par une équipe de passionnés, permettrait de voir un jour,  cette locomotive, tracter un train touristique de prestige sur les voies de la SNCF.
#bp37";"";CD37-PROP-2019-11-34;"";0;0;0;0;participation.touraine.frhttps://siesta.osp.cat/uploads/decidim/attachment/file/19/Azo_2017_06_08_locomotive_231E41.jpg;1;0;2019-11-24 10:28:39 +0100;http://participation.touraine.fr/processes/bpcitoyen/f/1/proposals/34;"";"";http://participation.touraine.fr/profiles/chap
35;15;Solidarité et développement local;548;Tours;2;http://participation.touraine.fr/processes/bpcitoyen?participatory_process_slug=bpcitoyen;false;1;L'économie sociale et solidaire pour tous ;"221 325 établissements  10.5% de l’emploi français

Deux chiffres qui illustrent correctement la place de l’ESS (l'économie sociale et solidaire) en France, Ces chiffres confirment que l’ESS est une véritable force pour notre pays. Malgré cela l’ESS est peu connu du grand public, c’est pourquoi je souhaite créer un site internet qui assure la promotion de l’ESS et faciliter la recherche de financement, afin de mettre fin aux idées reçues et peut-être susciter des vocations.

Pour améliorer cette situation il est primordial que l’opinion public change et prenne conscience des multitudes opportunités que ce secteur peut apporter à chacun d’entre nous. Pour ce faire, je souhaite sensibiliser les jeunes lycéen à cette autre mode d’entreprendre.

Afin de pallier à ces différents problèmes, je souhaite réaliser un site internet qui aura pour objectif d’être la référence du monde de l’ESS sur le web. En effet, ce site permettra d’informer des actualités de l’ESS, améliorer les échanges des acteurs de l’ESS via un forum, mais aussi faciliter les démarches de demande de subvention (fundraising) auprès de fondations, clubs services, appel à projet.
#bp37";"";CD37-PROP-2019-11-35;"";0;0;0;0;"";0;1;2019-11-25 13:37:02 +0100;http://participation.touraine.fr/processes/bpcitoyen/f/1/proposals/35;"";"";http://participation.touraine.fr/profiles/ESSWORLD
16;13;Usages numériques;;"";2;http://participation.touraine.fr/processes/bpcitoyen?participatory_process_slug=bpcitoyen;false;1;Rocanto'Lab, Création d'un espace numérique rural à Saint Antoine du Rocher.;"Equiper et developper un espace de création numérique rural.
Imprimantes et scanner 3D, découpeuse (laser, vinyle et à fil chaud), CNC routeur, développement et programmation d'Arduino, modélisation 3D, électronique (circuits imprimés, composants), etc.....
Animation et mise à disposition de matériels numériques pour étudier, développer et construire des projets individuels, collectifs, éducatifs, communautaires, humanitaires ou autres......
Espace de proximité gratuit, dédié au numérique accessible à tous,
Etudiants, Artisans, bricoleurs, architectes, curieux, entreprise,  startup, artistes, collectivités, etc....
Tous ces profils pourront trouver les outils et les conseils nécessaires au développement de leurs projets.
Mais aussi faire profiter de leur expérience aux autres.
Le faire soi même ""mais pas seul"" à tout âges.
Le projet pourrait être étendu à la communauté de commune Gatines Choisille Pays de Racan, en fonction de la capacité d'accueil du local et des moyens matériels mis à disposition de l'association Rocanto'Lab.
#bp37";"";CD37-PROP-2019-11-16;"";0;0;0;0;participation.touraine.frhttps://siesta.osp.cat/uploads/decidim/attachment/file/13/fablab-et-impression-d-78236581.jpg;1;1;2019-11-16 18:26:30 +0100;http://participation.touraine.fr/processes/bpcitoyen/f/1/proposals/16;"";"";http://participation.touraine.fr/profiles/Rocanto'Lab
17;16;Environnement et cadre de vie;596;Tours;2;http://participation.touraine.fr/processes/bpcitoyen?participatory_process_slug=bpcitoyen;false;1;Acquisition d'une machine à récupérer des contenants en verre;"Mettre à disposition une machine de récupération de contenants en verre encore en bon état afin d'éviter la casse des bocaux en verre qui peuvent être récupérés pour une réutilisation par d'autres personnes
#bp37";"";CD37-PROP-2019-11-17;"";0;0;0;0;"";0;1;2019-11-16 21:59:23 +0100;http://participation.touraine.fr/processes/bpcitoyen/f/1/proposals/17;"";"";http://participation.touraine.fr/profiles/ANNABEL
19;16;Environnement et cadre de vie;;"";2;http://participation.touraine.fr/processes/bpcitoyen?participatory_process_slug=bpcitoyen;false;1;Accès aux déchetteries du département;"Permettre l'accès aux déchetteries du département sans avoir au préalable à justifier de son lieu de résidence.
Ceci afin de favoriser et augmenter le tri de nos déchets.
Tout un chacun doit pouvoir se rendre dans une déchetterie du département sans avoir à présenter une carte d'accès, ce qui  permettra de réduire l'importance des dépôts sauvages.
#bp37";"";CD37-PROP-2019-11-19;"";0;0;0;0;"";0;1;2019-11-18 07:29:15 +0100;http://participation.touraine.fr/processes/bpcitoyen/f/1/proposals/19;"";"";http://participation.touraine.fr/profiles/Yvonneau
20;12;Autre;505;Saint-Cyr-sur-Loire;2;http://participation.touraine.fr/processes/bpcitoyen?participatory_process_slug=bpcitoyen;false;1;Semaine de sensibilisation aux handicaps;"Chaque jour, les élèves seront sensibilisés à un type de handicap selon leur niveau.
De nombreuses associations ainsi que des personnes souffrant un handicap seront présentes chaque jour. Témoignages, démonstrations, ateliers ludiques et sportifs auront lieu.

6ème + Ulis : handicap visuel
5ème : handicap auditif et trouble des apprentissages
4ème : handicap moteur
3ème + IME : handicap mental et vocal + troubles autistiques

La semaine se finit avec un repas à l'aveugle (dans le noir et les yeux bandés- élèves et adultes volontaires).

La semaine du handicap s'inscrit dans le parcours citoyen de nos élèves. Notre établissement accueillant des élèves en situation de handicap, l’idée est de les sensibiliser à toutes les formes de handicap, qu’ils aient un regard différent et qu’ils obtiennent des connaissances.
#bp37";"";CD37-PROP-2019-11-20;"";0;0;1;0;participation.touraine.frhttps://siesta.osp.cat/uploads/decidim/attachment/file/14/Calendrier_de_la_Semaine_du_Handicap...pdf;1;2;2019-11-18 10:04:46 +0100;http://participation.touraine.fr/processes/bpcitoyen/f/1/proposals/20;"";"";http://participation.touraine.fr/profiles/COLLEGE%20BERGSON
21;17;Culture et patrimoine;;"";2;http://participation.touraine.fr/processes/bpcitoyen?participatory_process_slug=bpcitoyen;false;1;Restauration de la Ramée;"Construit à la demande de François 1er, cet ancien hôtel particulier servait à accueillir les invités de la cour.

Inscrite aux monuments historiques, la façade de ce monument nécessite d'une importante restauration (taille de pierre, ornements des fenêtres, ravalement) afin de conserver et de mettre en valeur notre patrimoine.
#bp37";"";CD37-PROP-2019-11-21;"";0;0;0;0;participation.touraine.frhttps://siesta.osp.cat/uploads/decidim/attachment/file/15/d71bff3b-9834-40b2-a959-1a117f97179f.JPG;1;1;2019-11-18 15:33:08 +0100;http://participation.touraine.fr/processes/bpcitoyen/f/1/proposals/21;"";"";http://participation.touraine.fr/profiles/laramee
22;16;Environnement et cadre de vie;;"";2;http://participation.touraine.fr/processes/bpcitoyen?participatory_process_slug=bpcitoyen;false;1;Méthaniseur de quartier;"Installer un méthaniseur dans un lotissement afin de récupérer les déchets alimentaires biodégradable pour produire du biogaz.
#bp37";"";CD37-PROP-2019-11-22;"";0;0;0;0;"";0;1;2019-11-18 17:01:24 +0100;http://participation.touraine.fr/processes/bpcitoyen/f/1/proposals/22;"";"";http://participation.touraine.fr/profiles/Fr%C3%A9d%C3%A9ric
45;16;Environnement et cadre de vie;548;Tours;2;http://participation.touraine.fr/processes/bpcitoyen?participatory_process_slug=bpcitoyen;false;1;La basse cour du Sanitas ;"-Créer un immense poulailler gérer par les habitants du quartier Sanitas.
Les habitants pouvant donner leurs restes alimentaires aux volailles (avec interdiction d’aliments nocifs et pourris). 
Ce qui diminuerai les poubelles alimentaires.
-Les œufs des différentes volailles seraient récoltés et partagés ou vendus sur le marché faisant fonctionner une cagnotte servant à entretenir le poulailler.
-l’entretien du poulailler serait à titre bénévole et proposé aux habitants chaque semaine à tour de rôle avec a profit pour celui où celle qui fait l’entretien une part plus importante d’œufs.
Les poules ne font pas beaucoup de bruits sont faciles à vivre et à entretenir
-les enfants pourraient aider.
A titre d’information une poule pondeuse peut pondre 300 par an ! 
Avec 40 poules cela ferait environ 12000 œufs à partager les poules pourraient vivre 3 ans et être abattus et offertes à manger aux bénévoles qui ont participé à l’entretien du poulailler ! 
L’endroit ou je vois ce poulailler géant derrière le parc de jeu qui se trouve rue Théodore Venien. 
Voilà c’est une idée écologique pour diminuer les poubelles alimentaires qui peut s’avérer simple à mettre en place et extrêmement ludique et intéressante et puis le quartier du Sanitas  est un quartier dortoir triste mit a l'écart qui mérite un peu de vie et d’humanité.
Le prix d’un poulailler pour 40 poules il faut 1 m2 par poules ainsi que des accessoires ! 
Un enclos volière grillagé de 100 m2 + 1 bâtiment en bois avec 40 casiers + 4 grands abreuvoirs + 8 mangeoires + un toit + de la paille = entre 550 euros et 700 euros ( poulettes comprises)
L’idée demander aux habitants de concevoir avec du matériel à recycler des abreuvoirs et des mangeoires ! Diminuer les prix au maximum de la nourriture en profitant des restes alimentaires des habitants. Les poules auront toujours besoin de graines et les crottes des poules serviront d’engrais !
#bp37";"";CD37-PROP-2019-12-45;"";0;0;0;0;"";0;1;2019-12-01 15:14:02 +0100;http://participation.touraine.fr/processes/bpcitoyen/f/1/proposals/45;"";"";http://participation.touraine.fr/profiles/Dianou
36;16;Environnement et cadre de vie;435;Luzillé;2;http://participation.touraine.fr/processes/bpcitoyen?participatory_process_slug=bpcitoyen;false;1;Jardin école, de loisir et d'expérimentation;"Création d’un jardin en vue d’être visité et servant de support pédagogique aux cours et stages autour du végétal.
Création par des intervenants et par les adhérents par le biais de cours et de stages, ou par des bénévoles.
Ce jardin est le centre de réflexion et d’accueil associatif pour les cours et stages, mais aussi pour les différentes animations proposées par l’association De la Graine aux Copeaux : fête des plantes, ateliers, animations nature ou culturelles.
Ce lieu d’échange vise également les scolaires et la rencontre des différentes générations. C’est un lien social pour la population Luzilloise et environnante.
Elle propose, en lien avec la bibliothèque, des ouvrages sur le thème du jardin à venir découvrir et emprunter.
La visite du jardin est accessible à tous  grâce à la signalétique de tous les végétaux présents sur le site. Un intervenant propose également des visites guidées et commentées. Les Luzillois bénéficient d’une entrée gratuite à l’année.
Possibilité d'avoir des partenariats auprès de différents sites touristiques (Château de Montpoupon, Château de Chenonceau, Cité Royale de Loches, Chédigny…).
Le jardin regorge de végétaux rares, mais également plus communs, et sert de support lors de cours ou stage et pratique technique : reconnaissance des végétaux, tailles, création de massifs, etc. 
Mais il est également un lieu d’accueil pour les écoles et centre aérés. Les scolaires pourront y apprendre toutes sortes de pratiques de jardinage, et les écoles de Luzillé et Epeigné-les-Bois y sont accueillis régulièrement pour des ateliers découvertes en plein air.
Le jardin permet aussi d’accueillir des projets-école pour les lycées et CFA sur différents thèmes.
Une partie du jardin est réservée aux tests et essais en tout genre, que ce soit ornemental, d’acclimatation ou autres. Une partie non plantée et non cultivée permet ces différents tests.
Les nouvelles pratiques de jardinage écologiques telle que la permaculture sont proposées en cours ou formation et sont appliquées sur site.
Le jardin potager est avant tout un support pédagogique et un jardin d’essai autour de la permaculture mais il vise aussi l’approvisionnement, en partie, de l’épicerie de Luzillé, avec l’aide de Pao et du jardin de Civray de Touraine.
AVANTAGES POUR LA VILLE DE LUZILLE
Communal : Revalorisation des déchets verts des services techniques de la commune de Luzillé grâce aux différentes techniques utilisées au jardin (buttes, paillage…).
Social : lieu de rencontre intergénérationnel, faire bouger la ville par les animations. Partenariat avec les autres associations Luzilloises et les lieux touristiques alentour.
Economique : aider les commerçants et acteurs touristiques à faire venir les visiteurs à Luzillé
Luzillé fait partie d’un circuit touristique et les acteurs économiques (restaurant/bar, gîtes et chambres d’hôtes, commerces) bénéficieront d’une retombée pécuniaire.
#bp37";"";CD37-PROP-2019-11-36;"";0;0;0;0;"";0;1;2019-11-25 13:53:10 +0100;http://participation.touraine.fr/processes/bpcitoyen/f/1/proposals/36;"";"";http://participation.touraine.fr/profiles/Am%C3%A9lie
38;17;Culture et patrimoine;;"";2;http://participation.touraine.fr/processes/bpcitoyen?participatory_process_slug=bpcitoyen;false;1;JEANNE D'ARC A TOURS ;"Installation d'une statue de Jeanne d'Arc au cœur de la ville de Tours.
De retour à Chinon, le roi, convaincu, vers Pâques, de la réalité de la mission de Jeanne, l’envoie à Tours, elle reçoit son armure et son étendard. Le 21 avril, elle retrouve l’armée du roi à Blois ; 
Le 29,  elle entre dans Orléans ; le 8 mai, le siège est levé.
#bp37";"";CD37-PROP-2019-11-38;"";0;0;0;0;participation.touraine.frhttps://siesta.osp.cat/uploads/decidim/attachment/file/20/Historique_Jeanne_d_arc_Extrait___26-11-2019.docx;1;1;2019-11-26 10:25:29 +0100;http://participation.touraine.fr/processes/bpcitoyen/f/1/proposals/38;"";"";http://participation.touraine.fr/profiles/CATHERINE
18;12;Autre;;"";2;http://participation.touraine.fr/processes/bpcitoyen?participatory_process_slug=bpcitoyen;false;1;L'armoire sans fin : échange de vêtements et ateliers de recyclage textile;"« L’armoire sans fin » (association créée en octobre 2019) vise à lutter contre le gaspillage textile : nous achetons énormément de vêtements neufs et nos armoires débordent d’habits non portés. Or l’industrie textile est la 2e plus polluante au monde. 
Notre équipe imagine un lieu dédié à la revalorisation et au réemploi de nos articles de mode.

DIFFÉRENTES ACTIONS :
Des sessions d'échange de vêtements, avec un sytème de compte à points (selon le type de vêtement).
Des ateliers de recyclage créatif : apprendre à réparer, détourner, customiser, upcycler, au lieu de jeter nos vêtements.
Des événements en lien avec ces thématiques : rencontres, débats, projections, festivals, défilés de créateurs éco-responsables...
Des partenariats avec les acteurs locaux du zéro déchet et du réemploi, les établissements scolaires.

NOS OBJECTIFS :
Créer un cercle vertueux autour du textile 
Consommer mieux et moins en limitant le gaspillage
Développer la créativité
Découvrir le plaisir de fabriquer
Comprendre le cycle de vie d’un textile
Faire ensemble, créer du lien social

L'investissement sollicité porterait sur la réhabilitation d'un lieu dans une des communes de l'agglomération tourangelle, assez grand pour organiser les activités décrites plus haut et accueillir les participants, intervenants, partenaires. Un lieu convivial, appartenant à un réseau local identifié, orienté vers l’écologie, l’économie circulaire et la consommation éco-responsable.
#bp37";"";CD37-PROP-2019-11-18;"";0;0;0;0;participation.touraine.frhttps://siesta.osp.cat/uploads/decidim/attachment/file/18/concept_Armoire_sans_fin.jpg;1;1;2019-11-23 16:15:37 +0100;http://participation.touraine.fr/processes/bpcitoyen/f/1/proposals/18;"";"";http://participation.touraine.fr/profiles/larmoiresansfin
32;16;Environnement et cadre de vie;587;Tours - Les Fontaines;2;http://participation.touraine.fr/processes/bpcitoyen?participatory_process_slug=bpcitoyen;false;1;Partage ton barbeuc;"L'idée serait que quelques planchas en libre service soit installées sur les sites de l'île Simon et de l'île Balzac afin de protéger ces sites des barbecues sauvages à l'arrivée dez beaux jours.
Ces barbecues 2.0 seraient gratuits et accessibles à tous. Ces planchas seraient connectées et se pilotent depuis une application à télécharger sur smartphone. La déconnexion se fait automatiquement et seule la partie centrale en hauteur chauffe. Il n’y a donc pas de danger pour la sécurité des enfants aux alentours.
Seuls équipements nécessaires pour les usagers : un smartphone, une spatule métallique, une éponge et un peu d'eau pour nettoyer l'installation après chaque utilisation sans oublier les brochettes et compagnie :)
#bp37";"";CD37-PROP-2019-11-32;"";0;0;0;0;"";0;1;2019-11-23 17:12:14 +0100;http://participation.touraine.fr/processes/bpcitoyen/f/1/proposals/32;"";"";http://participation.touraine.fr/profiles/Ade
40;12;Autre;463;Neuvy-le-Roi;2;http://participation.touraine.fr/processes/bpcitoyen?participatory_process_slug=bpcitoyen;false;1;Sécurisation et équipement de l'Espace jeux;"Le projet se situe sur la commune de Neuvy-le-Roi (37370) au nord de la Touraine. Il consiste en la réalisation d'une clôture autour de l'espace de jeux place du Mail au centre du village, afin que les enfants puissent jouer en toute sécurité et sur un terrain propre. Ce projet consiste également en l'installation d'une nouvelle structure pour les enfants.
#bp37";"";CD37-PROP-2019-11-40;"";0;0;0;0;participation.touraine.frhttps://siesta.osp.cat/uploads/decidim/attachment/file/21/DSCF4414.JPG;1;1;2019-11-27 11:19:39 +0100;http://participation.touraine.fr/processes/bpcitoyen/f/1/proposals/40;"";"";http://participation.touraine.fr/profiles/Graziella
43;17;Culture et patrimoine;433;Luynes;2;http://participation.touraine.fr/processes/bpcitoyen?participatory_process_slug=bpcitoyen;false;1;Patrimoine revival & Energie propre;"Adhérents à l'Association des Moulins de Touraine, nous rêvons de redonner une âme à notre moulin à eau, des XVI et XVIIème siècles, par la remise en place d'une roue à aubes à vocation hydroélectrique. 
Nous avons retrouvé de nombreux documents d'époque, dont des plans précisément détaillés et côtés, qui sont conservés aux archives départementales.
Nous espérons grâce à ce projet faire découvrir que la rénovation d'un patrimoine ancien peut s'associer à la production d'une énergie propre tout en préservant la nature environnante et redonnant vie au lieu.
#bp37";"";CD37-PROP-2019-11-43;"";0;0;0;0;"";0;1;2019-11-29 00:09:36 +0100;http://participation.touraine.fr/processes/bpcitoyen/f/1/proposals/43;"";"";http://participation.touraine.fr/profiles/MoulinHodoux
1;;"";;"";3;http://participation.touraine.fr/processes/bpcitoyen2?participatory_process_slug=bpcitoyen2;false;12;Projet de jardin flottant;"Structure en bois avec flotteurs pouvant supporter un poids de x personnes sur point d'eau
#bp37";"";CD37-PROP-2019-09-1;"";0;0;1;0;"";0;1;2019-09-25 15:12:08 +0200;http://participation.touraine.fr/processes/bpcitoyen2/f/12/proposals/1;"";"";http://participation.touraine.fr/profiles/jcebost
