id;category/id;category/name/en;category/name/ca;category/name/es;category/name/fr;category/name/nl;category/name/de;scope/id;scope/name/en;scope/name/ca;scope/name/es;scope/name/fr;scope/name/nl;scope/name/de;participatory_space/id;participatory_space/url;component/id;title;body;state;reference;answer/en;answer/ca;answer/es;answer/fr;answer/nl;answer/de;supports;endorsements/total_count;endorsements/user_endorsements;comments;attachments;followers;published_at;url;meeting_urls;related_proposals;is_amend;original_proposal/title;original_proposal/url
482;;"";"";"";"";"";"";;"";"";"";"";"";"";53;http://wb1170.monopinion.belgium.be/processes/budgetparticipatif2021?participatory_process_slug=budgetparticipatif2021;194;Bureaux en plein air ;"Lieux ombragés extérieurs où les habitants de la commune peuvent étudier et/ou travailler lorsque la météo le permet. Participation des habitants afin de déterminer la localisation idéale et la ""structure"" des espaces de travail.";"";wb1170-PROP-2021-02-482;"";"";"";"";"";"";0;0;"";0;1;2;2021-02-14 12:59:55 +0100;http://wb1170.monopinion.belgium.be/processes/budgetparticipatif2021/f/194/proposals/482;"";"";false;;
473;;"";"";"";"";"";"";;"";"";"";"";"";"";53;http://wb1170.monopinion.belgium.be/processes/budgetparticipatif2021?participatory_process_slug=budgetparticipatif2021;194;Réaffectation des trottoirs;Beaucoup de trottoirs sont dans un état déplorable dans certaines rue / avenue , un entretien devient très urgent car un risque d'accident risque d'arrivé à tout moment surtout du côté des personnes âgées et des familles avec poucettes et enfants en bas âge .;"";wb1170-PROP-2021-02-473;"";"";"";"";"";"";0;0;"";2;0;4;2021-02-03 10:42:34 +0100;http://wb1170.monopinion.belgium.be/processes/budgetparticipatif2021/f/194/proposals/473;"";"";false;;
476;;"";"";"";"";"";"";;"";"";"";"";"";"";53;http://wb1170.monopinion.belgium.be/processes/budgetparticipatif2021?participatory_process_slug=budgetparticipatif2021;194;Place Wiener - La plaine de jeux de nos rêves;"Rajouter un grand élément de jeux pour les enfants de 7-12 ans (pour grimper, glisser, équilibre…) ; améliorer la sécurité pour éviter que les enfants courent sur la rue du Ministre ; rendre les aménagements agréables et intelligents.

Mots clés: plaine de jeux, enfants, parents";"";wb1170-PROP-2021-02-476;"";"";"";"";"";"";0;0;"";1;1;3;2021-02-09 11:18:14 +0100;http://wb1170.monopinion.belgium.be/processes/budgetparticipatif2021/f/194/proposals/476;"";"";false;;
477;;"";"";"";"";"";"";;"";"";"";"";"";"";53;http://wb1170.monopinion.belgium.be/processes/budgetparticipatif2021?participatory_process_slug=budgetparticipatif2021;194;Valoriser la gare de Watermael - créer un mini-musée Delvaux ;"Redonner vie et valoriser la superbe gare de Watermael en y implantant un petit musée Delvaux. Assurer la présence semi-permanente d'un préposé qui agirait comme gardien et guide du musée mais assurerait un service d'aide aux voyageurs victimes de la fracture numérique. La gare est actuellement considérée par la SNCB comme un point d'arrêt non géré. Les deux haltes ""Arcades"" et ""Watermael"" sont appelées à se développer grâce aux lignes Suburban S7 et S8 (futur RER). Cela contribuera à encourager la diversification de la mobilité.
La gare dispose de suffisamment de ressources (3 salles) et une très accueillante esplanade pour y accueillir un service de coffee-truck ou food-truck.";"";wb1170-PROP-2021-02-477;"";"";"";"";"";"";0;0;"";0;0;2;2021-02-27 15:35:16 +0100;http://wb1170.monopinion.belgium.be/processes/budgetparticipatif2021/f/194/proposals/477;"";"";false;;
489;;"";"";"";"";"";"";;"";"";"";"";"";"";53;http://wb1170.monopinion.belgium.be/processes/budgetparticipatif2021?participatory_process_slug=budgetparticipatif2021;194;L'Outiltek de Watermael-boitsfort;Pour limiter les achats superflus d'outils qu'on n'utilisera presque pas et, dans une démarche écologique, je propose la création d'un endroit ou pouvoir emprunter des outils divers et variés gratuitement dans la commune.;"";wb1170-PROP-2021-02-489;"";"";"";"";"";"";0;0;"";4;0;6;2021-02-16 11:54:17 +0100;http://wb1170.monopinion.belgium.be/processes/budgetparticipatif2021/f/194/proposals/489;"";"";false;;
494;;"";"";"";"";"";"";;"";"";"";"";"";"";53;http://wb1170.monopinion.belgium.be/processes/budgetparticipatif2021?participatory_process_slug=budgetparticipatif2021;194;Une plaine de jeux de la Herronière pour tous!;"La plaine de jeux située dans le Parc de la Heronnière, le long de la rue du Loutrier, ne possède que 3 modules non-adéquats pour les tout petits et les adolescents. Deux des trois modules ne présentent qu'un attrait limité pour les enfants. L'état actuel de ces modules les rend dangereux : bois glissant, manque de garde corp, plastiques abimés et coupants...
Beaucoup d'enfants passent par le parc de la Heronnière mais ne peuvent actuellement profiter d'une plaine de jeux répondant à leurs désirs. Les plus petits ne peuvent pas profiter de cet espace qui ne leur convient pas. 
De plus, les plus grands enfants ainsi que les adolescents ne peuvent profiter d'installation sportive en libre accès dans la moitié sud de la commune depuis la transformation du terrain de basketball du Centre Sportif des 3 Tilleuls en un terrain de Padel. 
C'est pourquoi je propose de transformer la plaine de jeux en y mettant des modules plus adéquats (balançoires, modules en bois, toboggans, parcours à escalader, bac à sable...) dans le respect du cadre du parc de la Heronnière et à l'image de ce qui a pu être fait au Rouge Cloître. De plus, j'y installerais un terrain de basketball en plein air afin que les plus grand puissent à nouveau accéder à une infrastructure sportive et accessible à tous.";"";wb1170-PROP-2021-02-494;"";"";"";"";"";"";0;0;"";1;0;2;2021-02-18 15:45:06 +0100;http://wb1170.monopinion.belgium.be/processes/budgetparticipatif2021/f/194/proposals/494;"";"";false;;
497;;"";"";"";"";"";"";;"";"";"";"";"";"";53;http://wb1170.monopinion.belgium.be/processes/budgetparticipatif2021?participatory_process_slug=budgetparticipatif2021;194;Installation dans la commune de citernes d’eau de pluie accessibles aux habitants;"Nos étés sont de plus en plus secs et nos hivers sont toujours bien arrosés ! 
 
La commune pourrait placer des collecteurs d’eau de pluie connectés aux toits de certains bâtiments publics et même privés. Ces collecteurs alimenteraient des citernes qui seraient placées dans des espaces publics accessibles aux habitants. 

Ceux-ci pourraient arroser leurs jardinières avec ce bien commun et gratuit qu’est l’eau de pluie. 

Les citernes pourraient être décorées par les enfants des écoles de la commune.";"";wb1170-PROP-2021-02-497;"";"";"";"";"";"";0;0;"";2;0;3;2021-02-20 14:57:33 +0100;http://wb1170.monopinion.belgium.be/processes/budgetparticipatif2021/f/194/proposals/497;"";"";false;;
498;;"";"";"";"";"";"";;"";"";"";"";"";"";53;http://wb1170.monopinion.belgium.be/processes/budgetparticipatif2021?participatory_process_slug=budgetparticipatif2021;194;Watermael-Boitsfort en IMMERSION 3D;Production de visites immersives en 3D augmentées les plus avancées technologiquement des lieux remarquables de la commune, de ses espaces culturels et artistiques, de ses commerces en vue de leur créer une visibilité optimale et de dynamiser les secteurs économiques, culturels, patrimoine architectural, horeca en générant de la fréquentation.;"";wb1170-PROP-2021-02-498;"";"";"";"";"";"";0;0;"";1;1;2;2021-02-20 19:50:06 +0100;http://wb1170.monopinion.belgium.be/processes/budgetparticipatif2021/f/194/proposals/498;"";"";false;;
499;;"";"";"";"";"";"";;"";"";"";"";"";"";53;http://wb1170.monopinion.belgium.be/processes/budgetparticipatif2021?participatory_process_slug=budgetparticipatif2021;194;Réfection des trottoirs - Quartier commerçant du 8;"Il est nécessaire de refaire les trottoirs dans le quartier commerçant du 8, en particulier sur la rue de la Vènerie et sur le passage reliant cette rue avec la rue de la Cigale. 
Le mauvais entretien provoque des dégâts et inondations chez les riverains, en plus du danger d'avoir des trottoirs mal entretenus, pour la circulation. 
Ce projet est déposé par le Service participation, au nom d'une habitante de la rue, souhaitant rester anonyme.";"";wb1170-PROP-2021-02-499;"";"";"";"";"";"";0;0;"";1;0;2;2021-02-22 10:31:40 +0100;http://wb1170.monopinion.belgium.be/processes/budgetparticipatif2021/f/194/proposals/499;"";"";false;;
503;;"";"";"";"";"";"";;"";"";"";"";"";"";53;http://wb1170.monopinion.belgium.be/processes/budgetparticipatif2021?participatory_process_slug=budgetparticipatif2021;194;Parcours sentier;Il pourrait être intéressant d'avoir une carte des venelles et sentiers de la commune. On pourrait les nommer, les entretenir et en faire un parcours pédestre découverte.;"";wb1170-PROP-2021-02-503;"";"";"";"";"";"";0;0;"";1;0;4;2021-02-22 17:27:48 +0100;http://wb1170.monopinion.belgium.be/processes/budgetparticipatif2021/f/194/proposals/503;"";"";false;;
505;;"";"";"";"";"";"";;"";"";"";"";"";"";53;http://wb1170.monopinion.belgium.be/processes/budgetparticipatif2021?participatory_process_slug=budgetparticipatif2021;194;Weekend de fête de la musique à Watermael-Boitsfort;"Idée proposée par Louis Wuestenberghs et déposée par le Service Participation.

Organisation d'un weekend de fête de la musique à Watermael-Boitsfort quand la situation le permettra. L'idée est d'organiser un weekend où toutes les générations pourraient se retrouver. On installerait une scène sur le parking place Payfa. L'idée serait que le vendredi soit plutôt dédié aux plus de 40 ans avec un concert de rock. Le samedi matin pour les enfants, le samedi après-midi aux académies de musique, la fin d'après-midi à un Open Mic en collaboration avec le studio de la MJ (?) et le soir des concerts de rap pour les jeunes.";"";wb1170-PROP-2021-02-505;"";"";"";"";"";"";0;0;"";1;1;2;2021-02-23 10:09:30 +0100;http://wb1170.monopinion.belgium.be/processes/budgetparticipatif2021/f/194/proposals/505;"";"";false;;
515;;"";"";"";"";"";"";;"";"";"";"";"";"";53;http://wb1170.monopinion.belgium.be/processes/budgetparticipatif2021?participatory_process_slug=budgetparticipatif2021;194;Panneaux d'information électroniques dédiés aux informations communales;"Le constat .
L’ information et la communication de celle-ci sont importantes pour mettre des citoyens à égalité sinon seuls les initiés ou informés ont l'information  et donc accès à la participation .
On le sait, tout le monde n’a pas accès à internet , ni même le réflexe d’aller chercher cette information sur le site de la commune. Le journal 1170 existe bien sûr mais ne suffit pas.
On l’a encore constaté lors du confinement l’information doit être actualisée et aller vers les citoyens et non le contraire.
 
Aussi , le projet proposé viserait au placement de panneaux d’information constitués d’écrans modernes, attractifs, un peu comme les panneaux publicitaires dans une dizaine de lieux stratégiques et très fréquentés de la commune. 

Ces écrans  pourraient ainsi informer des actualités communales , de la campagne de vaccination, des expos, des activités culturelles, sportives de l’ aide pour les déclarations fiscales, des stages pour enfants...
Ces panneaux sont gérés électroniquement, cela n’ impose pas de l’affichage papier .
Comme il s’ agit d’infos officielles ce serait le service information de la commune qui le gèrerait.

Cette idée est déposée par le Service Participation au nom de Thérèse Hendrick.";"";wb1170-PROP-2021-02-515;"";"";"";"";"";"";0;0;"";0;0;2;2021-02-25 13:25:23 +0100;http://wb1170.monopinion.belgium.be/processes/budgetparticipatif2021/f/194/proposals/515;"";"";false;;
516;;"";"";"";"";"";"";;"";"";"";"";"";"";53;http://wb1170.monopinion.belgium.be/processes/budgetparticipatif2021?participatory_process_slug=budgetparticipatif2021;194;Sécurisation des passages piétonniers;"Placement d’un éclairage différencié et puissant aux passages piétonniers, afin que les personnes qui l’empruntent soient mieux visibles par temps de pluie le soir.

Un carrefour qui m’intéresse plus particulièrement est celui « Pêcherie / Brillant », pour avoir failli m’y faire renverser.

Cette idée est déposée par le Service Participation au nom de Jean-Claude Ceysens.";"";wb1170-PROP-2021-02-516;"";"";"";"";"";"";0;0;"";0;0;2;2021-02-25 13:28:29 +0100;http://wb1170.monopinion.belgium.be/processes/budgetparticipatif2021/f/194/proposals/516;"";"";false;;
518;;"";"";"";"";"";"";;"";"";"";"";"";"";53;http://wb1170.monopinion.belgium.be/processes/budgetparticipatif2021?participatory_process_slug=budgetparticipatif2021;194;Mur anti-bruit sur l'avenue de la Foresterie;"Elaboration d’un mur anti-bruit le long de l’avenue de la Foresterie (entre le point de la station service Lukoil et le monument sur le rond-point avec la jonction avec la Chaussée de la Hulpe). 

Le “mur” devrait être composé de matériaux durables et “habillé” de plantes pour étouffer le bruit. La création et la maintenance du “mur” (ou écran) devrait créer de l’emploi local. Aussi l”élaboration du “mur” pourrait faire l’objet d’un concours artistique pour trouver la plus belle et efficace combinaison de plantes/deisgn etc. 

Projet déposé par le Service Participation, au nom de Anne Marchal.";"";wb1170-PROP-2021-02-518;"";"";"";"";"";"";0;0;"";0;0;2;2021-02-26 10:21:39 +0100;http://wb1170.monopinion.belgium.be/processes/budgetparticipatif2021/f/194/proposals/518;"";"";false;;
519;;"";"";"";"";"";"";;"";"";"";"";"";"";53;http://wb1170.monopinion.belgium.be/processes/budgetparticipatif2021?participatory_process_slug=budgetparticipatif2021;194;Bennes à petits encombrants;"L’idée est de placer quelques bennes (aussi esthétiques que possible) pour la collecte de petits encombrants pour que ceux qui n’ont pas les moyens d’aller à la déchetterie puissent déposer des objets en sécurité et sans embarras pour le voisinage. Pour le moment, je vois des dépôts “sauvages” près des bulles à verre/huile, ou encore la pratique de laisser sur les trottoirs des choses ‘“à donner” (certains objets sont en fait des “encombrants”). Le contenu des ces bennes pourraient être trié et distribué soit à des ONGs (genre “Les petits riens”) soit mis à la casse, ou récupéré (métaux etc).

Ce projet est déposé par le Service participation au nom de Anne Marchal.";"";wb1170-PROP-2021-02-519;"";"";"";"";"";"";0;0;"";0;0;3;2021-02-26 10:23:22 +0100;http://wb1170.monopinion.belgium.be/processes/budgetparticipatif2021/f/194/proposals/519;"";"";false;;
522;;"";"";"";"";"";"";;"";"";"";"";"";"";53;http://wb1170.monopinion.belgium.be/processes/budgetparticipatif2021?participatory_process_slug=budgetparticipatif2021;194;Kiosque au centre du square des Archiducs comme lieu d'animation, de rencontre et également support d'affichage.;"Outre l'effet esthétique indéniable d'un kiosque au centre du square, ce serait un centre de rencontres des plus chaleureux.

J'imagine de petits concerts multiculturels, des apéros.
Nous pourrions selon les différentes fêtes du calendrier faire des fêtes appropriées aux différentes communautés.
Imaginez à Noël, un joli sapin multicolore et des chorales venues de partout, et nous tous réunis autour des marrons et du vin chaud ...

Le square étant classé, ce kiosque devra être léger et mobile.
Nécessaire d’aplanir le sol à l’endroit où il sera déposé ainsi que donner accès à un réseau électrique.
Le Kiosque aura également un rôle de lieu d'affichage pour toutes les infos liées au quartier.

Projet déposé par le Service Participation au nom de Anne Skey (Archicitoyens).";"";wb1170-PROP-2021-02-522;"";"";"";"";"";"";0;0;"";0;0;3;2021-02-26 11:11:28 +0100;http://wb1170.monopinion.belgium.be/processes/budgetparticipatif2021/f/194/proposals/522;"";"";false;;
523;;"";"";"";"";"";"";;"";"";"";"";"";"";53;http://wb1170.monopinion.belgium.be/processes/budgetparticipatif2021?participatory_process_slug=budgetparticipatif2021;194;Installation de roulottes au Plateau de la Foresterie dans le cadre d'un accompagnement premier logement et départ dans la vie active de réfugiés sur ;"Le projet consiste à acheter une ou deux roulottes, les aménager ( meubles, sanitaires, etc) pour les placer au Plateau de la Foresterie pour y recevoir des réfugiés reconnus par l'état Belge afin de leur permettre de se lancer dans la vie active avec un accompagnement sur un an. 
 
Le budget pour l'achat d'une roulotte est aux alentours de 10.000€ sans aménagement. 
 
Il y aura également un budget à prévoir pour l'ameublement, les sanitaires (toilettes sèches et douche), matériel informatique pour recherche d'emploi, apprentissage et formation. 
 
Il y a encore d'autres facettes à développer autours de ce projet mais elle feront parties du projet final. 

Projet déposé par le Service participation au nom de Dominique Opdekamp (Le Manège du Possible asbl).";"";wb1170-PROP-2021-02-523;"";"";"";"";"";"";0;0;"";0;0;2;2021-02-26 14:00:46 +0100;http://wb1170.monopinion.belgium.be/processes/budgetparticipatif2021/f/194/proposals/523;"";"";false;;
526;;"";"";"";"";"";"";;"";"";"";"";"";"";53;http://wb1170.monopinion.belgium.be/processes/budgetparticipatif2021?participatory_process_slug=budgetparticipatif2021;194;Distribution solidaire de colis alimentaires + une permanence d'accompagnement social pour favoriser l'accès aux droits ;"Avec la crise du Covid, la demande d'aide alimentaire explose. Beaucoup d'habitants font appel à des projets bénévoles de colis et de distribution d'invendus en dehors de la commune pour pouvoir survivre. Nous proposons la mise en place d'une distribution solidaire dans un lieu facilement accessible sur le territoire de la commune de Watermael-Boitsfort. Ce lieu accueillerait également une permanence d'accompagnement social pour aider les personnes dans le besoin dans l'accès à leurs droits.

Projet déposé par le Service Participation au nom de l'Espace PCS.";"";wb1170-PROP-2021-02-526;"";"";"";"";"";"";0;0;"";0;0;3;2021-02-26 14:33:37 +0100;http://wb1170.monopinion.belgium.be/processes/budgetparticipatif2021/f/194/proposals/526;"";"";false;;
527;;"";"";"";"";"";"";;"";"";"";"";"";"";53;http://wb1170.monopinion.belgium.be/processes/budgetparticipatif2021?participatory_process_slug=budgetparticipatif2021;194;Les potagers de Watermael-Boitsfort au fil des saisons;"La Commune dispose de plein de beaux espaces verts où des potagers et des zones de compostage seraient possibles. Certains lieux ont déjà été investis par les habitants. Nous nous rendons compte que certains habitants et leurs enfants sont intéressés par ces espaces mais auraient besoin d'un vrai accompagnement avec des moments de rencontres et des animations régulières.. Il serait intéressant de créer des ateliers au fil des saisons qui pourraient avoir lieu à chaque fois dans différents endroits de la commune pour les mettre en valeur, créer du lien entre ces différents espaces potagers et les habitants qui y sont investis, créer ainsi de la convivialité entre habitants de différentes quartiers. 

Projet déposé par le Service Participation au nom de l'Espace PCS.";"";wb1170-PROP-2021-02-527;"";"";"";"";"";"";0;0;"";0;0;3;2021-02-26 14:34:48 +0100;http://wb1170.monopinion.belgium.be/processes/budgetparticipatif2021/f/194/proposals/527;"";"";false;;
528;;"";"";"";"";"";"";;"";"";"";"";"";"";53;http://wb1170.monopinion.belgium.be/processes/budgetparticipatif2021?participatory_process_slug=budgetparticipatif2021;194;Dieudonné Kabongo, le boitsfortois qui décolonisait les esprits (monument sur l'espace public);"Il a vécu longtemps dans la commune, mort sur scène en 2011, il est enterré à Boitsfort. Son bilan: Grand Prix du Festival de Rochefort, Prix du Public et de la RTBF, Prix RFI pour sa chanson Tougoudou, nominé au Magritte, meilleur acteur à Ecran Noir. Par l'humour, la chanson et son charisme engagé, il était chroniqueur radio et médiateur respecté par les toutes les communautés culturelles et  particulièrement par les jeunes via l'association Ba Yaya qu'il parrainait (Les grands-frères). Sa fille, professeur de danse vit rue de l'Elan qui fut aussi sa dernière adresse. Face aux multiples monuments qui glorifient les pionniers et militaires belges au Congo, installer un monument en hommage à celui qui fut un artiste innovant et un homme de dialogue serait une manière originale et positive de favoriser le ""Vivre ensemble"". Autour de ce projet symbolique, nous souhaitons aussi entretenir un moment annuel et répétitif qui s'intitulerait par exemple "" Kobosana te"" (ne pas oublier).";"";wb1170-PROP-2021-02-528;"";"";"";"";"";"";0;0;"";1;1;3;2021-02-26 15:32:08 +0100;http://wb1170.monopinion.belgium.be/processes/budgetparticipatif2021/f/194/proposals/528;"";"";false;;
529;;"";"";"";"";"";"";;"";"";"";"";"";"";53;http://wb1170.monopinion.belgium.be/processes/budgetparticipatif2021?participatory_process_slug=budgetparticipatif2021;194;Plaine de jeux de 2 à 18 ans (Tritomas);"Balançoire, carrousel, cage à poules et appareils libre service d'entraînement sportif ouvert aux enfants et aux jeunes du quartier. 

Ce projet est déposé par le Service Participation au nom de Mina El Rhachi.";"";wb1170-PROP-2021-02-529;"";"";"";"";"";"";0;0;"";0;0;2;2021-02-26 16:15:48 +0100;http://wb1170.monopinion.belgium.be/processes/budgetparticipatif2021/f/194/proposals/529;"";"";false;;
534;;"";"";"";"";"";"";;"";"";"";"";"";"";53;http://wb1170.monopinion.belgium.be/processes/budgetparticipatif2021?participatory_process_slug=budgetparticipatif2021;194;Une guinguette estivale aux square des Archiducs;"Depuis quelques années, plusieurs guinguettes sont installées en période estivale dans certains parcs de Bruxelles (Cinquantenaire, Abbaye du bois de la Cambre, Georges Henri,...). L'idée serait d'en mettre une également au square des Archiducs. Ce lieu permettrait aux habitants de la commune de se retrouver dans la convivialité autour d'un verre. 

Mots Clés: 
Guinguette
Archiducs
Eté";"";wb1170-PROP-2021-02-534;"";"";"";"";"";"";0;0;"";0;0;3;2021-02-27 13:30:04 +0100;http://wb1170.monopinion.belgium.be/processes/budgetparticipatif2021/f/194/proposals/534;"";"";false;;
535;;"";"";"";"";"";"";;"";"";"";"";"";"";53;http://wb1170.monopinion.belgium.be/processes/budgetparticipatif2021?participatory_process_slug=budgetparticipatif2021;194;Un dimanche sans voiture par mois;"Un dimanche sans voiture est déjà organisé dans la région de Bruxelles une fois par an. C'est une journée de fête plébiscitée par la plupart des habitants. L'idée serait d'organiser une telle journée plus souvent sur la commune, par exemple une fois par mois. La circulation automobile serait alors interdite ou fortement déconseillée ce jour-là.

Mots Clés:
Journée sans voiture
Calme
Circulation";"";wb1170-PROP-2021-02-535;"";"";"";"";"";"";0;0;"";0;0;3;2021-02-27 13:48:15 +0100;http://wb1170.monopinion.belgium.be/processes/budgetparticipatif2021/f/194/proposals/535;"";"";false;;
536;;"";"";"";"";"";"";;"";"";"";"";"";"";53;http://wb1170.monopinion.belgium.be/processes/budgetparticipatif2021?participatory_process_slug=budgetparticipatif2021;194;Cinéma estival en plein air ;L'idée serait de projeter des films en plein air pendant l'été sur les places de la commune (Keym et Wiener). Cela permettrait aux habitants de se retrouver dans la convivialité pour une projection collective d'un film ou d'un dessin animé par exemple 2 fois par semaine pendant tout l'été.;"";wb1170-PROP-2021-02-536;"";"";"";"";"";"";0;0;"";0;0;4;2021-02-27 14:02:14 +0100;http://wb1170.monopinion.belgium.be/processes/budgetparticipatif2021/f/194/proposals/536;"";"";false;;
537;;"";"";"";"";"";"";;"";"";"";"";"";"";53;http://wb1170.monopinion.belgium.be/processes/budgetparticipatif2021?participatory_process_slug=budgetparticipatif2021;194;Panneaux artistiques à la place des publicités;"De nombreux panneaux publicitaires sont présents dans la commune. Ils sont inesthétiques et contraires à une démarche de consommation raisonnée et allant vers le zéro déchet. L'idée consisterait à remplacer ces panneaux publicitaires par des œuvres graphiques proposées par les habitants (photos, peintures, dessins,...) et imprimées et installées par la commune.

Mots Clés:
Publicité
dessins
photos";"";wb1170-PROP-2021-02-537;"";"";"";"";"";"";0;0;"";0;0;3;2021-02-27 14:16:52 +0100;http://wb1170.monopinion.belgium.be/processes/budgetparticipatif2021/f/194/proposals/537;"";"";false;;
544;;"";"";"";"";"";"";;"";"";"";"";"";"";53;http://wb1170.monopinion.belgium.be/processes/budgetparticipatif2021?participatory_process_slug=budgetparticipatif2021;194;Créer un parcours de fresques murales pour croiser l’Art et embellir l’Espace Public;Créer un parcours de fresques dans la tradition bruxelloise du décor mural et de la BD. Une fresque murale pour embellir la Commune, rendre l’Art accessible à tous et nous inviter à libérer nos émotions et à toucher nos sens.;"";wb1170-PROP-2021-02-544;"";"";"";"";"";"";0;0;"";0;0;3;2021-02-28 20:30:54 +0100;http://wb1170.monopinion.belgium.be/processes/budgetparticipatif2021/f/194/proposals/544;"";"";false;;
545;;"";"";"";"";"";"";;"";"";"";"";"";"";53;http://wb1170.monopinion.belgium.be/processes/budgetparticipatif2021?participatory_process_slug=budgetparticipatif2021;194;Watermael Boitsfort une commune Pro Skate;"Le projet vise à inscrire durablement la commune en tant que territoire phare dans la Région soutenant activement le développement des sports de glisse urbaine (dont le skateboard) dans l'espace public. Il s'agit d'impulser par des investissements dans l'espace urbain le soutient de la communauté à une pratique ludique, sportive, sociable et un mode de déplacement. Un accent serait mis sur des aménagements raisonnables du skate-park existant (compte tenu des plantations à préserver), et de la dissémination dans l'espace public (places, parcs, espaces en friche) de modules urbains pro skates (cf. par exemple la place de la République à Paris, ou Hôtel de Ville à Lyon) ou encore (à préciser en fonction du budget final) la construction d'un ""bowl"" (structure creuse, voir le Prado à Marseille). Les investissements publics en matière de glisse urbaines sont pratiquement inexistants à Bruxelles et le skate-park Boitsfortois fait figure d'exception. Concentrer davantage de ""spots"" d'intérêts sur le territoire de la Commune pourrait amener des retombées diverses comme le développement de commerces, des activités sportives et occupationnelles valorisées par les jeunes (dont de plus en plus de jeunes femmes), l'organisation d’évènements sportifs et culturels, la proposition de stages pour enfants et adolescents, une valorisation des jeunes talents et la professionnalisation de ce sport qui compte un nombre croissant d'adeptes. Les réalisations concrètes (spots d'intérêt pour la glisse urbaine)  permises grâces au financement seraient également pensées en tenant compte de leur intégration dans l'espace urbain, pour limiter les éventuelles nuisances et favoriser la diffusion d'une perception positive des ces pratiques dans l'ensemble de la communauté.";"";wb1170-PROP-2021-02-545;"";"";"";"";"";"";0;0;"";0;0;2;2021-02-28 22:12:55 +0100;http://wb1170.monopinion.belgium.be/processes/budgetparticipatif2021/f/194/proposals/545;"";"";false;;
549;;"";"";"";"";"";"";;"";"";"";"";"";"";53;http://wb1170.monopinion.belgium.be/processes/budgetparticipatif2021?participatory_process_slug=budgetparticipatif2021;194;Plaine de jeux des noisetiers : plantation d'une micro-foret urbaine;"Caché à l'arrière de l'avenue colloniale à hauteur de l'arrêt de bus VANDER ELST, se trouve au détour d'un chantier, une petite plaine de jeux 1 à 3 ans flanquée d'un terrain de basquet abandonné jonché de bris de verres.

Ce bel espace en intérieur d'ilot mérite beaucoup mieux.

Notre proposition est de retirer cette vilaine dalle de béton, de construire une nouvelle structure classique au centre de l'espace disponible (type construction en bois ""double toboggan"" dans le style ""pleine de jeux du callipso"") et surtout de planter une micro-forêt pour offrir un poumon vert au quartier dans lequel les enfants pourront se contruire leurs cabanes et voyager dans leurs mondes imaginaires la tête dans les chants d'oiseaux.
L'ASBL sowoods se propose d'accompagner les particuliers et collectivités dans ce projet de densification verte qui favorise la biodiversité, la réduction de notre emprunte carbone, ... : https://www.sowoods.be/fr

Du vert et du jeux, je vote pour ! ;)";"";wb1170-PROP-2021-02-549;"";"";"";"";"";"";0;0;"";1;0;5;2021-02-28 21:45:36 +0100;http://wb1170.monopinion.belgium.be/processes/budgetparticipatif2021/f/194/proposals/549;"";"";false;;
550;;"";"";"";"";"";"";;"";"";"";"";"";"";53;http://wb1170.monopinion.belgium.be/processes/budgetparticipatif2021?participatory_process_slug=budgetparticipatif2021;194;Boîte ludique d’éveil à la méditation et dôin - yoga;La « boîte ludique » propose une série de fiches pédagogiques aux enseignants pour travailler les émotions, les situations de crises et anxiogènes, les conflits, la perte ou le manque de concentration à travers des exercices de respiration, d’automassage et des postures d’étirement et mobilisation inspirés du dôin et yoga.;"";wb1170-PROP-2021-02-550;"";"";"";"";"";"";0;0;"";0;0;2;2021-02-28 21:44:25 +0100;http://wb1170.monopinion.belgium.be/processes/budgetparticipatif2021/f/194/proposals/550;"";"";false;;
562;;"";"";"";"";"";"";;"";"";"";"";"";"";53;http://wb1170.monopinion.belgium.be/processes/budgetparticipatif2021?participatory_process_slug=budgetparticipatif2021;194;Ilots de conversations à l’abri de la pluie et du soleil;"Installation d'îlots de poteaux ou autres structures solides et permanentes, permettant de tendre des toiles en tissu avec un système d'attache aux angles, afin de permettre aux gens de se retrouver à l’abri de la pluie ou du soleil.

Les toiles pourraient être placées ou enlevées par la commune en fonction de la météo ou autres évènements.  
 
Les poteaux pourraient être décorés (ex : tricots fait pour recouvrir les troncs d’arbres) (par des jeunes ou artistes ou autres groupes locaux) afin de mieux les intégrer dans l’environnement.
 
Emplacements: sur la Place Wiener ou autres lieux où les gens (jeunes inclus) se rassemblent spontanément.

Projet déposé par le Service participation au nom de Dominique Buhl.";"";wb1170-PROP-2021-03-562;"";"";"";"";"";"";0;0;"";0;0;2;2021-03-01 12:01:32 +0100;http://wb1170.monopinion.belgium.be/processes/budgetparticipatif2021/f/194/proposals/562;"";"";false;;
578;;"";"";"";"";"";"";;"";"";"";"";"";"";53;http://wb1170.monopinion.belgium.be/processes/budgetparticipatif2021?participatory_process_slug=budgetparticipatif2021;194;Centre préventif de bien-être ;Nous proposons un centre de bien-être pour améliorer la santé physique et mentale de toute la population de Watermael-Boitsfort. Il y a déjà des centres curatifs dans la commune mais il manque un centre qui s’occupe de la prévention des maladies et pour le maintien de la santé.;"";wb1170-PROP-2021-03-578;"";"";"";"";"";"";0;0;"";0;0;2;2021-03-01 22:10:20 +0100;http://wb1170.monopinion.belgium.be/processes/budgetparticipatif2021/f/194/proposals/578;"";"";false;;
579;;"";"";"";"";"";"";;"";"";"";"";"";"";53;http://wb1170.monopinion.belgium.be/processes/budgetparticipatif2021?participatory_process_slug=budgetparticipatif2021;194;Une patinoire à roulettes à Watermael-Boitsfort !;"Patinoire, sport, convivialité

Il est difficile aujourd’hui de trouver des endroits qui permettent la pratique du patin à roulettes ou du roller, sans se rendre au Bois de la Cambre ou plus loin.

Pendant le confinement le parking du Centre sportif des 3 Tilleuls, vidé de ses voitures, était à ce titre bien pratique pour plusieurs familles. Aujourd’hui le stationnement y a repris ses droits.

Cette pratique de plein air, accessible aux enfants comme aux adultes, pourrait pourtant amener de la convivialité dans des lieux de la commune qui mériteraient d’être mieux valorisés : place Jules Messinne, plaine de jeux Noisetiers, dalle de la gare de Boitsfort, …

Alors pourquoi ne pas aménager une patinoire à roulettes à Watermael-Boitsfort ? Associée à une petite guinguette, ce serait encore mieux !";"";wb1170-PROP-2021-03-579;"";"";"";"";"";"";0;0;"";0;0;2;2021-03-01 22:25:02 +0100;http://wb1170.monopinion.belgium.be/processes/budgetparticipatif2021/f/194/proposals/579;"";"";false;;
583;;"";"";"";"";"";"";;"";"";"";"";"";"";53;http://wb1170.monopinion.belgium.be/processes/budgetparticipatif2021?participatory_process_slug=budgetparticipatif2021;194;Favoriser la nidification du Martin-pêcheur à WB !;"Depuis ce début d'année, les promeneurs curieux ont pu observer au parc de Tenreuken un couple de Martins-pêcheurs. 
 
Il serait intéressant de favoriser son implantation et sa nidification autour de l'étang de Tenreuken grâce à l'aménagement d'une berge et d’un espace propice à son établissement. 
 
En effet, les parcs le long du boulevard du souverain semblent être un milieu favorable à son développement avec les nombreux étangs et rivières poissonneuses, berges ouvertes ou arborées. Bref, cet oiseau est le reflet de la richesse de la biodiversité communale !
 
Le Martin-pêcheur est une espèce cavernicole qui creuse ou récupère des terriers dans des berges argileuses ou sablonneuses. Un aménagement plus modeste que celui de l'étang de Boitsfort pourrait être envisagé (initialement prévu pour les hirondelles de rivage, un couple de Martins-pêcheurs y a élu domicile!).
 
Le parc de Tenreuken et son étang sont en zone Natura 2000 et, certainement, sous la responsabilité de Bruxelles Environnement. Mais l'impulsion citoyenne et communale devrait être envisagée pour garantir la protection et le développement de cette espèce à Watermael-Boitsfort !
 
Citoyens et amoureux de la nature, merci.

Projet déposé par le Service participation au nom de Florent Dial.";"";wb1170-PROP-2021-03-583;"";"";"";"";"";"";0;0;"";0;0;2;2021-03-02 13:46:08 +0100;http://wb1170.monopinion.belgium.be/processes/budgetparticipatif2021/f/194/proposals/583;"";"";false;;
471;;"";"";"";"";"";"";;"";"";"";"";"";"";53;http://wb1170.monopinion.belgium.be/processes/budgetparticipatif2021?participatory_process_slug=budgetparticipatif2021;194;Test TEST TEST TEST;Test TEST TEST TEST TEST;withdrawn;wb1170-PROP-2021-01-471;"";"";"";"";"";"";0;0;"";0;0;2;2021-01-29 15:35:39 +0100;http://wb1170.monopinion.belgium.be/processes/budgetparticipatif2021/f/194/proposals/471;"";"";false;;
472;;"";"";"";"";"";"";;"";"";"";"";"";"";53;http://wb1170.monopinion.belgium.be/processes/budgetparticipatif2021?participatory_process_slug=budgetparticipatif2021;194;Créer des minis zones de jeux;Dans l'espace urbain il y a plein de petits recoins qui pourraient être exploités pour rajouter des jeux pour enfants : structure à escalader, anneaux, barres pour faire de l'équilibre. A WB il y a beaucoup d'endroits possibles pour ce projet.;withdrawn;wb1170-PROP-2021-01-472;"";"";"";"";"";"";0;0;"";0;0;2;2021-01-29 18:10:52 +0100;http://wb1170.monopinion.belgium.be/processes/budgetparticipatif2021/f/194/proposals/472;"";"";false;;
513;;"";"";"";"";"";"";;"";"";"";"";"";"";53;http://wb1170.monopinion.belgium.be/processes/budgetparticipatif2021?participatory_process_slug=budgetparticipatif2021;194;Acceuil et assistance aux migrants et leurs accueillants;"Favoriser et promouvoir l'intégration du migrant dans le tissu social communal, belge et et européen. Pour ce faire, répondre à différents besoins et demandes liés au parcours migratoire, tant en termes d'outils que d'accompagnement.
Cours de francais, Cours de Mathematique, 
Assistance Administratives et informatique à la recherche d'emploi
Formation à la vie pratique et pas chère.
Activités, echanges et sorties cultureles
Rencontre des migrants et leurs acceuillants
Tourisme
Le dossier devra être préparé avec les maisons de quartier, le MENA, la ligue des familles (projet acceuil migrant), Actiris, ISP, le SAM et d'autres projets participatif existants dans d'autres communes ou association oeuvrant dans le même sens.
Accompagnés par des bénévoles de Watermael Boitsfort, la recyclerie et les champs des cailles";withdrawn;wb1170-PROP-2021-02-513;"";"";"";"";"";"";0;0;"";0;0;2;2021-02-25 02:22:01 +0100;http://wb1170.monopinion.belgium.be/processes/budgetparticipatif2021/f/194/proposals/513;"";"";false;;
478;;"";"";"";"";"";"";;"";"";"";"";"";"";53;http://wb1170.monopinion.belgium.be/processes/budgetparticipatif2021?participatory_process_slug=budgetparticipatif2021;195;Les Ambassadeurs-Propreté de Watermael-Boisfort;"Le groupe des Ambassadeurs-Propreté de Watermael-Boisfort souhaiterait pouvoir bénéficier d'un soutien financier pour pouvoir continuer à participer au maintien et à l'amélioration de la propreté publique.

Mots-clés : Propreté, Citoyenneté, Nature";"";wb1170-PROP-2021-02-478;"";"";"";"";"";"";0;0;"";2;1;3;2021-02-10 11:39:55 +0100;http://wb1170.monopinion.belgium.be/processes/budgetparticipatif2021/f/195/proposals/478;"";"";false;;
576;;"";"";"";"";"";"";;"";"";"";"";"";"";53;http://wb1170.monopinion.belgium.be/processes/budgetparticipatif2021?participatory_process_slug=budgetparticipatif2021;195;C'est pas sorcières !;- Organisation d'ateliers parascolaires d'éveil à la nature, à la forêt, aux sciences, à l'écologie et aux arts pour enfants sous forme d'un labo-mobile, se connectant aux saisons et aux nombreuses richesses de notre commune.;"";wb1170-PROP-2021-03-576;"";"";"";"";"";"";0;0;"";0;0;3;2021-03-01 20:29:43 +0100;http://wb1170.monopinion.belgium.be/processes/budgetparticipatif2021/f/195/proposals/576;"";"";false;;
509;;"";"";"";"";"";"";;"";"";"";"";"";"";53;http://wb1170.monopinion.belgium.be/processes/budgetparticipatif2021?participatory_process_slug=budgetparticipatif2021;195;Panneaux poétiques;"Le projet est connu et a déjà reçu un coup de pouce l'an passé. Pour nous permettre de poursuivre sereinement cette belle aventure toujours saluée positivement, et pour ne pas devoir fonctionner sur fonds propres (nous considérons le panneau comme un bien commun et le gérons comme tel), nous aurions besoin de 150 euros pour l'achat du matériel (feutres, un pinceau, un pot de peinture blanche identique à celui utilisé par les ouvriers communaux et un fixatif).
Proposition déposée par le service Participation au nom de Luc Vandermaelen.";"";wb1170-PROP-2021-02-509;"";"";"";"";"";"";0;0;"";1;0;3;2021-02-23 16:43:19 +0100;http://wb1170.monopinion.belgium.be/processes/budgetparticipatif2021/f/195/proposals/509;"";"";false;;
479;;"";"";"";"";"";"";;"";"";"";"";"";"";53;http://wb1170.monopinion.belgium.be/processes/budgetparticipatif2021?participatory_process_slug=budgetparticipatif2021;195;Les soupes populaires de Watermael-Boitsfort;"L'idée: réunir les habitant.e.s pour faire des soupes avec des légumes en ""fin de vie"", de ceux qui trainent dans le frigo et qu'on finit par jeter lorsqu'ils sont tout-à-fait dégradés. L'objectif est triple:

1) Lutter contre le gaspillage en récupérant les parties saines des légumes en fin de vie.
2) Proposer une activité qui resserre le lien social (Lorsque la crise sanitaire sera derrière nous, bien évidemment).
3) Offrir les soupes confectionnées à des associations s'occupant de personnes défavorisées (Opération Thermos, par exemple).

En résumé: lutte contre le gaspillage, lien social et solidarité.";"";wb1170-PROP-2021-02-479;"";"";"";"";"";"";0;0;"";1;0;3;2021-02-11 09:29:10 +0100;http://wb1170.monopinion.belgium.be/processes/budgetparticipatif2021/f/195/proposals/479;"";"";false;;
481;;"";"";"";"";"";"";;"";"";"";"";"";"";53;http://wb1170.monopinion.belgium.be/processes/budgetparticipatif2021?participatory_process_slug=budgetparticipatif2021;195;Balai des Artistes post Covid !;"Depuis bientôt un an, la plupart des artistes sont privés de public.
Nous souhaitons, dès que cela sera possible, organiser un grand parcours d'artistes dans le Coin du Balai.";"";wb1170-PROP-2021-02-481;"";"";"";"";"";"";0;0;"";2;1;2;2021-02-15 12:00:10 +0100;http://wb1170.monopinion.belgium.be/processes/budgetparticipatif2021/f/195/proposals/481;"";"";false;;
474;;"";"";"";"";"";"";;"";"";"";"";"";"";53;http://wb1170.monopinion.belgium.be/processes/budgetparticipatif2021?participatory_process_slug=budgetparticipatif2021;195;La clef vers l'autonomie;"Nous sommes une petite maison d’hébergement pour enfants et adolescents placés suite aux graves difficultés qu’ils rencontrent dans leur milieu familial (situation de maltraitance, parents dépassés par leur carence, alcoolisme, toxicomanie ou parents malades mentaux). Nous sommes situés au Boulevard du Souverain à 1170 Bruxelles. 

	La Maison d’accueil est un lieu où l’enfant peut retrouver une certaine sérénité et essayer de se reconstruire mais aussi un endroit où l’on va essayer de travailler avec les familles pour maintenir le lien avec leur enfant et, si possible, aboutir à un retour en famille. Quand ce n’est pas possible, nous accompagnons le jeune jusqu’à sa majorité et l’aidons à s’installer dans la vie adulte (dont la recherche de logement). 

La Maison d’accueil est subsidiée par la Fédération Wallonie-Bruxelles. Malheureusement, les subsides sont loin de couvrir tous nos frais. C’est la raison pour laquelle la Maison d’accueil fait appel la générosité et à la solidarité de celles et de ceux qui de près ou de loin peuvent partager son projet.

Nous souhaitons réaliser un des plus grands défis depuis la création de la Maison d’accueil ! Nous avons l’ambition d’acquérir nos propres logements sur Bruxelles pour que les ainés de nos bénéficiaires puissent vivre en semi-autonomie. 

Nous vous laissons le plaisir de parcourir notre site www.crowdfunding.lamaisondaccueil.be pour découvrir notre fabuleux projet nommé : LA CLEF VERS L'AUTONOMIE

Soutenir ce projet unique, d’une telle envergure afin d’aider les jeunes défavorisés de Bruxelles serait une excellente vitrine pour votre image et, évidemment, la réalisation d’un rêve pour notre association.

Les petits ruisseaux faisant les grandes rivières, nous comptons vraiment sur votre soutien pour que ce rêve devienne réalité !

Le Bateau Ivre - Maison d'accueil asbl";"";wb1170-PROP-2021-02-474;"";"";"";"";"";"";0;0;"";2;1;5;2021-02-05 11:22:50 +0100;http://wb1170.monopinion.belgium.be/processes/budgetparticipatif2021/f/195/proposals/474;"";"";false;;
483;;"";"";"";"";"";"";;"";"";"";"";"";"";53;http://wb1170.monopinion.belgium.be/processes/budgetparticipatif2021?participatory_process_slug=budgetparticipatif2021;195;Vannerie-tressage de paniers;"Réapprendre des gestes anciens: tresser des végétaux pour réaliser des paniers, c'est ça la vannerie. Mais c'est aussi tresser des liens entre nous et la nature, entre le présent et  le passé, entre les cultures, les âges et puis retrouver le plaisir et la fierté de créer des objets utilitaires ou artistiques, redonner de la valeur aux objets, remplacer le plastique par le végétal.

Je donne déjà des ateliers de vannerie dans le quartier, je suis émerveillée d'observer l'enthousiasme de ceux qui apprennent, leur fierté aussi. Un coup de pouce serait le bienvenu pour acheter plus de matériel, payer la location de la salle (Le Bonheur est dans le Fa a Pu, rue de l'Elan), continuer à me former et, à terme, pouvoir diversifier le public: écoles, CPAS, migrants...
Pour plus d'informations, et des photos, allez voir mon site:
https://tressages-liens.com/

Si ça vous paraît juste de donner de la place à la vannerie dans notre quartier, votez pour ce projet!";"";wb1170-PROP-2021-02-483;"";"";"";"";"";"";0;0;"";1;1;2;2021-02-15 08:52:57 +0100;http://wb1170.monopinion.belgium.be/processes/budgetparticipatif2021/f/195/proposals/483;"";"";false;;
484;;"";"";"";"";"";"";;"";"";"";"";"";"";53;http://wb1170.monopinion.belgium.be/processes/budgetparticipatif2021?participatory_process_slug=budgetparticipatif2021;195;Miroir angle avenue du Cor de Chasse et avenue des Coccinelles;"Je souhaiterais que la commune place un miroir en hauteur à l'angle des avenues du Cor de Chasse et des Coccinelles , pour voir arriver les voitures et anticiper sa conduite.
En effet, les risques d'accidents sont fréquents quand il n'y a aucune visibilité et les véhicules arrivent souvent à toute vitesse .";"";wb1170-PROP-2021-02-484;"";"";"";"";"";"";0;0;"";1;0;2;2021-02-15 10:56:39 +0100;http://wb1170.monopinion.belgium.be/processes/budgetparticipatif2021/f/195/proposals/484;"";"";false;;
485;;"";"";"";"";"";"";;"";"";"";"";"";"";53;http://wb1170.monopinion.belgium.be/processes/budgetparticipatif2021?participatory_process_slug=budgetparticipatif2021;195;Poubelles insuffisantes dans notre commune;Lorsque je promène mon chien de ma rue ( Cor de Chasse) à la place Keym, je ne rencontre qu'une seule première poubelle à l'arrêt du bus du Dries . Je suis obligée de garder mon sachet de crottes en main jusque là .;"";wb1170-PROP-2021-02-485;"";"";"";"";"";"";0;0;"";1;0;2;2021-02-15 11:00:47 +0100;http://wb1170.monopinion.belgium.be/processes/budgetparticipatif2021/f/195/proposals/485;"";"";false;;
486;;"";"";"";"";"";"";;"";"";"";"";"";"";53;http://wb1170.monopinion.belgium.be/processes/budgetparticipatif2021?participatory_process_slug=budgetparticipatif2021;195; Méditation sonore à la Maison de quartier des Cités-Jardins par Oushindi (FR et NL);"Nous sommes Lénaïc et Jonathan, un couple habitant à Watermael-Boitsfort depuis trois ans. Nous avons envie de proposer une activité de méditation sonore et de relaxation à la Maison de quartier des Cités-Jardins. 

LE PROJET 
La durée particulièrement éprouvante de la crise sanitaire a mis en lumière notre besoin de retourner à des pratiques dites « non-essentielles ». Nous trouvons urgent de projeter, au moment venu et en toute sécurité, des activités qui permettent de retisser du lien, de la cohésion sociale et d’apporter des moments de détente, de bien-être, de rencontre collective dont nous avons été privés pendant de longs mois. 

Notre projet est de proposer des séances bilingues de bien-être à la Maison de quartier des Cités-Jardins de Watermael-Boitsfort à destination de personnes qui n’ont pas forcément l’habitude et les moyens d’accéder à ces pratiques de bien-être.  

Ces séances auront deux axes majeurs :
- Méditation sonore avec des instruments comme les bols tibétains, gongs et autres instruments traditionnels orientaux. (Sonothérapie)
- Technique de respiration, relaxation et visualisation accessible à tous sans aucun pré-requis. (Sophrologie)
Ces ateliers seront proposés en deux langues : français et néerlandais. Ils seront ouverts à une dizaine de personnes par session selon les mesures sanitaires en vigueur 

Lénaïc est comédienne et Jonathan est chef dans le secteur événementiel. Nous nous passionnons depuis plusieurs années pour  la méditation, la sonothérapie et le shiatsu. En 2019, nous voyageons en Inde et en rentrant en Belgique nous développons des méditations sonores avec des bols tibétains, gongs et autres instruments traditionnels. Ces instruments sont reconnus pour leur nombreuses vertus: apaisement, réduction du stress, relaxation profonde, sommeil de meilleur qualité,…
Nous orientons nos activités vers un public qui n’a pas accès facilement à ces pratiques (personnes handicapées, âgées, isolées ou défavorisées…).";"";wb1170-PROP-2021-02-486;"";"";"";"";"";"";0;0;"";0;0;2;2021-02-27 15:14:25 +0100;http://wb1170.monopinion.belgium.be/processes/budgetparticipatif2021/f/195/proposals/486;"";"";false;;
487;;"";"";"";"";"";"";;"";"";"";"";"";"";53;http://wb1170.monopinion.belgium.be/processes/budgetparticipatif2021?participatory_process_slug=budgetparticipatif2021;195;Installation d'une boîte à livres Quartier Fauconnerie-Hospice Communal;"L'idée: installer une boîte à livres au carrefour de l'av. de la Fauconnerie avec la rue de l'Hospice Communal.

Installées dans l'espace public, les boîtes à livres  offrent un accès à la lecture et à la culture pour tous, favorisent l'expression écrite et orale et la réflexion des lecteurs.  Notre intention, avec cette initiative, est de contribuer à la communication entre voisins et à la vitalisation de la vie de quartier.";"";wb1170-PROP-2021-02-487;"";"";"";"";"";"";0;0;"";2;0;2;2021-02-15 18:48:05 +0100;http://wb1170.monopinion.belgium.be/processes/budgetparticipatif2021/f/195/proposals/487;"";"";false;;
490;;"";"";"";"";"";"";;"";"";"";"";"";"";53;http://wb1170.monopinion.belgium.be/processes/budgetparticipatif2021?participatory_process_slug=budgetparticipatif2021;195;Les fruits de Watermael-Boitsfort;L'idée est de proposer la plantation, partout là où c'est possible sur la Commune, d'arbres fruitiers. Au moment où les fruits sont mûrs, on pourrait réunir les habitant.e.s pour confectionner des tartes, des confitures, etc... Une partie de ce qui aura été confectionné pourrait être donné aux associations venant en aide aux plus démunis (Opération Thermos, par exemple). Trois axes donc: écologie, lien social et solidarité.;"";wb1170-PROP-2021-02-490;"";"";"";"";"";"";0;0;"";0;0;3;2021-02-16 11:56:56 +0100;http://wb1170.monopinion.belgium.be/processes/budgetparticipatif2021/f/195/proposals/490;"";"";false;;
492;;"";"";"";"";"";"";;"";"";"";"";"";"";53;http://wb1170.monopinion.belgium.be/processes/budgetparticipatif2021?participatory_process_slug=budgetparticipatif2021;195;Le français en forêt;"Trois mots-clés : Se promener, discuter, apprendre

Parler français sans complexe est capital pour la vie sociale et professionnelle, nous sommes nombreux à vouloir l'améliorer ; se promener en forêt de Soignes est très ressourçant. Profitons-en pour y tenir des cours de français oraux de tous niveaux.";"";wb1170-PROP-2021-02-492;"";"";"";"";"";"";0;0;"";1;0;2;2021-02-17 13:33:33 +0100;http://wb1170.monopinion.belgium.be/processes/budgetparticipatif2021/f/195/proposals/492;"";"";false;;
493;;"";"";"";"";"";"";;"";"";"";"";"";"";53;http://wb1170.monopinion.belgium.be/processes/budgetparticipatif2021?participatory_process_slug=budgetparticipatif2021;195;Festival des Jardins;"Musique Classique - Convivialité - Animations découvertes

Le Festival des jardins propose animations et concerts gratuits en plein air autour de la musique classique et traditionnelle. Un moment qui se veut convivial et solidaire !! 10 & 11/07/2021 !!";"";wb1170-PROP-2021-02-493;"";"";"";"";"";"";0;0;"";0;0;2;2021-02-18 13:58:47 +0100;http://wb1170.monopinion.belgium.be/processes/budgetparticipatif2021/f/195/proposals/493;"";"";false;;
496;;"";"";"";"";"";"";;"";"";"";"";"";"";53;http://wb1170.monopinion.belgium.be/processes/budgetparticipatif2021?participatory_process_slug=budgetparticipatif2021;195;Bar à soupe avec une dimension sociale;"Mise en place d'un bar à soupe dans un lieu central de la cité-jardin Le Logis-Floréal, ouvert à tout public.

Aménagement d'un lieu accueillant qui favorise l'échange, petite terrasse pour l'été.

Ouverture sur l’heure du midi afin de permettre aux personnes âgées de venir se restaurer, venir boire une tasse de thé ou café, manger une glace l'après-midi 
pour permettre aux familles de la cité de fréquenter le lieu.

Prix modulés en fonction du public (locataires de la cité, CPAS, extérieurs). Possibilité d'une soupe fraîche avec tartine dès 2 €.

Ouvert au le public extérieur à la cité (bureaux notamment) avec possibilité de soupes fraîches à emporter ou vendues à l'épicerie locale du quartier durable.

Projet déposé par Sissy Bolela.";"";wb1170-PROP-2021-02-496;"";"";"";"";"";"";0;0;"";1;0;2;2021-02-19 11:55:34 +0100;http://wb1170.monopinion.belgium.be/processes/budgetparticipatif2021/f/195/proposals/496;"";"";false;;
500;;"";"";"";"";"";"";;"";"";"";"";"";"";53;http://wb1170.monopinion.belgium.be/processes/budgetparticipatif2021?participatory_process_slug=budgetparticipatif2021;195;La Fête des Voisins de Boisfort;La Fête des Voisins à normalement lieu chaque année en septembre. Suite à la crise du Covid, et en espérant que les mesures de distanciation sociale le permettent, les riverains de la commune auront à coeur de se revoir enfin et de célébrer notre belle commune et ceux qui la peuplent. Dans ce contexte, je voudrais proposer de débloquer un budget de 5000€ pour soutenir les intitatives locales d'organisation de Fête des Voisins. Concrètement, les habitants de la commune pourraient organiser eux-même une Fête des Voisins de quartier, sujette à approbation par la commune bien-sûr, et demander, via des factures, une partie de ce budget pour faire venir, par exemple, un groupe de musique, des animateurs pour enfants, des chateaux-gonflables,... Ainsi la cohésion des habitants en sera renforcée suite à ces nombreux mois d'isolement.;"";wb1170-PROP-2021-02-500;"";"";"";"";"";"";0;0;"";0;0;2;2021-02-22 12:04:28 +0100;http://wb1170.monopinion.belgium.be/processes/budgetparticipatif2021/f/195/proposals/500;"";"";false;;
501;;"";"";"";"";"";"";;"";"";"";"";"";"";53;http://wb1170.monopinion.belgium.be/processes/budgetparticipatif2021?participatory_process_slug=budgetparticipatif2021;195;Tables d'échecs en plein air;"Pourrait-on installer des tables de jeux d'échecs de ce type : voir photo jointe.
C'est un manière originale et ludique de mélanger les générations.
Et les échecs ont le vent en poupe ces derniers temps, ce serait super d'en profiter.";"";wb1170-PROP-2021-02-501;"";"";"";"";"";"";0;0;"";1;1;3;2021-02-22 13:51:26 +0100;http://wb1170.monopinion.belgium.be/processes/budgetparticipatif2021/f/195/proposals/501;"";"";false;;
502;;"";"";"";"";"";"";;"";"";"";"";"";"";53;http://wb1170.monopinion.belgium.be/processes/budgetparticipatif2021?participatory_process_slug=budgetparticipatif2021;195;Animer des ateliers hebdomadaires de pleine conscience dans les écoles primaires de Watermael-Boitsfort.;"Trois mots-clés: Pleine-conscience à l’école

Le projet vise à initier les enfants et enseignants à la méditation de pleine conscience à l’école à travers des ateliers ludiques abordant des thématiques telles que la présence à soi, l'écoute des émotions, la confiance en soi et la bienveillance.

Plus d'information sur le projet en pièce jointe ;)";"";wb1170-PROP-2021-02-502;"";"";"";"";"";"";0;0;"";0;1;2;2021-02-22 14:01:33 +0100;http://wb1170.monopinion.belgium.be/processes/budgetparticipatif2021/f/195/proposals/502;"";"";false;;
506;;"";"";"";"";"";"";;"";"";"";"";"";"";53;http://wb1170.monopinion.belgium.be/processes/budgetparticipatif2021?participatory_process_slug=budgetparticipatif2021;195;Compost collectif à Archiducs Sud;"La création d'un compost collectif sur le site d'Archiducs Sud permettra aux habitants des 59 nouveaux logements de créer des liens entre eux. 
Cette action ne manquera pas de sensibiliser à une meilleure gestion des déchets (ménagers), et recyclera une partie de ceux-ci en terreau, directement exploitable sur le site ou, par exemple, pour un atelier de confection de jardinières (récupérées).";"";wb1170-PROP-2021-02-506;"";"";"";"";"";"";0;0;"";0;0;2;2021-02-23 11:52:47 +0100;http://wb1170.monopinion.belgium.be/processes/budgetparticipatif2021/f/195/proposals/506;"";"";false;;
507;;"";"";"";"";"";"";;"";"";"";"";"";"";53;http://wb1170.monopinion.belgium.be/processes/budgetparticipatif2021?participatory_process_slug=budgetparticipatif2021;195;Atelier vélo aux Archiducs;Les petits entretiens de vélo comme maintenir la pression des pneus, mais surtout réaliser des réglages de freins ou de dé-voilage de roue nécessitent un pied pour placer le vélo en hauteur, et travailler confortablement. Comment imaginer et organiser un petit espace dévoué à l'entretien des vélos et doté de quelques outils, supervisé par quelques moniteurs bénévoles? Accès libre, ou sous la forme de permanences avec un rythme plus régulier que celui, mensuel, du Repair Café ?;"";wb1170-PROP-2021-02-507;"";"";"";"";"";"";0;0;"";0;0;2;2021-02-23 12:14:19 +0100;http://wb1170.monopinion.belgium.be/processes/budgetparticipatif2021/f/195/proposals/507;"";"";false;;
510;;"";"";"";"";"";"";;"";"";"";"";"";"";53;http://wb1170.monopinion.belgium.be/processes/budgetparticipatif2021?participatory_process_slug=budgetparticipatif2021;195;Watermael-Boitsfort accueille un tournoi intercommunal !  ;"Dries & Daal ASBL et les jeunes du quartier du Dries vous présente leur nouveau projet : Un tournoi de mini-foot intercommunal !

Nous voudrions organiser un tournoi de mini-foot intercommunal pour les jeunes des quartiers populaires. Ce tournoi aurait pour objectifs de valoriser le fairplay,  la reconnaissance, et la  solidarité entre les jeunes via le foot.

Pour commencer, nous aimerions pouvoir organiser ce tournoi sur la commune et Idéalement 8 équipes participeraient, dont au moins 3 équipes boitsfortoises. 
Une équipe du quartier du Dries, une autre pour le Wiener, une équipe pour le quartier des Archiducs et enfin une équipe de MENA (Mineur étrangé non accompagné) qui ont un centre d’accueil sur W-B.

Pour compléter notre tournoi, nous inviterons des communes frontalières qui voudraient participer, et qui étaient nos partenaires à l’époque ou nous avons participé a ce même genre de tournois organisé par la MJ d’Auderghem. 

Ce projet sera mené par des jeunes du quartier et des membres de l’asbl « Dries&Daal » afin de permettre à d’autres jeunes de se rencontrer, d’échanger, et intégrer de nouveaux jeunes dans une communauté dynamique positive, respectueuse des différences et spécificités de chacun.

C’est pourquoi nous avons choisi le thème du fairplay dans le sport et particulièrement le football, ou parfois le fairplay nous semble bien trop absent.

 N'oubliez pas de consulter le dossier Word en annexe afin d'avoir les détails complémentaires de ce magnifique projet, qui nous tient à cœur ! 

Merci d'avance pour votre soutient et pour l'attention que vous apporterez aux projets des jeunes du quartier du Dries.";"";wb1170-PROP-2021-02-510;"";"";"";"";"";"";0;0;"";1;1;2;2021-02-23 17:08:29 +0100;http://wb1170.monopinion.belgium.be/processes/budgetparticipatif2021/f/195/proposals/510;"";"";false;;
511;;"";"";"";"";"";"";;"";"";"";"";"";"";53;http://wb1170.monopinion.belgium.be/processes/budgetparticipatif2021?participatory_process_slug=budgetparticipatif2021;195;Les  murs cyclistes de W-Boitsfort;L'idée serait de recenser les côtes, murs, montées cyclistes les plus difficiles de la commune (Fauconnerie, G. Benoidt, Cygale, Rouge Gorge, Van de Elst etc ) et d'indiquer au pied de ces montées le pourcentage, la distance. On pourrait ensuite faire un itinéraire ludico-sportif qui pourrait attirer les amateurs sportifs, cyclistes.;"";wb1170-PROP-2021-02-511;"";"";"";"";"";"";0;0;"";0;0;2;2021-02-24 11:50:03 +0100;http://wb1170.monopinion.belgium.be/processes/budgetparticipatif2021/f/195/proposals/511;"";"";false;;
514;;"";"";"";"";"";"";;"";"";"";"";"";"";53;http://wb1170.monopinion.belgium.be/processes/budgetparticipatif2021?participatory_process_slug=budgetparticipatif2021;195;Solidarité Participative à la Création de projets de développement;"Amener les boistfortois à soutenir et accompagner à la réalisation de projets de développement en Afrique a travers l'aisbl.
Watermael est réputée être le berceau de personnes s'intéressant ou nées en Afrique de par son histoire.
Exemple: Créer une synergie autour du jumelage en RDC, de l'université Maloula avec des bénévoles, du CEFA en RDC , les migrants, débusquer des compétences avec la maison des jeunes, les écoles, Oxfam, le centre sportif, le centre culturel.
Et plus tard qui sait organiser des visites sur place.";"";wb1170-PROP-2021-02-514;"";"";"";"";"";"";0;0;"";0;0;2;2021-02-25 02:47:21 +0100;http://wb1170.monopinion.belgium.be/processes/budgetparticipatif2021/f/195/proposals/514;"";"";false;;
517;;"";"";"";"";"";"";;"";"";"";"";"";"";53;http://wb1170.monopinion.belgium.be/processes/budgetparticipatif2021?participatory_process_slug=budgetparticipatif2021;195;Réaménagement des bancs dans les parcs/plaines de jeux.;"Certains bancs sont soit vieux et abimés soit carrément manquant et ne sont pas remplacés. 
Pendant l'hiver je peux comprendre car ils n'étaient que peu utilisés (ou dans certains cas sacagés à répétition).
Cependant les beaux jours reviennent, et il serait vraiment bien de voir ces bancs remplacés car ils sont énormément utilisés.
Je pense normalement à la plaine de jeu rue Edouard Olivier et au parc Tercoigne. J'imagine qu'il doit y avoir le même genre de problème ailleurs.
Ce que je décris n'est peut-être pas une nouvelle idée mais des bancs dans les parcs restent une valeur sûr et pour le moment ils disparaissent petit a petit.";"";wb1170-PROP-2021-02-517;"";"";"";"";"";"";0;0;"";0;0;2;2021-02-26 09:32:29 +0100;http://wb1170.monopinion.belgium.be/processes/budgetparticipatif2021/f/195/proposals/517;"";"";false;;
587;;"";"";"";"";"";"";;"";"";"";"";"";"";53;http://wb1170.monopinion.belgium.be/processes/budgetparticipatif2021?participatory_process_slug=budgetparticipatif2021;195;Cités jardins Le Logis Floréal. Patrimoine mondial;"Réaliser un projet d’inscription sur la liste indicative du Patrimoine mondial, de l’ensemble architectural classé des Cités Jardins Le Logis-Floréal, à approuver par les Collège des Bourgmestres et Echevins et Conseil communal, qui le soumettront à Patrimoine.bruxelles. Ce projet sera présenté à la population lors du centenaire des cités en 2022.

Projet déposé par le Service Participation au nom de Michel Van der Meerschen.";"";wb1170-PROP-2021-03-587;"";"";"";"";"";"";0;0;"";0;0;2;2021-03-09 12:50:37 +0100;http://wb1170.monopinion.belgium.be/processes/budgetparticipatif2021/f/195/proposals/587;"";"";false;;
520;;"";"";"";"";"";"";;"";"";"";"";"";"";53;http://wb1170.monopinion.belgium.be/processes/budgetparticipatif2021?participatory_process_slug=budgetparticipatif2021;195;Journée portes ouvertes (Archiducs - Cités-Jardins);"Une journée portes ouvertes dans le quartier pour mieux connaître ce qui s'y passe et les personnes qui s'en occupent : maison de quartier, SEL, Logis-Floréal, épicerie participative, centre médical, crèche, commerces ....

Ceci pourrait se combiner avec un jeu-concours (répondre à des questions au sujet du quartier ...) ou même susciter le partage de photos en ligne (page Instagram, Google Maps...) pour renforcer l'image du quartier.

Ce projet pourrait servir de projet pilote et inspirer ensuite d'autres quartiers.

Ce projet est déposé par le Service Participation au nom de Dominique Moraux (Archicitoyens).";"";wb1170-PROP-2021-02-520;"";"";"";"";"";"";0;0;"";0;0;2;2021-02-26 11:05:35 +0100;http://wb1170.monopinion.belgium.be/processes/budgetparticipatif2021/f/195/proposals/520;"";"";false;;
521;;"";"";"";"";"";"";;"";"";"";"";"";"";53;http://wb1170.monopinion.belgium.be/processes/budgetparticipatif2021?participatory_process_slug=budgetparticipatif2021;195;Diffusion de toutes les infos relatives au quartier Archiducs;"Le quartier Archiducs est un quartier qui bouge mais les habitants ne sont pas toujours au courant, loin de là !
L'idée est de diffuser, via des supports numériques et papier, une vue complète de ce qui s'y passe : activités et initiatives dans les différents lieux, infos de la presse,  offres d’emploi, travaux publics, projets communaux … 
Il existe des outils en ligne qui trouvent automatiquement toutes les ressources relatives à certains sujets et permettent de les diffuser largement en ligne ou via une newsletter ( c’est ce que l’on appelle la “curation de contenus” dans le jargon du métier) 
A titre d'exemple, voici une page réalisée avec un outil en version gratuite (fonctionnalités limitées pour la diffusion) https://www.scoop.it/topic/vie-locale-watermael-boitsfort . Le projet permettrait de passer à un outil payant et de réaliser des impressions pour les personnes peu connectées. 

Projet déposé par le Service Participation au nom de Dominique Moraux (Archicitoyens).";"";wb1170-PROP-2021-02-521;"";"";"";"";"";"";0;0;"";0;0;2;2021-02-26 11:09:01 +0100;http://wb1170.monopinion.belgium.be/processes/budgetparticipatif2021/f/195/proposals/521;"";"";false;;
524;;"";"";"";"";"";"";;"";"";"";"";"";"";53;http://wb1170.monopinion.belgium.be/processes/budgetparticipatif2021?participatory_process_slug=budgetparticipatif2021;195;Soutien financier aux citoyens et citoyennes de Watermael-Boitsfort qui hébergent des migrants et des demandeurs d’asile (Budget Alimentation);Porté par un collectif d’habitants de Watermael-Boitsfort, notre projet vise à apporter, comme en 2020, un soutien financier en matière d’alimentation aux hébergeuses et hébergeurs en vue de couvrir en partie les besoins fondamentaux des personnes qu’ils abritent et qui ne bénéficient d'aucune autre aide en Belgique.;"";wb1170-PROP-2021-02-524;"";"";"";"";"";"";0;0;"";0;0;2;2021-02-26 14:09:13 +0100;http://wb1170.monopinion.belgium.be/processes/budgetparticipatif2021/f/195/proposals/524;"";"";false;;
525;;"";"";"";"";"";"";;"";"";"";"";"";"";53;http://wb1170.monopinion.belgium.be/processes/budgetparticipatif2021?participatory_process_slug=budgetparticipatif2021;195;Soutien financier aux citoyens et citoyennes de Watermael-Boitsfort qui hébergent des migrants et des demandeurs d’asile (Budget Santé-Gaz-Eau-...);Porté par un collectif d’habitants de Watermael-Boitsfort, notre projet vise à apporter, comme en 2020, un soutien financier aux hébergeuses et hébergeurs en matière de santé, gaz, eau, électricité, communication, vestiaire, en vue de couvrir en partie les besoins fondamentaux des personnes qu’ils abritent et qui ne bénéficient d’aucune autre aide en Belgique.;"";wb1170-PROP-2021-02-525;"";"";"";"";"";"";0;0;"";0;0;2;2021-02-26 14:13:23 +0100;http://wb1170.monopinion.belgium.be/processes/budgetparticipatif2021/f/195/proposals/525;"";"";false;;
531;;"";"";"";"";"";"";;"";"";"";"";"";"";53;http://wb1170.monopinion.belgium.be/processes/budgetparticipatif2021?participatory_process_slug=budgetparticipatif2021;195;VIDEOCONFERENCES familiales pour SENIORS ISOLES;"Permettre aux personnes âgées et isolées de renouer le contact avec leurs proches (famille, amis, etc.) par des vidéoconférences personnelles.

Pour remédier aux manques (matériels et/ou compétences) auxquels peuvent être confrontés certains seniors de la commune, le projet consiste à se rendre chez eux (à domicile ou en institution) avec le matériel informatique nécessaire (ordinateur portable, tablette ou téléphone) pour coordonner la mise en place de ces vidéoconférences et ainsi leur permettre de vivre un temps d’échange « familial ».

Malgré la vaccination Covid qui offre des perspectives d’ouvertures, nombreux sont les aînés qui resteront confinés chez eux pour une période encore indéterminée. En effet, la pandémie n’est pas l’unique raison qui justifie l’isolement : la distance géographique, la maladie, l’immobilité, etc. sont autant d’autres situations qui isolent nos aînés les plus fragiles.

Apporter la technologie à ceux qui n’y ont pas accès, c’est aussi leur permettre de vivre un instant de retrouvailles avec ceux qui leur importent.

Pour information : Les démarches auprès des seniors seront régies par un protocole de sécurité sanitaire conforme à la procédure Covid-19 des infirmiers/infirmières à domicile telle que décrite sur le site de la Fédération Nationale des Infirmières de Belgique (FNIB) ainsi qu’à la procédure émise par Sciensano le 5 novembre 2020 concernant les soins à domicile.";"";wb1170-PROP-2021-02-531;"";"";"";"";"";"";0;0;"";0;0;2;2021-02-26 17:34:10 +0100;http://wb1170.monopinion.belgium.be/processes/budgetparticipatif2021/f/195/proposals/531;"";"";false;;
532;;"";"";"";"";"";"";;"";"";"";"";"";"";53;http://wb1170.monopinion.belgium.be/processes/budgetparticipatif2021?participatory_process_slug=budgetparticipatif2021;195;Accueil et assistance aux Migrants primo arrivants et leurs accueillants;"Favoriser et promouvoir l'intégration du migrant dans le tissu social communal, belge et et européen. Pour ce faire, répondre à différents besoins et demandes liés au parcours migratoire, tant en termes d'outils que d'accompagnement.
Cours de francais, Cours de Mathematique,
Assistance Administratives et informatique à la recherche d'emploi
Formation à la vie pratique et pas chère.
Activités, échanges et sorties culturelles
Rencontre des migrants et leurs accueillants
Tourisme
Le dossier devra être préparé avec les maisons de quartier, le MENA, la ligue des familles (projet acceuil migrant), Actiris, ISP, le SAM et d'autres projets participatif existants dans d'autres communes ou association oeuvrant dans le même sens.
Accompagnés par des bénévoles de Watermael Boitsfort, la recyclerie et les champs des cailles";"";wb1170-PROP-2021-02-532;"";"";"";"";"";"";0;0;"";0;0;2;2021-02-26 18:15:18 +0100;http://wb1170.monopinion.belgium.be/processes/budgetparticipatif2021/f/195/proposals/532;"";"";false;;
533;;"";"";"";"";"";"";;"";"";"";"";"";"";53;http://wb1170.monopinion.belgium.be/processes/budgetparticipatif2021?participatory_process_slug=budgetparticipatif2021;195;Création d'un fablab;"Les fablabs sont un réseau mondial de laboratoires locaux, qui dopent l’inventivité en donnant accès à des outils de fabrication numérique.
Il y en a un peu partout sur Bruxelles (Ixelles, Bruxelles, Anderlecht...) mais aucun sur notre commune.
Je vous propose la création d'un fablab, donnant accès à un parc de  machines numériques (imprimante 3D, fraiseuse numériques...).";"";wb1170-PROP-2021-02-533;"";"";"";"";"";"";0;0;"";0;0;3;2021-02-26 18:34:53 +0100;http://wb1170.monopinion.belgium.be/processes/budgetparticipatif2021/f/195/proposals/533;"";"";false;;
538;;"";"";"";"";"";"";;"";"";"";"";"";"";53;http://wb1170.monopinion.belgium.be/processes/budgetparticipatif2021?participatory_process_slug=budgetparticipatif2021;195;	Digital Upgrade ;"Campagne voor senioren en inwoners met kleine beurzen of culturele mismatch  : om de digital kloof te dichten ( Corona boost o.m. in het onderwijs, contacten met gemeente, zorgverstrekkers  en overheden, culturele access) zou een brede campagne kunnen gestart worden om de doelgroepen vertrouwd te maken met de evolutie van het nieuwe normaal op het internet ( techniek & content) en om aanschaf van apparatuur & service  te faciliteren , inclusief de financiering. De studentengeneratie zou daartoe gemobiliseerd kunnen worden voor deze burgerdienst ( digi-assist centrale); de inzet van buurt-vrijwilligers aan huis ( met masks) zou bijdragen aan sociale cohesie. De financiering zou gemobiliseerd kunnen worden bij gegoede medeburgers( crowd funding, financial budies).The Village cares !";"";wb1170-PROP-2021-02-538;"";"";"";"";"";"";0;0;"";0;0;2;2021-02-27 19:04:46 +0100;http://wb1170.monopinion.belgium.be/processes/budgetparticipatif2021/f/195/proposals/538;"";"";false;;
539;;"";"";"";"";"";"";;"";"";"";"";"";"";53;http://wb1170.monopinion.belgium.be/processes/budgetparticipatif2021?participatory_process_slug=budgetparticipatif2021;195;2)	Online is niet genoeg ! Outreach programma tbv  burgerparticipatie ;"De inwoners van Watermaal-Bosvoorde vragen om méér bevraagd te worden door het lokale beleid en uiteindelijk om een burgerdialoog. Een hoogwaardig periodieke ( in een eerste fase digitale) bevraging van geïnteresseerde burgers zou hieraan tegemoet kunnen komen en zou de wijk-inspraak-hearings, die door Corona zijn verdrongen, kunnen substitueren , en vooral de  Gemeentelijke beleidsverantwoordelijken ( het College en de Gemeenteraad) input verschaffen over hoe de inwoners denken over concrete ad hoc beleidsvragen, en over het gevoerd beleid ,  én welke  noden de inwoners zelf willen aankaarten , en dit aan de hand van uitgekiende ( korte periodieke ) burgerenquêtes. Uiteraard zou dit professioneel/wetenschappelijk moeten begeleid worden en wars van ( partijpolitieke) manipulatie , en vallen  hieruit alleen adviezen te rapen.
De inwoner moet niet alleen de kans gegeven worden zijn mening te ventileren , hij kan er best ook actief gevraagd worden ( outreach ). De Gemeente zou actief ( mmv vrijwilligers) de geïnteresseerden kunnen opzoeken ( in het begin digitaal, en als het weer opklaart door huis-aan-huis-aan de voordeur- enquêtering ter bevraging). Een inzet van wijkvrijwilligers zou de sociale cohesie ten zeerste dienen. The Village W-B cares about your well-being!";"";wb1170-PROP-2021-02-539;"";"";"";"";"";"";0;0;"";0;0;2;2021-02-27 19:15:55 +0100;http://wb1170.monopinion.belgium.be/processes/budgetparticipatif2021/f/195/proposals/539;"";"";false;;
540;;"";"";"";"";"";"";;"";"";"";"";"";"";53;http://wb1170.monopinion.belgium.be/processes/budgetparticipatif2021?participatory_process_slug=budgetparticipatif2021;195;Atelier du pain autour d' un four à bois citoyen mobile;"Nous avons envie d'unir, autour du goût et des gestes ancestraux de la fabrication du pain. 
De quoi a-t-on besoin pour faire le pain ? Quels sont les secrets de la farine ? Quelle est la différence entre la levure et le levain ?
La boulangerie est un art fascinant, populaire et qui met en éveil tous les sens. Le projet est de proposer  des ateliers, sur différentes places et lieux de la commune.  Ces ateliers vont s'articuler, autour de la fabrication du pain et sa cuisson.  C’est autour de notre four à bois mobile que nous souhaitons favoriser des rencontres, des discussions, créer du lien et de la cohésion. La cuisson de pizza, focatia ou autre piadines destinés à l’apéritif, permettront d'y contribuer.
Nous proposons 6x l' ateliers  d'une durée de +/- 4h.
Nous proposons cet atelier, sur une période de 5 mois. 
Cette activité est gratuite pour les participants.
Nous installons notre four mobile au milieu d’un cartier
Une vingtaine de participants par atelier (Selon les mesures sanitaires en vigueurs)
Les ateliers s'adressent à tout public.
L'atelier s’articule autour de l'échange des techniques, de la panification, du pointage, de la mise en forme, et de la cuisson du pain. 
Intervention des paysans, des meuniers et autres artisans.
Nous fournissons tous le matériel.
Chaque participant repart avec un livret recettes et son pain. 
Les participants, souhaitant profiter de la venue du four sur la place de leur quartier, peuvent venir y cuire leur préparation.
Nous terminons l'atelier par une dégustation de produits dérivés de la pâte à pain.";"";wb1170-PROP-2021-02-540;"";"";"";"";"";"";0;0;"";0;0;2;2021-02-28 09:01:43 +0100;http://wb1170.monopinion.belgium.be/processes/budgetparticipatif2021/f/195/proposals/540;"";"";false;;
543;;"";"";"";"";"";"";;"";"";"";"";"";"";53;http://wb1170.monopinion.belgium.be/processes/budgetparticipatif2021?participatory_process_slug=budgetparticipatif2021;195;Le Parc Naturel Rik Wouters;"La notion de Parc Naturel (Regional) existe un peu partout en France, en Flandre, en Wallonie,...  
Le but d'un Parc Naturel est de VALORISER un patrimoine (naturel, paysager, ...), ce qui ne veut pas dire le mettre sous cloche, au contraire il s'agit de légitimer et de partager ! ll ne s'agit pas de créer des réglementations ou des contraintes (ce n'est une réserve, ni un Parc National, ni ...). Les Parcs Naturels toujours basés sur des initiatives locales des habitants et des autorités locales visant à mettre en valeur un territoire.  
Aujourd'hui, la vallée du Coin du Balai, enclavée dans la Forêt de Soignes inclut non seulement le quartier typique, protégé, mais aussi des sites naturels exceptionnels, des paysages de friches, d'étangs, de forêts, des valons secs, des prairies, ...  L'ensemble, mainte fois représenté par Rik Wouters sous plein de facettes, crée un paysage unique du dernier village périurbain non encore enclavé dans la ville. C'est cet ensemble qu'il faut reconnaître et valoriser comme tel.
Nous savons tous aussi que des zones Natura 2000 d'une surface plus grande que le quartier sont à deux doigts d'être bâties, signant la disparition de cet ensemble unique. 
Par ailleurs, nous, habitants du quartier et de Boitsfort, sommes des privilégiés de vivre ce patrimoine au quotidien alors qu'à une ligne de bus des enfants n'ont pas vu un ruisseau courir entre les herbes ou une buse lancer son cri. On se doit aussi de partager ce patrimoine.
Le projet proposé ici ne veux rien imposer ni définir par avance. il s'agit d'une proposition posée sur la table. Il s'agit de poser la question, de rassembler, d'échanger et de co-construire (ou non) un projet de Parc Naturel autour des valeurs et suivant des modalités à définir ensemble. 
Les moyens demandés serviront à communiquer, à organiser et à animer des rencontres de manière rigoureuse, à inviter les habitants de la Commune, les acteurs concernés, etc.";"";wb1170-PROP-2021-02-543;"";"";"";"";"";"";0;0;"";1;0;3;2021-02-28 19:49:11 +0100;http://wb1170.monopinion.belgium.be/processes/budgetparticipatif2021/f/195/proposals/543;"";"";false;;
551;;"";"";"";"";"";"";;"";"";"";"";"";"";53;http://wb1170.monopinion.belgium.be/processes/budgetparticipatif2021?participatory_process_slug=budgetparticipatif2021;195;Les box's-goûter Mélo-cake;"Mots-clés: enfant, nutrition, zéro-déchet

Des box's-goûter pour les collations des enfants!
- des biscuits sains (bio, pas trop de sucres, doses raisonnables) 
- pour toute la semaine
- collaboration avec une boulangerie sociale 
- livrées à l'école
- zéro-déchet

Le coup de pouce servirait à acheter les contenants, financer la logistique de base ( promotion, programme de commande en ligne) et la diététicienne.";"";wb1170-PROP-2021-02-551;"";"";"";"";"";"";0;0;"";0;0;2;2021-02-28 22:11:14 +0100;http://wb1170.monopinion.belgium.be/processes/budgetparticipatif2021/f/195/proposals/551;"";"";false;;
557;;"";"";"";"";"";"";;"";"";"";"";"";"";53;http://wb1170.monopinion.belgium.be/processes/budgetparticipatif2021?participatory_process_slug=budgetparticipatif2021;195;Peinture coffrets électriques;Pour embellir encore notre commune, quelques artistes et citoyens se proposent de peindre un certain nombre de coffrets de rue de Sibelga (Accord en vue!). Pour le plaisir, pour sourire, pour donner à penser...;"";wb1170-PROP-2021-02-557;"";"";"";"";"";"";0;0;"";0;0;3;2021-02-28 23:24:22 +0100;http://wb1170.monopinion.belgium.be/processes/budgetparticipatif2021/f/195/proposals/557;"";"";false;;
558;;"";"";"";"";"";"";;"";"";"";"";"";"";53;http://wb1170.monopinion.belgium.be/processes/budgetparticipatif2021?participatory_process_slug=budgetparticipatif2021;195;Soirées d'échanges autour d'un livre, en présence de l'auteur;"Mots-clés: échanges - livre - auteur

L'idée serait de convier les habitants de WB à des soirées d'échanges autour d'un livre traitant d'un sujet d'actualité, socio-économique, social, sociétal, philosophique, de développement personnel, ressources humaines ou autre...
 
Je me chargerais d'inviter l'auteur qui présenterait son livre et d'animer les échanges.
 
Les participants seraient reçus chez moi, avenue Emile Van Becelaere.
Les réunions débuteraient à 19h pour se terminer vers 21h30/22h.
Des boissons et un repas sous forme de buffet seraient servis.
 
Les réunions se tiendraient à raison de 5 par an, tous les 2 mois hors période de congé d'été.";"";wb1170-PROP-2021-02-558;"";"";"";"";"";"";0;0;"";0;0;2;2021-02-28 23:38:47 +0100;http://wb1170.monopinion.belgium.be/processes/budgetparticipatif2021/f/195/proposals/558;"";"";false;;
560;;"";"";"";"";"";"";;"";"";"";"";"";"";53;http://wb1170.monopinion.belgium.be/processes/budgetparticipatif2021?participatory_process_slug=budgetparticipatif2021;195;Apiculture Naturelle : Ruches didactiques et sensibilisation aux problématiques rencontrées par nos abeilles.;"Introduction de 2 ruches et 2 essaims d’abeilles noires au sein des potagers collectifs situés Avenue Georges Benoidt.
 
Le but est d’ouvrir ponctuellement le rucher au public afin de sensibiliser nos concitoyens à l’apiculture naturelle et non-intensive, ainsi que de les aider à améliorer et entretenir une flore de qualité sur notre commune.
 
La première année sera dédiée à l’installation des ruches, l’achat du matériel de base, la sécurisation et l’adaptation du périmètre, la création d’un panneau didactique permanent ainsi que l’introduction de colonies d’abeilles noires.
 
La deuxième année, nous accompagnerons et surveillerons les ruches tout au long de la saison et ouvrirons l’espace aux citoyens désireux de voir et d’en apprendre plus sur leurs nouveaux voisins qui travaillent sans relâche pour nous offrir un cadre de vie vert, diversifié et respectueux des espèces endémiques.

Projet déposé par le Service Participation au nom de Jessica Rossillon.";"";wb1170-PROP-2021-03-560;"";"";"";"";"";"";0;0;"";0;0;3;2021-03-01 10:54:45 +0100;http://wb1170.monopinion.belgium.be/processes/budgetparticipatif2021/f/195/proposals/560;"";"";false;;
564;;"";"";"";"";"";"";;"";"";"";"";"";"";53;http://wb1170.monopinion.belgium.be/processes/budgetparticipatif2021?participatory_process_slug=budgetparticipatif2021;195;Cohésion sociale - Création florale;"Animation de 40 ateliers pour environ 10 personnes de création florale, dans le but de rapprocher les différents habitants de la commune. Ces ateliers seraient l'occasion de réaliser des créations florales, sous la direction d'un artiste-fleuriste. 

Projet déposé par le Service participation au nom de Majid Rafi Nazari.";"";wb1170-PROP-2021-03-564;"";"";"";"";"";"";0;0;"";0;0;2;2021-03-01 12:11:26 +0100;http://wb1170.monopinion.belgium.be/processes/budgetparticipatif2021/f/195/proposals/564;"";"";false;;
565;;"";"";"";"";"";"";;"";"";"";"";"";"";53;http://wb1170.monopinion.belgium.be/processes/budgetparticipatif2021?participatory_process_slug=budgetparticipatif2021;195;Exposition d'art floral et Ikebana (art floral japonais);"Organisation d'une exposition d'art floral dans mon logement social (avec l'accord de la société de logement) après une première édition réussie en 2020. 

Projet déposé par le Service Participation au nom de Majid Rafi Nazari.";"";wb1170-PROP-2021-03-565;"";"";"";"";"";"";0;0;"";0;0;2;2021-03-01 12:14:21 +0100;http://wb1170.monopinion.belgium.be/processes/budgetparticipatif2021/f/195/proposals/565;"";"";false;;
566;;"";"";"";"";"";"";;"";"";"";"";"";"";53;http://wb1170.monopinion.belgium.be/processes/budgetparticipatif2021?participatory_process_slug=budgetparticipatif2021;195;Séances bien-être pour toutes et tous à Watermael-Boitsfort;"Initiation à la Pleine Conscience ou d'autres méthodes de bien-être par des histoires, relaxations et exercices ludiques accessibles à un large public. Pour rencontrer des personnes, améliorer sa mémoire, calmer son corps et son esprit, reconnaître et comprendre ses émotions, être dans l'instant présent, être bienveillant avec soi-même et les autres…

Projet déposé par le Service participation au nom d'Axelle Vanpeteghem.";"";wb1170-PROP-2021-03-566;"";"";"";"";"";"";0;0;"";0;0;2;2021-03-01 12:27:23 +0100;http://wb1170.monopinion.belgium.be/processes/budgetparticipatif2021/f/195/proposals/566;"";"";false;;
569;;"";"";"";"";"";"";;"";"";"";"";"";"";53;http://wb1170.monopinion.belgium.be/processes/budgetparticipatif2021?participatory_process_slug=budgetparticipatif2021;195;Réalisation d’une piste de pétanque dans le Coin du Balai;"Pour s’amuser, passer des moments de détente conviviaux, resserrer les liens sociaux et intergénérationnels, stimuler des échanges et rencontres dans le quartier. 
dans un endroit central et accessible à tous comme par exemple, le parc du Kattenberg, le Triangle du Rembucher, la plaine de jeux du Rouge, le terrain en arrière et à côté des logements du CPAS et du Centre de jour au Heiligenborre.

Projet déposé par le Service Participation au nom de Thierry Jonckheere.";"";wb1170-PROP-2021-03-569;"";"";"";"";"";"";0;0;"";0;0;2;2021-03-01 15:22:17 +0100;http://wb1170.monopinion.belgium.be/processes/budgetparticipatif2021/f/195/proposals/569;"";"";false;;
570;;"";"";"";"";"";"";;"";"";"";"";"";"";53;http://wb1170.monopinion.belgium.be/processes/budgetparticipatif2021?participatory_process_slug=budgetparticipatif2021;195;Bowl en bois (skateboard);"Les jeunes ont besoin de voir l'impact qu'ils peuvent avoir dans leur commune et de voir que la commune se soucie d'eux. De plus, ce projet permet de promouvoir une activité en plein air auprès de nos jeunes. Quelles sont les principales étapes du projet: 1. La réalisation des plans: nous inclurons les principaux intéressés (les skateboardeurs) dans la réalisation des plans du bowl. 2. La construction du bowl: Créer une équipe qui se chargera de la construction du bowl. 3. Skater le bowl. 
 
Remarque: Le bowl en bois peut être déplacé et donc peut être placé à plusieurs endroits afin de donner à un maximum de personnes la possibilité de l'utiliser.

Projet déposé par le Service participation au nom de Romain Sonck.";"";wb1170-PROP-2021-03-570;"";"";"";"";"";"";0;0;"";0;0;2;2021-03-01 15:25:30 +0100;http://wb1170.monopinion.belgium.be/processes/budgetparticipatif2021/f/195/proposals/570;"";"";false;;
572;;"";"";"";"";"";"";;"";"";"";"";"";"";53;http://wb1170.monopinion.belgium.be/processes/budgetparticipatif2021?participatory_process_slug=budgetparticipatif2021;195;Les filles au skatepark !;"L'égalité entre filles et garçons peine encore à se concrétiser du côté des planches à roulettes. Mais qui a dit que les filles ne savaient pas skater ? Nous proposons une action positive les invitant à peupler le skatepark de la place Wiener une fois par mois lors de ""girls sessions"". Ces moments permettront de proposer aux filles qui souhaitent s'initier les bases de la pratique de ce sport très technique qui demande persévérance et confiance en soi.";"";wb1170-PROP-2021-03-572;"";"";"";"";"";"";0;0;"";0;0;3;2021-03-01 15:44:24 +0100;http://wb1170.monopinion.belgium.be/processes/budgetparticipatif2021/f/195/proposals/572;"";"";false;;
573;;"";"";"";"";"";"";;"";"";"";"";"";"";53;http://wb1170.monopinion.belgium.be/processes/budgetparticipatif2021?participatory_process_slug=budgetparticipatif2021;195;Jeu de piste à la découverte de Watermael-Boitsfort;"Ce jeu a pour but de faire découvrir les lieux emblématiques de WB (vénerie, Calypso, gare de Boitsfort) À chaque étape les joueurs découvrent une fiche informative (historique, activités proposées) contenant une énigme pour trouver l’étape suivante.

Ce projet est déposé par le Service Participation au nom de Alaia White.";"";wb1170-PROP-2021-03-573;"";"";"";"";"";"";0;0;"";0;0;2;2021-03-01 15:48:17 +0100;http://wb1170.monopinion.belgium.be/processes/budgetparticipatif2021/f/195/proposals/573;"";"";false;;
586;;"";"";"";"";"";"";;"";"";"";"";"";"";53;http://wb1170.monopinion.belgium.be/processes/budgetparticipatif2021?participatory_process_slug=budgetparticipatif2021;195;Création d’un four à pains & pizzas public.;"Le bonheur de cuire son pain est incomparable surtout s’il est fait avec amour et cuit dans un fournil à bois. C’est un lieu qui à l’époque permettait les rassemblements et les partages. Un projet simple et sans prétention qui crée du lien dans le quartier.

L'idée serait d'implanter une petite aubette avec son four en pierre à l’abris des intempérie.
Une localisation possible serait à l’angle de l’avenue des Dryades et du Karrenberg. Ce petit espace vert pourrait devenir un nouveaux lieu d’échanges.";"";wb1170-PROP-2021-03-586;"";"";"";"";"";"";0;0;"";0;0;2;2021-03-02 18:47:37 +0100;http://wb1170.monopinion.belgium.be/processes/budgetparticipatif2021/f/195/proposals/586;"";"";false;;
574;;"";"";"";"";"";"";;"";"";"";"";"";"";53;http://wb1170.monopinion.belgium.be/processes/budgetparticipatif2021?participatory_process_slug=budgetparticipatif2021;195;Sortir les enfants des liens virtuels, les échanges numérisés ...;"Il s'agit de cultiver le lien de manière plus authentique que ce que nous propose la société actuelle et surtout permette aux enfants de mieux se connaitre et se faire confiance . Soritr donc des échanges virtuels et des écrans interposés par une  reliance à la terre , à soi ( épanouissment personnel ) et à la beauté ( activtés créaives, manuelles et artistiques )
par l'orgnanisation d'activtités telles que jardinage , vannerie, chant, ateliers créatifs , qi-gong , accords toltèques, sophorologie, dessin, peinture, ...pour un public d'enfants de 6 à 11ans 
l'ASBL ' le bonheur est dans le fa a pu ' exsite seulement depuis le mois de juin et occupeu les locaux de la SNCB de la rue de l'Elan , 5 en tant qu'associaiton de fait depuis 3 ans mais les conditons d'accueil sont difficiles ( occupation précaire d'une maison dont la chaudière ne fonctionne pas)

Il s'agira donc d'optimaliser l'accueil et ce,  toute l'année ( pas seulement à la belle saison) par quelques réparations et aménagements et de s'entourer de partenaires ( volontaires défrayés ) en recherche de locaux pour continuer l'aventure. 

Projet déposé par le Service Participation au nom de Nadia El Ghrich";"";wb1170-PROP-2021-03-574;"";"";"";"";"";"";0;0;"";0;0;2;2021-03-01 15:54:50 +0100;http://wb1170.monopinion.belgium.be/processes/budgetparticipatif2021/f/195/proposals/574;"";"";false;;
575;;"";"";"";"";"";"";;"";"";"";"";"";"";53;http://wb1170.monopinion.belgium.be/processes/budgetparticipatif2021?participatory_process_slug=budgetparticipatif2021;195;Analyse citoyenne de la Mobilité avec Telraam;"Mobilité, Sécurité routière, CitizenScience

Les quartiers de notre commune subissent les nuisances engendrées par le trafic de transit: insécurité routière, congestion, pollution de l’air, bruit, ... et la ""Ville 30"" doit encore gagner en crédibilité.

Le projet Telraam permet aux citoyens d'analyser le trafic dans leur rue et ainsi de fournir aux autorités compétentes (la Commune principalement) des données précieuses qui les aideront à prendre les bonnes décisions et à agir là où il faut.

Pour cela, c'est simple, il suffit d'un petit budget (participatif!) et de citoyens volontaires et concernés par le cadre de vie dans leur quartier, qui sont prêts à installer une petite caméra de comptage à leur fenêtre...

Voir aussi:
- proposition plus détaillée en annexe
- https://telraam.net/fr/what-is-telraam

Allons-y !!";"";wb1170-PROP-2021-03-575;"";"";"";"";"";"";0;0;"";0;0;2;2021-03-01 20:19:25 +0100;http://wb1170.monopinion.belgium.be/processes/budgetparticipatif2021/f/195/proposals/575;"";"";false;;
580;;"";"";"";"";"";"";;"";"";"";"";"";"";53;http://wb1170.monopinion.belgium.be/processes/budgetparticipatif2021?participatory_process_slug=budgetparticipatif2021;195;Repeindre et redonner vie à la ruelle de la Cigale;"Le projet va redonner vie au passage de la rue de la Cigale qui invite à la forêt de Soignes.
C’est le produit d’une collaboration entre deux artistes et le voisinage. Cette peinture murale
va créer une expérience unique et engager les citoyens.

Projet déposé par le Service participation au nom de Line Pardo Kelm.";"";wb1170-PROP-2021-03-580;"";"";"";"";"";"";0;0;"";0;0;2;2021-03-02 08:38:18 +0100;http://wb1170.monopinion.belgium.be/processes/budgetparticipatif2021/f/195/proposals/580;"";"";false;;
582;;"";"";"";"";"";"";;"";"";"";"";"";"";53;http://wb1170.monopinion.belgium.be/processes/budgetparticipatif2021?participatory_process_slug=budgetparticipatif2021;195;Le yoga dans les écoles;"Intégrer au sein des établissements scolaires de la commune, la pratique du yoga et du qi -gong Et par là, permettre aux enfants et adolescents de vivre une école plus heureuse et aux instituteurs-professeurs une transmission plus joyeuse 

""Pour changer, c'est-à-dire, guérir, l'être humain doit être traité dans sa totalité...c'est une condition inéluctable de la réussite...""
Marcel DELCROIX

Projet déposé par le Service participation au nom de Claudia Luna.";"";wb1170-PROP-2021-03-582;"";"";"";"";"";"";0;0;"";0;0;2;2021-03-02 12:29:35 +0100;http://wb1170.monopinion.belgium.be/processes/budgetparticipatif2021/f/195/proposals/582;"";"";false;;
584;;"";"";"";"";"";"";;"";"";"";"";"";"";53;http://wb1170.monopinion.belgium.be/processes/budgetparticipatif2021?participatory_process_slug=budgetparticipatif2021;195;Les enfants des Archiducs;"Le projet consiste à prévoir un spectacle sur le square chaque mois (de mai à septembre)
pour les enfants du quartier (de 6 à 12 ans) de +/- une demie heure. Et ce avec un encadrement pour sécuriser l'activité. Cela pourrait être un conteur, un prestidigitateur, un chanteur, des marionnettes....
L'idée étant que les activités pour les enfants favorisent la cohésion entre les parents.

Projet déposé par le Service participation au nom de André Hoste.";"";wb1170-PROP-2021-03-584;"";"";"";"";"";"";0;0;"";0;0;2;2021-03-02 14:15:18 +0100;http://wb1170.monopinion.belgium.be/processes/budgetparticipatif2021/f/195/proposals/584;"";"";false;;
581;;"";"";"";"";"";"";;"";"";"";"";"";"";53;http://wb1170.monopinion.belgium.be/processes/budgetparticipatif2021?participatory_process_slug=budgetparticipatif2021;195;Cités jardins Le Logis Floréal. Patrimoine mondial;"Réaliser un projet d’inscription sur la liste indicative du Patrimoine mondial, de l’ensemble architectural classé des Cités Jardins Le Logis-Floréal, à approuver par les Collège des Bourgmestres et Echevins et Conseil communal, qui le soumettront à Patrimoine.bruxelles. Ce projet sera présenté à la population lors du centenaire des cités en 2022.

Projet déposé par le Service Participation au nom de Michel Van der Meerschen.";withdrawn;wb1170-PROP-2021-03-581;"";"";"";"";"";"";0;0;"";0;0;2;2021-03-02 09:17:00 +0100;http://wb1170.monopinion.belgium.be/processes/budgetparticipatif2021/f/195/proposals/581;"";"";false;;
