id;category/id;category/name;scope/id;scope/name;participatory_space/id;participatory_space/url;component/id;title/fr;title/nl;description/fr;description/nl;start_time;end_time;attendees;contributions;organizations;address;location/fr;location/nl;reference;comments;attachments;followers;url;related_proposals;related_results
19;;;;;21;https://wb1170.monopinion.belgium.be/processes/budget?participatory_process_slug=budget;115;Rencontre de quartier 3;Wijkontmoeting 3;"<p>Bienvenue à cette troisième et dernière rencontre ""Marché aux idées"".</p><p>Venez affiner vos idées de projets proposées avec votre quartier.</p><p>&gt; Inscrivez-vous en appuyant sur le bouton ""Participer à la rencontre""</p>";"<p>Welkom bij deze derde en laatste ""Ideeënmarkt"".</p><p>Kom en verfijn uw ideeën van projecten met uw buurt.</p><p>&gt; Druk op de knop ""Deelneemen"" om te registreeren.</p>";2020-02-06 18:30:00;2020-02-06 21:00:00;70;39;"Habitantes et habitants de Watermael-Boitsfort
Inwoners van Watermaal-Bosvoorde"; Avenue des Taillis 2 1170 Watermael-Boitsfort ;Gare de Watermael;Station Watermaal;wb1170-MEET-2019-12-19;2;0;2;https://wb1170.monopinion.belgium.be/processes/budget/f/115/meetings/19;"";""
18;;;;;21;https://wb1170.monopinion.belgium.be/processes/budget?participatory_process_slug=budget;115;Rencontre de quartier 2;Wijkontmoeting 2;"<p>Bienvenue à cette seconde rencontre ""Marché aux idées"".</p><p>Venez affiner les premières idées de projets proposées dans votre quartier.</p><p><br></p><p><br></p>";<p>U bent van harte welkom op deze eerste “ideeënmarkt”:</p><p>Een ontmoeting om de eerste ideeën in de wijken op punt te stellen.</p><p><br></p>;2020-01-25 14:00:00;2020-01-25 17:00:00;26;2;"Habitantes et habitants de Watermael-Boitsfort
Inwoners van Watermaal-Bosvoorde";Rue François Ruytinx 31, 1170 Watermael-Boitsfort, Belgique;Ecole du Karrenberg Nos Petits ; Karrenberg Nos Petits School;wb1170-MEET-2019-12-18;0;0;3;https://wb1170.monopinion.belgium.be/processes/budget/f/115/meetings/18;"";""
17;;;;;21;https://wb1170.monopinion.belgium.be/processes/budget?participatory_process_slug=budget;115;Rencontre de quartier 1 ;Wijkontmoeting 1;"<p>Bienvenue à cette première rencontre ""Marché aux idées"".</p><p>Venez affiner les premières idées de projets proposées avec votre quartier.</p><p><br></p><p>Inscription via participation@wb1170.brussels</p>";<p>U bent van harte welkom op deze eerste “ideeënmarkt”:</p><p>Een ontmoeting om de eerste ideeën in de wijken op punt te stellen.</p><p> Inschrijving via participatie@wb1170.brussels</p><p> </p>;2020-01-20 17:00:00;2020-01-20 20:00:00;37;0;"Habitants-es de Watermael-Boitsfort
Inwoners van Watermaal-Bosvoorde";Chaussée de la Hulpe, 346 1170 Watermael-Boitsfort;École La Sapinière;La Sapinière Basisschool;wb1170-MEET-2019-12-17;0;0;3;https://wb1170.monopinion.belgium.be/processes/budget/f/115/meetings/17;"";""
16;;;;;21;https://wb1170.monopinion.belgium.be/processes/budget?participatory_process_slug=budget;115;Rencontre de lancement du Budget participatif WB 2020;Lancering van het Participatiebudget WB 2020;"<p>Au programme:</p><p>&gt; Présentation du processus de Budget participatif WB 2020 </p><p>&gt; Partage des premières idées de projets</p>";"<p>Op de agenda:</p><p>&gt; Presentatie van de WB 2020 Participatieve Begrotingsprocedure </p><p>&gt; Delen van de eerste projectideeën</p>";2019-12-14 14:00:00;2019-12-14 17:00:00;65;0;"Déjà 12 idées de projets partagées!
Al 12 gedeelde projectideeën!";3 Place Antoine Gilson, 1170 Bruxelles;Écuries de la Maison Haute - La Vénerie;Stallingen van het Hooghuis;wb1170-MEET-2019-11-16;2;1;3;https://wb1170.monopinion.belgium.be/processes/budget/f/115/meetings/16;"";""
