id;category/id;category/name;scope/id;scope/name;participatory_space/id;participatory_space/url;component/id;title/ca;title/en;title/es;description/ca;description/en;description/es;start_time;end_time;attendees;contributions;organizations;address;location/ca;location/en;location/es;reference;comments;attachments;followers;url;related_proposals;related_results
496;;;;;87;http://decidim-teia.diba.cat/processes/audienciespubliquesple?participatory_process_slug=audienciespubliquesple;310;Ple ordinari gener 2020;"";"";<p>Audiencia publica previa al ple</p>;"";"";2020-01-30 19:00:00;2020-01-30 19:30:00;0;0;;Pere Noguera;Ajuntament de Teià;"";"";Teià-MEET-2020-02-496;0;0;5;http://decidim-teia.diba.cat/processes/audienciespubliquesple/f/310/meetings/496;"";""
495;;;;;87;http://decidim-teia.diba.cat/processes/audienciespubliquesple?participatory_process_slug=audienciespubliquesple;310;Ple ordinari de Novembre 2019;"";"";<p>Audiencia previa publica al ple. Espai de participación ciutadana entre els ciutadans/nes i els regidors </p>;"";"";2019-11-21 19:00:00;2019-11-21 19:30:00;0;0;;Carrer Pere Noguera;Ajuntament de Teià;"";"";Teià-MEET-2020-02-495;0;0;5;http://decidim-teia.diba.cat/processes/audienciespubliquesple/f/310/meetings/495;"";""
187;;;;;87;http://decidim-teia.diba.cat/processes/audienciespubliquesple?participatory_process_slug=audienciespubliquesple;310;Ple Ordinari de maig;Ple Ordinari de març;Ple Ordinari de març;<p>Ple ordinari del mes de maig</p>;<p>Ple ordinari del mes de març</p>;<p>Ple ordinari del mes de març</p>;2019-05-16 19:00:00;2019-05-16 21:00:00;0;0;;Carrer Pere Noguera, 12, 08329 Teià, Barcelona;Ajuntament de Teià;"";"";Teià-MEET-2019-02-187;0;0;5;http://decidim-teia.diba.cat/processes/audienciespubliquesple/f/310/meetings/187;"";""
188;;;;;87;http://decidim-teia.diba.cat/processes/audienciespubliquesple?participatory_process_slug=audienciespubliquesple;310;Ple Ordinari de juliol;Ple Ordinari de maig;Ple Ordinari de maig;<p>Ple ordinari del mes de juliol</p>;<p>Ple ordinari del mes de maig</p>;<p>Ple ordinari del mes de maig</p>;2019-07-18 19:00:00;2019-07-18 21:00:00;0;0;;Carrer Pere Noguera, 12, 08329 Teià, Barcelona;Ajuntament de Teià;"";"";Teià-MEET-2019-02-188;0;0;5;http://decidim-teia.diba.cat/processes/audienciespubliquesple/f/310/meetings/188;"";""
494;;;;;87;http://decidim-teia.diba.cat/processes/audienciespubliquesple?participatory_process_slug=audienciespubliquesple;310;Ple ordinari de setembre;"";"";<p>Audiencia previa al ple. Espai de participación ciutadana i de comunicació amb els regidors</p>;"";"";2019-09-26 19:00:00;2019-09-26 19:30:00;0;0;;Carrer Pere Noguera;Sala de plens Ajuntament de TEià;"";"";Teià-MEET-2020-02-494;0;0;5;http://decidim-teia.diba.cat/processes/audienciespubliquesple/f/310/meetings/494;"";""
