id;category/id;category/name/ca;category/name/en;category/name/es;scope/id;scope/name/ca;scope/name/es;scope/name/en;parent/id;title/ca;title/en;title/es;description/ca;description/en;description/es;start_date;end_date;status/id;status/key;status/name/ca;status/name/en;status/name/es;progress;created_at;url;component/id;proposal_urls
24;186;Rètol a l’entrada de Teia a Joan XXIII amb Camí a Alella;"";"";;"";"";"";;Rètol a l'entrada de Teià a Joan XXIII amb Camí a Alella;"";"";"<p>Si entres a Teià passant pel pont dels blocs de Masnou, no se sap on està Teià, ni hi ha &nbsp;cap rètol. Es posarà un rètol que indiqui l’entrada a Teià fet amb corten del mateix estil que hi ha a l’entrada del poble.</p>";"";"";;;22;Remès a Serveis Tècnics;Remès a Serveis Tècnics;"";"";25.0;2018-11-29 12:24:23 +0100;http://decidim-teia.diba.cat/processes/pressupostosparticipatius2018/f/260/results/24;260;""
58;;"";"";"";;"";"";"";24;Proposta de serveis tècnics - Rètol tipus Tòtem a l'entrada de Teià a Joan XXIII amb Camí a Alella;"";"";<p>Serveis tècnics ja ha fet una proposta d'indicatiu de 300cm(alçada)x50cm(amplada) de xapa d'acer corten i il·luminació amb leds. </p><p>La proposta resta a l'espera de la seva aprovació pels proposants i la Comissió de Seguiment ciudadana.</p>;"";"";2019-03-15;2019-04-29;22;Remès a Serveis Tècnics;Remès a Serveis Tècnics;"";"";25.0;2019-03-28 12:07:41 +0100;http://decidim-teia.diba.cat/processes/pressupostosparticipatius2018/f/260/results/58;260;""
25;191;Parc Infantil a la piscina;"";"";;"";"";"";;Parc Infantil a la piscina;"";"";<p>Per donar un impuls a la zona de Sant Berger, s'instal·larà una zona de lleure infantil per tal de diversificar l’activitat i les possibilitats dels infants. Per això es pretén col·locar una zona de gronxadors.</p>;"";"";;;22;Remès a Serveis Tècnics;Remès a Serveis Tècnics;"";"";5.0;2018-11-29 12:26:43 +0100;http://decidim-teia.diba.cat/processes/pressupostosparticipatius2018/f/260/results/25;260;""
20;192;Millora de climatització de l'Escola El Cim;"";"";;"";"";"";;Millora de climatització de l'Escola El Cim;"";"";<p>Els mesos de maig, juny i setembre són força calorosos i a l'escola ho saben prou. És per això que s'instal·laran aparells d'aire acondicionat a l'aula d'informàtica i la de música, i la instal·lació de ventiladors de sostre a les aules de P4 i P5, per tal de combatre la calor amb majors garanties.</p>;"";"";;;22;Remès a Serveis Tècnics;Remès a Serveis Tècnics;"";"";5.0;2018-11-29 12:13:55 +0100;http://decidim-teia.diba.cat/processes/pressupostosparticipatius2018/f/260/results/20;260;""
19;193;Millores del refugi de la ferreria del vedat;"";"";;"";"";"";;Millores del refugi de la ferreria del vedat;"";"";<p>Instal·lació d'una xarxa de recollida i emmagatzematge d'aigües pluvials al refugi de la ferreria del vedat.</p>;"";"";;;22;Remès a Serveis Tècnics;Remès a Serveis Tècnics;"";"";5.0;2018-11-29 10:07:56 +0100;http://decidim-teia.diba.cat/processes/pressupostosparticipatius2018/f/260/results/19;260;""
27;185;Millora de les bandes reductores de velocitat al carrer Josep Puigoriol;"";"";;"";"";"";;Millora de les bandes reductores de velocitat al carrer Josep Puigoriol ;"";"";"<p>Al carrer Josep Puigoriol hi han unes bandes reductores que provoquen molèsties de soroll i tremolors als veïns, &nbsp;es subtituiran per passos elevats per evitar les molèsties i alhora mantenir la seva funció de reducció de velocitat.</p>";"";"";;;22;Remès a Serveis Tècnics;Remès a Serveis Tècnics;"";"";5.0;2018-11-29 12:29:19 +0100;http://decidim-teia.diba.cat/processes/pressupostosparticipatius2018/f/260/results/27;260;""
21;190;Senyalització de la zona de l’Escola El Cim;"";"";;"";"";"";;Senyalització de la zona de l'Escola El Cim;"";"";<p>La zona de l’Escola el Cim és un espai de difícil circulació donades les seves característiques i sobretot donades les circumstàncies en què es troben els usuaris de l’Escola i també els veïns de la zona. S'instal·larà senyalització visual i lluminosa que indiqui que s’accedeix a una zona escolar que contribueixi a pacificar-la i prioritzi l’espai pels vianants.</p>;"";"";;;22;Remès a Serveis Tècnics;Remès a Serveis Tècnics;"";"";5.0;2018-11-29 12:15:59 +0100;http://decidim-teia.diba.cat/processes/pressupostosparticipatius2018/f/260/results/21;260;""
26;187;Millor de l’enjardinament amb flors a la rotonda del carrer Tarragona;"";"";;"";"";"";;Millora de l’enjardinament amb flors a la rotonda del carrer Tarragona;"";"";<p>Instal·lació del plantat de flors a la rotonda del carrer Tarragona per la millora de l’enjardinament d’aquell espai amb el corresponent sistema de reg que l’abasteixi.</p>;"";"";;;22;Remès a Serveis Tècnics;Remès a Serveis Tècnics;"";"";5.0;2018-11-29 12:28:01 +0100;http://decidim-teia.diba.cat/processes/pressupostosparticipatius2018/f/260/results/26;260;""
23;188;Col·locació de jardineres a la riera;"";"";;"";"";"";;Col·locació de jardineres a la riera;"";"";<p>Teià és un dels municipis de Catalunya considerat “Vila Florida”, com reconeix la Confederació d’Horticultura Ornamental de Catalunya (CHOC), projecte que pretén donar a conèixer aquells municipis que promouen la transformació de racons a través de la planta amb flor. És per això que per conservar aquesta anomenada es col·locaran jardineres entre els arbres de la riera.</p>;"";"";;;22;Remès a Serveis Tècnics;Remès a Serveis Tècnics;"";"";5.0;2018-11-29 12:22:18 +0100;http://decidim-teia.diba.cat/processes/pressupostosparticipatius2018/f/260/results/23;260;""
22;189;Campanya informativa de civisme sobre els excrements de gos;"";"";;"";"";"";;Campanya informativa de civisme sobre els excrements de gos;"";"";<p>Instal·lació de senyalització al municipi de rètols amb un missatge en positiu que motivin els amos de gossos a que recullin els excrements d’aquests dins una campanya de civisme. El projecte inclou altres elements comunicatius a banda dels cartells de PVC i senyals per a clavar al terra, com tríptics per a repartir per les bústies del municipi. </p>;"";"";;;22;Remès a Serveis Tècnics;Remès a Serveis Tècnics;"";"";5.0;2018-11-29 12:20:42 +0100;http://decidim-teia.diba.cat/processes/pressupostosparticipatius2018/f/260/results/22;260;""
18;184;Carpa al Casal de la Gent Gran;"";"";;"";"";"";;Carpa al Casal de la Gent Gran;"";"";<p>El pati del Casal de la Gent Gran ofereix un espai on poder-hi celebrar diverses activitats i festes però té l'inconvenient que no està cobert. Per aquest motiu s'instal·larà una carpa que cobreixi l'espai de les condicions meteorològiques adverses i que permeti gaudir-lo tant als usuaris dels Casal com d'altres entitats que ho sol·licitin.</p>;"";"";;;22;Remès a Serveis Tècnics;Remès a Serveis Tècnics;"";"";5.0;2018-11-29 09:42:53 +0100;http://decidim-teia.diba.cat/processes/pressupostosparticipatius2018/f/260/results/18;260;""
