id;category/id;category/name;scope/id;scope/name/fr;participatory_space/id;participatory_space/url;component/id;title/fr;description/fr;start_time;end_time;attendees;contributions;organizations;address;location/fr;reference;comments;attachments;followers;url;related_proposals;related_results
6;;;40;2.1 - Saint-Cyprien;3;http://jeparticipe.toulouse.fr/processes/la-grave?participatory_process_slug=la-grave;41;N°1 : atelier Culture/Patrimoine ;"<p>Atelier Thématique pour axer la réflexion sur les enjeux de culture et de patrimoine du site la Grave.</p><p><em>+ d'infos en téléchargeant </em><a href=""https://rose.osp.cat/uploads/decidim/attachment/file/73/7_CR_atelier_1_221019_V5.pdf"" target=""_blank""><em>le compte-rendu de l'atelier</em></a><em> (.pdf)</em></p>";2019-09-30 16:00:00;2019-09-30 18:00:00;0;0;;4 rue San Subra, 31000 Toulouse;Salle San Subra;prod-MEET-2019-12-6;0;0;0;http://jeparticipe.toulouse.fr/processes/la-grave/f/41/meetings/6;"";""
4;;;40;2.1 - Saint-Cyprien;3;http://jeparticipe.toulouse.fr/processes/la-grave?participatory_process_slug=la-grave;41;1ère visite sur site de la Grave;"<p><strong>Une visite sensible</strong> de La Grave pour découvrir ses secrets et recueillir les premières réflexions des Toulousains.</p><p><em>+ d'infos en téléchargeant : </em><a href=""https://toulousemetropole.s3-eu-west-3.amazonaws.com/files/qyAghzWcq7qvqxKgP/1562934452569-carnet-sensible-visite-juillet-2019.pdf"" target=""_blank""><em>le modèle de carnet sensible de la visite </em></a><em>(.pdf), </em><a href=""https://rose.osp.cat/uploads/decidim/attachment/file/68/2_La_Grave_-_projection_26_juin_-_version_def.pdf"" target=""_blank""><em>la présentation des visites</em></a><em> (.pdf), </em><a href=""https://rose.osp.cat/uploads/decidim/attachment/file/72/6_La_Grave_-_CR_visites_de_site_300919_compressed.pdf"" target=""_blank""><em>le compte-rendu des visites</em></a></p>";2019-07-10 12:00:00;2019-07-10 16:00:00;0;0;;rue du pont saint pierre Toulouse;sur site;prod-MEET-2019-12-4;0;0;0;http://jeparticipe.toulouse.fr/processes/la-grave/f/41/meetings/4;"";""
5;;;40;2.1 - Saint-Cyprien;3;http://jeparticipe.toulouse.fr/processes/la-grave?participatory_process_slug=la-grave;41;2ème visite sur site de la Grave;"<p><strong>Une deuxième visite du site</strong> de La Grave pour découvrir ses secrets et recueillir les premières réflexions des Toulousains.</p><p><em>+ d'infos en téléchargeant : </em><a href=""https://toulousemetropole.s3-eu-west-3.amazonaws.com/files/qyAghzWcq7qvqxKgP/1562934452569-carnet-sensible-visite-juillet-2019.pdf"" target=""_blank""><em>le modèle de carnet sensible de la visite </em></a><em>(.pdf), </em><a href=""https://rose.osp.cat/uploads/decidim/attachment/file/68/2_La_Grave_-_projection_26_juin_-_version_def.pdf"" target=""_blank""><em>la présentation des visites</em></a><em> (.pdf), </em><a href=""https://rose.osp.cat/uploads/decidim/attachment/file/72/6_La_Grave_-_CR_visites_de_site_300919_compressed.pdf"" target=""_blank""><em>le compte-rendu des visites</em></a></p>";2019-09-14 12:00:00;2019-09-14 16:00:00;0;0;;rue du pont saint pierre Toulouse;sur site;prod-MEET-2019-12-5;0;0;0;http://jeparticipe.toulouse.fr/processes/la-grave/f/41/meetings/5;"";""
10;;;40;2.1 - Saint-Cyprien;3;http://jeparticipe.toulouse.fr/processes/la-grave?participatory_process_slug=la-grave;41;Réunion de lancement de la concertation;"<p>Une réunion publique s'est déroulée pour lancer la démarche de concertation sur le projet La Grave.</p><p><em>+ d'infos en téléchargeant </em><a href=""https://rose.osp.cat/uploads/decidim/attachment/file/68/2_La_Grave_-_projection_26_juin_-_version_def.pdf"" target=""_blank""><em>le diaporama</em></a><em> (.pdf) et </em><a href=""https://rose.osp.cat/uploads/decidim/attachment/file/69/3_CR_Reunion_publique_Concertation_La_Grave_du_26_06_19.pdf"" target=""_blank""><em>le compte-rendu</em></a><em> (.pdf)</em></p>";2019-06-26 16:00:00;2019-06-26 18:00:00;0;0;;4 rue San Subra, 31000 Toulouse;Salle San Subra;prod-MEET-2020-05-10;0;0;0;http://jeparticipe.toulouse.fr/processes/la-grave/f/41/meetings/10;"";""
7;;;40;2.1 - Saint-Cyprien;3;http://jeparticipe.toulouse.fr/processes/la-grave?participatory_process_slug=la-grave;41;N°2 : atelier Services à la personne;"<p>Atelier Thématique pour axer la réflexion sur les enjeux de services à la personne du site la Grave.</p><p><em>+ d'infos en téléchargeant </em><a href=""https://rose.osp.cat/uploads/decidim/attachment/file/74/8_La_Grave_projection_atelier_2_051119_VF__1_.pdf"" target=""_blank""><em>le diaporama </em></a><em>(.pdf) et </em><a href=""https://rose.osp.cat/uploads/decidim/attachment/file/75/9_CR_atelier_2_V5.pdf"" target=""_blank""><em>le compte rendu</em></a><em> (.pdf) de l'atelier</em></p>";2019-11-07 17:00:00;2019-11-07 19:00:00;0;0;;4 rue San Subra, 31000 Toulouse;Salle San Subra;prod-MEET-2019-12-7;0;0;0;http://jeparticipe.toulouse.fr/processes/la-grave/f/41/meetings/7;"";""
9;;;40;2.1 - Saint-Cyprien;3;http://jeparticipe.toulouse.fr/processes/la-grave?participatory_process_slug=la-grave;41;Réunion publique de restitution;"<p>Cette réunion a permis de restituer les propositions et les décisions prises pour le projet La grave.</p><p>+ d'infos en téléchargeant <a href=""https://rose.osp.cat/uploads/decidim/attachment/file/78/12_CR_r%C3%A9union_la_Grave_du_14_01_20.pdf"" target=""_blank"">le compte-rendu de la réunion</a> (.pdf) ainsi que <a href=""https://rose.osp.cat/uploads/decidim/attachment/file/80/15_La_Grave_projection_r%C3%A9union_bilan_140120_V6_compressed.pdf"" target=""_blank"">la présentation</a> (.pdf) et <a href=""https://rose.osp.cat/uploads/decidim/attachment/file/79/13_Bilan_de_concertation_la_Grave_hors_annexes.pdf"" target=""_blank"">le bilan de toute la démarche de concertation</a> (.pdf)</p>";2020-01-14 17:00:00;2020-01-14 19:00:00;0;0;;4 rue San Subra, 31000 Toulouse;Salle San Subra;prod-MEET-2019-12-9;0;0;0;http://jeparticipe.toulouse.fr/processes/la-grave/f/41/meetings/9;"";""
8;;;40;2.1 - Saint-Cyprien;3;http://jeparticipe.toulouse.fr/processes/la-grave?participatory_process_slug=la-grave;41;N°3 : atelier Cadre de vie;"<p>Atelier Thématique pour axer la réflexion sur les enjeux de cadre de vie du site la Grave.</p><p>+ d'infos en téléchargeant <a href=""https://rose.osp.cat/uploads/decidim/attachment/file/76/10_La_Grave_projection_atelier_3_271119_V5.pdf"" target=""_blank"">le diaporama</a> (.pdf) et<a href=""https://rose.osp.cat/uploads/decidim/attachment/file/77/11_CR_atelier_3_V3.pdf"" target=""_blank""> le compte-rendu</a> (.pdf) de l'atelier.</p>";2019-11-27 17:00:00;2019-11-27 19:00:00;0;0;;4 rue San Subra, 31000 Toulouse;Salle San Subra;prod-MEET-2019-12-8;0;0;0;http://jeparticipe.toulouse.fr/processes/la-grave/f/41/meetings/8;"";""
3;;;40;2.1 - Saint-Cyprien;3;http://jeparticipe.toulouse.fr/processes/la-grave?participatory_process_slug=la-grave;41;Micro-trottoirs;"<p><strong>""micro-trottoirs""</strong> réalisés auprès des habitants du quartier Saint-Cyprien et des Toulousains pour connaître leur vision du site et leurs souhaits pour son futur. <em>+ d'infos en téléchargeant la synthèse du </em><a href=""https://toulousemetropole.s3-eu-west-3.amazonaws.com/files/qyAghzWcq7qvqxKgP/1562934355422-synthese-enquete-1-micro-trottoir.pdf"" target=""_blank""><em>""m<span class=""ql-cursor"">﻿﻿﻿﻿﻿﻿</span>icro-trottoir""</em></a><em>(.pdf) et en regardant la vidéo ci-dessous.</em></p><iframe class=""ql-video"" allowfullscreen=""true"" src=""https://www.youtube.com/embed/s2X25_KiRGY?showinfo=0"" frameborder=""0""></iframe><p><br></p>";2019-06-06 12:00:00;2019-06-07 17:00:00;0;0;;et place Saint-Pierre, Toulouse;Place Roguet, Toulouse;prod-MEET-2019-12-3;0;0;0;http://jeparticipe.toulouse.fr/processes/la-grave/f/41/meetings/3;"";""
18;;;;;83;http://jeparticipe.toulouse.fr/processes/dastepoudrerie?participatory_process_slug=dastepoudrerie;144;Ateliers d'échange dans les espaces verts (Rond Daste);"<p>Ateliers d'échange dans les espaces verts, en présence des architectes-urbanistes du projet de renouvellement urbain (agence germe&amp;JAM) et du groupement Palanca.</p>";2020-10-21 08:00:00;2020-10-21 11:00:00;0;0;;Place André Daste, Toulouse;Espace vert Rond Daste - Empalot;prod-MEET-2020-09-18;0;0;0;http://jeparticipe.toulouse.fr/processes/dastepoudrerie/f/144/meetings/18;"";""
13;;;;;83;http://jeparticipe.toulouse.fr/processes/dastepoudrerie?participatory_process_slug=dastepoudrerie;144;Réunion de lancement de la concertation;"<p>Cette réunion publique présente et lance la démarche de concertation pour l'aménagement des espaces verts de Daste et Poudrerie.</p><p>Vous pouvez contribuer en ligne jusqu'au 15 novembre 2020 <a href=""https://jeparticipe.toulouse.fr/processes/dastepoudrerie/f/143/"" target=""_blank"">en cliquant ici</a>, et participer aux divers ateliers sur site pour échanger et partager vos idées !</p>";2020-09-28 16:00:00;2020-09-28 18:00:00;0;0;;9 rue Marie Mombiola, 31400 Toulouse;La Brique Rouge;prod-MEET-2020-08-13;0;2;0;http://jeparticipe.toulouse.fr/processes/dastepoudrerie/f/144/meetings/13;"";""
21;;;;;83;http://jeparticipe.toulouse.fr/processes/dastepoudrerie?participatory_process_slug=dastepoudrerie;144;Rencontre avec les chefs de projet;<p>Rencontrez les chefs de projets et posez leur vos questions à la Maison du Projet de la Brique Rouge !</p>;2020-11-03 17:00:00;2020-11-03 19:00:00;0;0;;9 rue Marie Mombiola, 31400 Toulouse;La Brique Rouge;prod-MEET-2020-10-21;0;0;0;http://jeparticipe.toulouse.fr/processes/dastepoudrerie/f/144/meetings/21;"";""
16;;;;;83;http://jeparticipe.toulouse.fr/processes/dastepoudrerie?participatory_process_slug=dastepoudrerie;144;Rencontre avec les chefs de projet;<p>Rencontrez les chefs de projets et posez leur vos questions à la Maison du Projet de la Brique Rouge !</p>;2020-09-30 08:00:00;2020-09-30 10:30:00;0;0;;9 rue Marie Mombiola, 31400 Toulouse;La Brique Rouge;prod-MEET-2020-09-16;0;0;0;http://jeparticipe.toulouse.fr/processes/dastepoudrerie/f/144/meetings/16;"";""
17;;;;;83;http://jeparticipe.toulouse.fr/processes/dastepoudrerie?participatory_process_slug=dastepoudrerie;144;Rencontre avec les chefs de projet sur le marché;"<p>Echangez vos idées avec les chefs de projets sur le marché d'Empalot en partenariat avec ""Les Actions du 5"" de la régie Empalot Services !</p>";2020-10-07 08:00:00;2020-10-07 10:30:00;0;0;;Place d'Empalot, 31000 Toulouse;Marché de plein vent;prod-MEET-2020-09-17;0;0;0;http://jeparticipe.toulouse.fr/processes/dastepoudrerie/f/144/meetings/17;"";""
19;;;;;83;http://jeparticipe.toulouse.fr/processes/dastepoudrerie?participatory_process_slug=dastepoudrerie;144;Ateliers d'échange dans les espaces verts (Parc de Poudrerie);"<p>Ateliers d'échange dans les espaces verts, en présence des architectes-urbanistes du projet de renouvellement urbain (agence germe&amp;JAM) et du groupement Palanca.</p>";2020-10-21 12:00:00;2020-10-21 15:00:00;0;0;;Impasse des Hérons, Toulouse;Espace vert Parc de Poudrerie - Empalot;prod-MEET-2020-09-19;0;0;0;http://jeparticipe.toulouse.fr/processes/dastepoudrerie/f/144/meetings/19;"";""
20;;;;;83;http://jeparticipe.toulouse.fr/processes/dastepoudrerie?participatory_process_slug=dastepoudrerie;144;Rencontre avec les chefs de projet;<p>Rencontrez les chefs de projets et posez leur vos questions à la Maison du Projet de la Brique Rouge !</p>;2020-11-04 09:00:00;2020-11-04 11:30:00;0;0;;9 rue Marie Mombiola, 31400 Toulouse;La Brique Rouge;prod-MEET-2020-09-20;0;0;0;http://jeparticipe.toulouse.fr/processes/dastepoudrerie/f/144/meetings/20;"";""
