id;category/id;category/name;scope/id;scope/name/fr;participatory_space/id;participatory_space/url;component/id;title/fr;description/fr;start_time;end_time;attendees;contributions;organizations;address;location/fr;reference;comments;attachments;followers;url;related_proposals;related_results
6;;;40;2.1 - Saint-Cyprien;3;http://jeparticipe.toulouse.fr/processes/la-grave?participatory_process_slug=la-grave;41;N°1 : atelier Culture/Patrimoine ;"<p>Atelier Thématique pour axer la réflexion sur les enjeux de culture et de patrimoine du site la Grave.</p><p><em>+ d'infos en téléchargeant </em><a href=""https://rose.osp.cat/uploads/decidim/attachment/file/73/7_CR_atelier_1_221019_V5.pdf"" target=""_blank""><em>le compte-rendu de l'atelier</em></a><em> (.pdf)</em></p>";2019-09-30 16:00:00;2019-09-30 18:00:00;0;0;;4 rue San Subra, 31000 Toulouse;Salle San Subra;prod-MEET-2019-12-6;0;0;0;http://jeparticipe.toulouse.fr/processes/la-grave/f/41/meetings/6;"";""
4;;;40;2.1 - Saint-Cyprien;3;http://jeparticipe.toulouse.fr/processes/la-grave?participatory_process_slug=la-grave;41;1ère visite sur site de la Grave;"<p><strong>Une visite sensible</strong> de La Grave pour découvrir ses secrets et recueillir les premières réflexions des Toulousains.</p><p><em>+ d'infos en téléchargeant : </em><a href=""https://toulousemetropole.s3-eu-west-3.amazonaws.com/files/qyAghzWcq7qvqxKgP/1562934452569-carnet-sensible-visite-juillet-2019.pdf"" target=""_blank""><em>le modèle de carnet sensible de la visite </em></a><em>(.pdf), </em><a href=""https://rose.osp.cat/uploads/decidim/attachment/file/68/2_La_Grave_-_projection_26_juin_-_version_def.pdf"" target=""_blank""><em>la présentation des visites</em></a><em> (.pdf), </em><a href=""https://rose.osp.cat/uploads/decidim/attachment/file/72/6_La_Grave_-_CR_visites_de_site_300919_compressed.pdf"" target=""_blank""><em>le compte-rendu des visites</em></a></p>";2019-07-10 12:00:00;2019-07-10 16:00:00;0;0;;rue du pont saint pierre Toulouse;sur site;prod-MEET-2019-12-4;0;0;0;http://jeparticipe.toulouse.fr/processes/la-grave/f/41/meetings/4;"";""
5;;;40;2.1 - Saint-Cyprien;3;http://jeparticipe.toulouse.fr/processes/la-grave?participatory_process_slug=la-grave;41;2ème visite sur site de la Grave;"<p><strong>Une deuxième visite du site</strong> de La Grave pour découvrir ses secrets et recueillir les premières réflexions des Toulousains.</p><p><em>+ d'infos en téléchargeant : </em><a href=""https://toulousemetropole.s3-eu-west-3.amazonaws.com/files/qyAghzWcq7qvqxKgP/1562934452569-carnet-sensible-visite-juillet-2019.pdf"" target=""_blank""><em>le modèle de carnet sensible de la visite </em></a><em>(.pdf), </em><a href=""https://rose.osp.cat/uploads/decidim/attachment/file/68/2_La_Grave_-_projection_26_juin_-_version_def.pdf"" target=""_blank""><em>la présentation des visites</em></a><em> (.pdf), </em><a href=""https://rose.osp.cat/uploads/decidim/attachment/file/72/6_La_Grave_-_CR_visites_de_site_300919_compressed.pdf"" target=""_blank""><em>le compte-rendu des visites</em></a></p>";2019-09-14 12:00:00;2019-09-14 16:00:00;0;0;;rue du pont saint pierre Toulouse;sur site;prod-MEET-2019-12-5;0;0;0;http://jeparticipe.toulouse.fr/processes/la-grave/f/41/meetings/5;"";""
10;;;40;2.1 - Saint-Cyprien;3;http://jeparticipe.toulouse.fr/processes/la-grave?participatory_process_slug=la-grave;41;Réunion de lancement de la concertation;"<p>Une réunion publique s'est déroulée pour lancer la démarche de concertation sur le projet La Grave.</p><p><em>+ d'infos en téléchargeant </em><a href=""https://rose.osp.cat/uploads/decidim/attachment/file/68/2_La_Grave_-_projection_26_juin_-_version_def.pdf"" target=""_blank""><em>le diaporama</em></a><em> (.pdf) et </em><a href=""https://rose.osp.cat/uploads/decidim/attachment/file/69/3_CR_Reunion_publique_Concertation_La_Grave_du_26_06_19.pdf"" target=""_blank""><em>le compte-rendu</em></a><em> (.pdf)</em></p>";2019-06-26 16:00:00;2019-06-26 18:00:00;0;0;;4 rue San Subra, 31000 Toulouse;Salle San Subra;prod-MEET-2020-05-10;0;0;0;http://jeparticipe.toulouse.fr/processes/la-grave/f/41/meetings/10;"";""
7;;;40;2.1 - Saint-Cyprien;3;http://jeparticipe.toulouse.fr/processes/la-grave?participatory_process_slug=la-grave;41;N°2 : atelier Services à la personne;"<p>Atelier Thématique pour axer la réflexion sur les enjeux de services à la personne du site la Grave.</p><p><em>+ d'infos en téléchargeant </em><a href=""https://rose.osp.cat/uploads/decidim/attachment/file/74/8_La_Grave_projection_atelier_2_051119_VF__1_.pdf"" target=""_blank""><em>le diaporama </em></a><em>(.pdf) et </em><a href=""https://rose.osp.cat/uploads/decidim/attachment/file/75/9_CR_atelier_2_V5.pdf"" target=""_blank""><em>le compte rendu</em></a><em> (.pdf) de l'atelier</em></p>";2019-11-07 17:00:00;2019-11-07 19:00:00;0;0;;4 rue San Subra, 31000 Toulouse;Salle San Subra;prod-MEET-2019-12-7;0;0;0;http://jeparticipe.toulouse.fr/processes/la-grave/f/41/meetings/7;"";""
9;;;40;2.1 - Saint-Cyprien;3;http://jeparticipe.toulouse.fr/processes/la-grave?participatory_process_slug=la-grave;41;Réunion publique de restitution;"<p>Cette réunion a permis de restituer les propositions et les décisions prises pour le projet La grave.</p><p>+ d'infos en téléchargeant <a href=""https://rose.osp.cat/uploads/decidim/attachment/file/78/12_CR_r%C3%A9union_la_Grave_du_14_01_20.pdf"" target=""_blank"">le compte-rendu de la réunion</a> (.pdf) ainsi que <a href=""https://rose.osp.cat/uploads/decidim/attachment/file/80/15_La_Grave_projection_r%C3%A9union_bilan_140120_V6_compressed.pdf"" target=""_blank"">la présentation</a> (.pdf) et <a href=""https://rose.osp.cat/uploads/decidim/attachment/file/79/13_Bilan_de_concertation_la_Grave_hors_annexes.pdf"" target=""_blank"">le bilan de toute la démarche de concertation</a> (.pdf)</p>";2020-01-14 17:00:00;2020-01-14 19:00:00;0;0;;4 rue San Subra, 31000 Toulouse;Salle San Subra;prod-MEET-2019-12-9;0;0;0;http://jeparticipe.toulouse.fr/processes/la-grave/f/41/meetings/9;"";""
8;;;40;2.1 - Saint-Cyprien;3;http://jeparticipe.toulouse.fr/processes/la-grave?participatory_process_slug=la-grave;41;N°3 : atelier Cadre de vie;"<p>Atelier Thématique pour axer la réflexion sur les enjeux de cadre de vie du site la Grave.</p><p>+ d'infos en téléchargeant <a href=""https://rose.osp.cat/uploads/decidim/attachment/file/76/10_La_Grave_projection_atelier_3_271119_V5.pdf"" target=""_blank"">le diaporama</a> (.pdf) et<a href=""https://rose.osp.cat/uploads/decidim/attachment/file/77/11_CR_atelier_3_V3.pdf"" target=""_blank""> le compte-rendu</a> (.pdf) de l'atelier.</p>";2019-11-27 17:00:00;2019-11-27 19:00:00;0;0;;4 rue San Subra, 31000 Toulouse;Salle San Subra;prod-MEET-2019-12-8;0;0;0;http://jeparticipe.toulouse.fr/processes/la-grave/f/41/meetings/8;"";""
3;;;40;2.1 - Saint-Cyprien;3;http://jeparticipe.toulouse.fr/processes/la-grave?participatory_process_slug=la-grave;41;Micro-trottoirs;"<p><strong>""micro-trottoirs""</strong> réalisés auprès des habitants du quartier Saint-Cyprien et des Toulousains pour connaître leur vision du site et leurs souhaits pour son futur. <em>+ d'infos en téléchargeant la synthèse du </em><a href=""https://toulousemetropole.s3-eu-west-3.amazonaws.com/files/qyAghzWcq7qvqxKgP/1562934355422-synthese-enquete-1-micro-trottoir.pdf"" target=""_blank""><em>""m<span class=""ql-cursor"">﻿﻿﻿﻿﻿﻿</span>icro-trottoir""</em></a><em>(.pdf) et en regardant la vidéo ci-dessous.</em></p><iframe class=""ql-video"" allowfullscreen=""true"" src=""https://www.youtube.com/embed/s2X25_KiRGY?showinfo=0"" frameborder=""0""></iframe><p><br></p>";2019-06-06 12:00:00;2019-06-07 17:00:00;0;0;;et place Saint-Pierre, Toulouse;Place Roguet, Toulouse;prod-MEET-2019-12-3;0;0;0;http://jeparticipe.toulouse.fr/processes/la-grave/f/41/meetings/3;"";""
18;;;;;83;http://jeparticipe.toulouse.fr/processes/dastepoudrerie?participatory_process_slug=dastepoudrerie;144;Ateliers d'échange dans les espaces verts (Rond Daste);"<p>Ateliers d'échange dans les espaces verts, en présence des architectes-urbanistes du projet de renouvellement urbain (agence germe&amp;JAM) et du groupement Palanca.</p>";2020-10-21 08:00:00;2020-10-21 11:00:00;0;0;;Place André Daste, Toulouse;Espace vert Rond Daste - Empalot;prod-MEET-2020-09-18;0;0;0;http://jeparticipe.toulouse.fr/processes/dastepoudrerie/f/144/meetings/18;"";""
13;;;;;83;http://jeparticipe.toulouse.fr/processes/dastepoudrerie?participatory_process_slug=dastepoudrerie;144;Réunion de lancement de la concertation;"<p>Cette réunion publique présente et lance la démarche de concertation pour l'aménagement des espaces verts de Daste et Poudrerie.</p><p>Vous pouvez contribuer en ligne jusqu'au 15 novembre 2020 <a href=""https://jeparticipe.toulouse.fr/processes/dastepoudrerie/f/143/"" target=""_blank"">en cliquant ici</a>, et participer aux divers ateliers sur site pour échanger et partager vos idées !</p>";2020-09-28 16:00:00;2020-09-28 18:00:00;0;0;;9 rue Marie Mombiola, 31400 Toulouse;La Brique Rouge;prod-MEET-2020-08-13;0;2;0;http://jeparticipe.toulouse.fr/processes/dastepoudrerie/f/144/meetings/13;"";""
16;;;;;83;http://jeparticipe.toulouse.fr/processes/dastepoudrerie?participatory_process_slug=dastepoudrerie;144;Rencontre avec les chefs de projet;<p>Rencontrez les chefs de projets et posez leur vos questions à la Maison du Projet de la Brique Rouge !</p>;2020-09-30 08:00:00;2020-09-30 10:30:00;0;0;;9 rue Marie Mombiola, 31400 Toulouse;La Brique Rouge;prod-MEET-2020-09-16;0;1;0;http://jeparticipe.toulouse.fr/processes/dastepoudrerie/f/144/meetings/16;"";""
17;;;;;83;http://jeparticipe.toulouse.fr/processes/dastepoudrerie?participatory_process_slug=dastepoudrerie;144;Rencontre avec les chefs de projet sur le marché;"<p>Echangez vos idées avec les chefs de projets sur le marché d'Empalot en partenariat avec ""Les Actions du 5"" de la régie Empalot Services !</p>";2020-10-07 08:00:00;2020-10-07 10:30:00;0;0;;Place d'Empalot, 31000 Toulouse;Marché de plein vent;prod-MEET-2020-09-17;0;1;1;http://jeparticipe.toulouse.fr/processes/dastepoudrerie/f/144/meetings/17;"";""
19;;;;;83;http://jeparticipe.toulouse.fr/processes/dastepoudrerie?participatory_process_slug=dastepoudrerie;144;Ateliers d'échange dans les espaces verts (Parc de Poudrerie);"<p>Ateliers d'échange dans les espaces verts, en présence des architectes-urbanistes du projet de renouvellement urbain (agence germe&amp;JAM) et du groupement Palanca.</p>";2020-10-21 12:00:00;2020-10-21 15:00:00;0;0;;Impasse des Hérons, Toulouse;Espace vert Parc de Poudrerie - Empalot;prod-MEET-2020-09-19;0;0;0;http://jeparticipe.toulouse.fr/processes/dastepoudrerie/f/144/meetings/19;"";""
24;;;55;6.3 - Mirail-Université / Reynerie / Bellefontaine	;88;http://jeparticipe.toulouse.fr/processes/mirail-universite?participatory_process_slug=mirail-universite;173;Rencontre avec les chefs de projets sur les travaux prévus en 2021;<p>Retrouvez les chefs de projet pour échanger autour du programme 2021 de travaux sur l'espace public.</p>;2021-01-26 15:00:00;2021-01-26 17:00:00;0;0;;73 Rue Aristide Maillol, 31100 Toulouse;Sortie d’école Bourliaguet;prod-MEET-2020-12-24;0;0;1;http://jeparticipe.toulouse.fr/processes/mirail-universite/f/173/meetings/24;"";""
22;;;55;6.3 - Mirail-Université / Reynerie / Bellefontaine	;88;http://jeparticipe.toulouse.fr/processes/mirail-universite?participatory_process_slug=mirail-universite;173;Présentation au comité d’usager;<p>Présentation de l’avant-projet des traversées de l’Avenue Bazerque au comité d’usager constitué des associations et acteurs locaux.</p>;2020-12-04 13:00:00;2020-12-04 15:00:00;0;0;;Avenue Louis Bazerque, 31100 Toulouse;Visioconférence;prod-MEET-2020-12-22;0;2;0;http://jeparticipe.toulouse.fr/processes/mirail-universite/f/173/meetings/22;"";""
23;;;55;6.3 - Mirail-Université / Reynerie / Bellefontaine	;88;http://jeparticipe.toulouse.fr/processes/mirail-universite?participatory_process_slug=mirail-universite;173;Rencontre avec les chefs de projets sur les travaux prévus en 2021;<p>Retrouvez les chefs de projet pour échanger autour du programme 2021 de travaux sur l'espace public.</p>;2021-01-28 15:00:00;2021-01-28 17:00:00;0;0;;1 Impasse des Vergers, 31100 Toulouse;Sortie d’école Les Vergers;prod-MEET-2020-12-23;0;0;1;http://jeparticipe.toulouse.fr/processes/mirail-universite/f/173/meetings/23;"";""
25;;;54;6.2 - Lardenne / Pradettes / Basso-Cambo	;90;http://jeparticipe.toulouse.fr/processes/jardin-partage-pradettes?participatory_process_slug=jardin-partage-pradettes;176;Rencontre sur le projet de jardin partagé aux Pradettes (ANNULEE);"<p>Cette rencontre est organisée avec le bureau d'études Saluterre et les chargés de projet pour échanger sur le projet de jardin partagé aux Pradettes.</p><p><em>Au regard du contexte sanitaire, nous vous demandons de vous inscrire par téléphone 06 86 08 18 76 ou par mail : </em><a href=""mailto:eric.predine@saluterre.com"" target=""_blank""><em>eric.predine@saluterre.com</em></a><em> afin de vous recevoir dans les meilleures conditions.</em></p>";2021-01-30 09:00:00;2021-01-30 12:00:00;0;0;;Rue Yves Rouquette, Toulouse;Friche Bordeblanche, accès sur le parking au bout de la rue Yves Rouquette (derrière le Centre d’animation de Bordeblanche);prod-MEET-2020-12-25;0;0;1;http://jeparticipe.toulouse.fr/processes/jardin-partage-pradettes/f/176/meetings/25;"";""
28;;;50;5.1 - Pont des Demoiselles / Ormeau / Montaudran / La Terrasse / Malepère	;101;http://jeparticipe.toulouse.fr/processes/faubourgmalepere?participatory_process_slug=faubourgmalepere;189;Rencontre du Faubourg Malepère;"<p>Participez à une balade urbaine à la découverte du site (sur inscription, <a href=""https://jeparticipe.toulouse.fr/processes/faubourgmalepere/f/190/"" target=""_blank"">cliquez ici</a>) ! </p><p>4 balades sont prévues le matin et 4 balades l’après-midi, en petits groupes :</p><ul><li>Le matin : 10h (groupes 1 et 2) - 10h30 (groupe 3) et 11h (groupe 4)</li><li>L’après-midi 14h (groupes 1 et 2) - 14h30 (groupe 3) et 15h (groupe 4)</li></ul><p>Départ du Parc de la Marcaissonne (arrêt 1) vers l’Ecole et le bassin de l’Hers (arrêt 2) pour finir au niveau de la future Place Centrale (arrêt 3) et retour aux stands.</p><p><strong>👉 Jusqu'au 9 Avril 2021, je m'inscris pour une balade : </strong>Je contacte par mail <a href=""mailto:m.lacroix@oppidea.fr"" target=""_blank"">m.lacroix@oppidea.fr</a> ou par téléphone 05 31 48 85 58.</p><p><em>NB: Nous vous conseillons de prévoir une bouteille d’eau, un stylo et du papier avec vous afin de respecter le protocole sanitaire, ainsi qu'un parapluie (si nécessaire).</em></p>";2021-04-10 08:00:00;2021-04-10 15:00:00;0;0;;Parc de la Marcaissonne, 188 Route de Revel, Toulouse;Stand d'informations au Parc de la Marcaissonne;prod-MEET-2021-03-28;0;0;0;http://jeparticipe.toulouse.fr/processes/faubourgmalepere/f/189/meetings/28;"";""
