id;category/id;category/name/fr;scope/id;scope/name/fr;parent/id;title/fr;description/fr;start_date;end_date;status/id;status/key;status/name/fr;progress;created_at;url;component/id;proposal_urls
2;19;Mirail Université;;"";;Parc enfant sécurisé pour les moins de 3 ans;<p>OBJECTIFS ET DESCRIPTION DE L'IDEE : </p><p>Les assistantes maternelles dans le quartier Mirail Université proposent un parc enfant pour les moins de 3 ans.- parc fermé par un portillon et une fermeture accessible uniquement aux adultes.- petit toboggan- petite balançoire- petit tourniquet </p><p>RETOUR DE L'ETUDE DE FAISABILITE : </p><p>L'ensemble des aires de jeux situées sur le quartier du Mirail ou à proximité sont sécurisées par une clôture et proposent déjà des équipements à destination des moins de 3 ans. </p><p>Le territoire est déjà bien équipé en aires de jeux. Le choisi devra être en cohérence avec les localisations des aires de jeux présentes. </p><p>Si un nouveau site est identifié pour l’extension d’une aire de jeux existante, il est possible de mettre en place :- 3 jeux pour les moins de 5 ans- une clôture- 2 bancs- 1 corbeille </p><p>Le coût global de ces installations est estimé à 45 000 euros.</p>;2019-10-15;;2;Présentation du projet finalisé;Présentation du projet finalisé;40.0;2020-03-13 11:20:17 +0100;http://jeparticipe.toulouse.fr/processes/bp2019/f/54/results/2;54;""
6;13;3 Cocus - La Vache;;"";;Halte aux moustiques !;"<p>OBJECTIFS ET DESCRIPTION DE L'IDEE : </p><p>L'idée serait de lutter contre les moustiques - et particulièrement contre le tigre - de façon écologique. La proposition s'articule en deux axes : </p><p>- Disposer dans quelques quartiers pilotes des nichoirs à chauve-souris qui chassent le moustiques à la tombée de la nuit; </p><p>- Sensibiliser et aider les habitants à supprimer les eaux stagnantes (car les moustiques ne parcourent que des courtes distances #100m). </p><p>RETOUR DE L'ETUDE DE FAISABILITE DES SERVICES : </p><p>La collectivité mène d’ores et déjà des actions de sensibilisation pour lutter contre les moustiques tigres. La pose de nichoirs à chauve-souris se développe sur le territoire.Ce projet est cohérent avec ces actions.Le coût d’un nichoir est approximativement de 70 euros.Les lieux d’implantation de ces nichoirs dans le quartier reste à définir.</p>";2019-10-15;;1;Etude en cours;Etude en cours;20.0;2020-03-13 11:25:03 +0100;http://jeparticipe.toulouse.fr/processes/bp2019/f/54/results/6;54;""
10;12;Pradettes;;"";;Parcours de santé à Viollet-le-Duc;<p>OBJECTIFS ET DESCRIPTION DE L'IDEE : </p><p>Pour inciter les jeunes et moins jeunes à bouger, l’idée est d’installer des accessoires sportifs comme on peut en trouver dans beaucoup de parcs notamment au Grand Noble à Blagnac. </p><p>RETOUR DE L'ETUDE DE FAISABILITE DES SERVICES : </p><p>Ce projet est réalisable techniquement. </p><p>4 modules sportifs peuvent être installés sur l’espace vert.Possibilité de modules suivants :- Vélo- Twister Assis-debout- Squat Machine- Rameur- Marcheur double- Balancelle double</p>;2019-10-15;;2;Présentation du projet finalisé;Présentation du projet finalisé;40.0;2020-03-13 11:27:24 +0100;http://jeparticipe.toulouse.fr/processes/bp2019/f/54/results/10;54;""
13;16;Empalot;;"";;Grillades et chaises longues;<p>OBJECTIFS ET DESCRIPTION DE L'IDEE : </p><p>Souhait de la mise en place d'équipements pour se réuniravec les amis et faire des grillades. </p><p>Egalement, installer des chaises longues pour se reposer derrière le Centre Social et la CAF.</p><p>RETOUR DE L'ETUDE DE FAISABILITE DES SERVICES :</p><p>Les équipements complémentaires que les services de la collectivité proposent d’ajouter sont :- des chaises longues- des hamacs- des poubellesCe projet permettrait l’occupation positive sur ce site et également de favoriser la place des femmes de l’espace public.</p>;2019-10-15;;5;Réalisé;Réalisé;100.0;2020-03-13 11:29:14 +0100;http://jeparticipe.toulouse.fr/processes/bp2019/f/54/results/13;54;""
3;18;Maraîchers;;"";;Un jardin urbain innovant au coeur des Maraîchers;"<p>OBJECTIFS ET DESCRIPTION DE L'IDEE : </p><p>Projet d’aménagements en vue d’un développement raisonné du jardin partagé du quartier des Maraîchers, favorisant la biodiversité, les techniques innovantes de jardinage urbain, les liens éducatifs et sociaux de proximité.1 - Favoriser la biodiversité végétale et animale- Plantation d’une haie fruitière- Création de refuges pour la faune sauvage2 - Développer des techniques innovante et valoriser les déchets végétaux- Construction d’un jardin en « trou de serrure » ou « keyhole »- Construction d’une serre type « zome »- Construction de bacs en rondins de bois3 - Favoriser l’éducation à l’environnement, le lien social, la sécurité des usagers- Installation de panneaux supports pérennes (pour fiches pédagogiques)- Installation de bancs publics- Installation de lampadaires solaires leds à détecteurs de mouvements- Arbustes de petits fruits comestibles mis à disposition des passants&nbsp;+ un abri de jardin en complément </p><p>RETOUR DE L'ETUDE DE FAISABILITE DES SERVICES : </p><p>Ce projet porte sur l’amélioration de l’équipement d’un jardin partagé existant.Projet déjà réalisé dans le cadre d’un budget cofinancé par la Politique de la Ville et le CROUS.Propriété privée (Etat) pour laquelle la Mairie de Toulouse ne peut mobiliser des financement de droit commun dans le cadre des jardins partagés.Ce projet ne pourra pas être réalisé sans le conventionnement entre le CROUS et la Mairie de Toulouse compte tenu de la propriété foncière.Par ailleurs, d’autres préalables seront nécessaires : une étude des sols (pollutions), la définition du fonctionnement du jardin : modes d’organisation des habitants jardiniers...Si un conventionnement est trouvé, ce projet pourra être réalisé dans le cadre de la charte des Jardins partagés.</p>";2019-10-15;;1;Etude en cours;Etude en cours;20.0;2020-03-13 11:23:23 +0100;http://jeparticipe.toulouse.fr/processes/bp2019/f/54/results/3;54;""
8;17;Cépière - Beauregard;;"";;Nichoirs pour mésanges;<p>OBJECTIFS ET DESCRIPTION DE L'IDEE : </p><p>Par souci environnemental : création de nichoirs de mésanges pour lutter contre les invasions de chenilles processionnaires. </p><p>C'est une méthode naturelle qui a fait ses preuves, en l'absence de produits chimiques. </p><p>Cette méthode contribuerait par ailleurs à la protection des enfants qui fréquentent le jardin.</p><p>RETOUR DE L'ETUDE DE FAISABILITE DES SERVICES :</p><p>Les mésanges répondent en effet au problème des chenilles processionnaires.Dans le jardin Bergougnan, un pigeonnier a été mis en place. Les services de la Collectivité estiment que des nichoirs à mésanges peuvent être disséminés dans le parc sans contre-indication avec cette population de pigeons.Projet facilement réalisable, les nichoirs sont fixés aux arbres.Le coût pour cette réalisation est faible.</p>;2019-10-15;;1;Etude en cours;Etude en cours;20.0;2020-03-13 11:26:09 +0100;http://jeparticipe.toulouse.fr/processes/bp2019/f/54/results/8;54;""
11;16;Empalot;;"";;Agir pour le sport;<p>OBJECTIFS ET DESCRIPTION DE L'IDEE : </p><p>Faire des mini-aires de jeux sportives et éducatives sur le quartier Empalot «en dur» :- des tables d’échecs (avenue Jean Moulin côté jardin)- des tables de ping-pong (avenue jean Moulin à côté ou dans le centre social)- un boulodrome abrité- un petit terrain de tennis </p><p>RETOUR SUR L'ETUDE DE FAISABILITE DES SERVICES : </p><p>Il y a de nombreux équipements de sports dans le quartier ou à proximité, existants ou à venir, par exemple sur l’île du Ramier. Si ce projet est retenu à l’issue du Budget participatif, il est préconisé d’installer des petits équipements complémentaires.- Les tables de ping-pong en durs et les tables d’échecs sont estimées à 3000 € l’unité.- Le boulodrome abrité n’est pas préconisé par les services techniques, en raison de son coût : soit 250 000 € pour 100m² et du faible nombre actuel de pratiquants de pétanque sur le quartier. </p><p>- Le terrain de Tennis n’est pas préconisé en raison des équipements existants à proximité.Une enveloppe pourrait être destinée à ce projet si celui-ci est voté pour l’installation de quelques tables d’échecs ou de pingpong (voire d’autres équipements à définir).Les localisations pour l’implantation de ces tables restent à identifier.</p>;2019-10-15;;1;Etude en cours;Etude en cours;20.0;2020-03-13 11:28:09 +0100;http://jeparticipe.toulouse.fr/processes/bp2019/f/54/results/11;54;""
9;14;Arenes;;"";;Compostons ensemble !;<p>OBJECTIFS ET DESCRIPTION DE L'IDEE : </p><p>Après l'occupation du jardin public pendant plusieurs mois, l'idée est de créer un aménagement qui permetrrait aux habitants du quartier de se réapproprier cet espace. La mise en place d'un compost collectif permettrai de réduire la production de déchets sur le secteur qui compte de nombreux logements collectifs et de permettre aux jardiniers des maisons individuelles à proximité de bénéficier de compost pour leurs jardins. </p><p>A ce jour, les propositions faites par la ville pour mettre en place des composteurs dans les co-propriétés ne sont pas suffisantes car il est encore très difficile de mener ces projets auprès des syndics et des co-propriétaires. Toulouse ville verte doit diversifier les initiatives pour permettre à sa population urbaine d'avoir accès à des alternatives. </p><p>Compostons ensemble ! </p><p>RETOUR DE L'ETUDE DE FAISABILITE DES SERVICES : </p><p>Ce projet est techniquement réalisable.Il est conditionné par :- La gestion des composteurs par un collectif d’habitants- un budget de fonctionnement sera nécessaire. Ces projets sont propices au développement du compostage. Il peut s’y développer sous plusieurs formes.Cependant, lorsqu’il s’agit de jardins partagés, les composteurs de grande capacité sont privilégiés par la Collectivité.</p>;2019-10-15;;2;Présentation du projet finalisé;Présentation du projet finalisé;40.0;2020-03-13 11:26:40 +0100;http://jeparticipe.toulouse.fr/processes/bp2019/f/54/results/9;54;""
14;20;Soupetard;;"";;Espace inter associatifs - maisons des projets et servcies;"<p>OBJECTIFS ET DESCRIPTION DE L'IDEE : </p><p>Aménagement d'un lieu partagé pour une maison des services, proposés aux habitants et comportant : </p><p>- des espaces partagés inter associatifs répondant aux besoins et problématiques des habitants du quartier, et aux besoins de rencontre de certains professionnels (ex. assistantes maternelles) </p><p>- des permanences circulaires de services de l'administration ayant disparues des espaces urbains de proximité (CARSAT, CCAS, CAF, ...) </p><p>- en outre, le local pourrait être configuré comme un espace ""pépinière de projets"" à destination du développement du quartier, projets portés par des habitants - ressources - en vue d'une maison des projets. </p><p>RETOUR DE L'ETUDE DE FAISABILITE DES SERVICES : </p><p>Dans le quartier de Soupetard, le besoin de locaux et notamment de salles de réunion est partagé par les services de la collectivité et les acteurs associatifs. Néanmoins, la création d’un nouvel équipement ayant pour vocation l’accueil des activités associatives, des permanences de services publics et un espace dédié au développement de projets locaux n’est pas réalisable dans le cadre du Budget participatif compte-tenu de :- son coût trop important- la non éligibilité des coûts de fonctionnement- la durée de réalisation (+ de 2 ans)Par ailleurs, il convient de prendre en compte l’existant sur le territoire. En effet, le centre social de Soupetard mais aussi la Maison de la Citoyenneté accueillent de nombreuses permanences et activités tant d’associations que de services publics liés à l’accès aux droits, à l’action sociale, à la citoyenneté…De fait, dans le cadre du Budget participatif, l’idée proposée pourrait être réalisée en mobilisant des investissements permettant d’améliorer :- l’accueil de ces permanences et activités,- la visibilité des dynamiques existantes,- les complémentarités entre ellesA l’issue du vote, si ce projet est retenu dans le cadre du Budget participatif, la conception de l’aménagement pourra faire l’objet d’un partenariat avec les porteurs de l’idée : le Conseil Citoyen et l’ensemble des acteurs locaux (services publics, associations…).</p>";2019-10-15;;1;Etude en cours;Etude en cours;20.0;2020-03-13 11:29:55 +0100;http://jeparticipe.toulouse.fr/processes/bp2019/f/54/results/14;54;""
4;12;Pradettes;;"";;Des jardins aux Pradettes;<p>OBJECTIFS ET DESCRIPTION DE L'IDEE :Il s’agit de 3 idées de jardins :- un jardin de la Biodiversité situé à mi-chemin entre les écoles Viollet Leduc et Ferdinand de Lesseps pourrait devenir un site de la biodiversité végétale et animale.- des jardins collectifs sur le terrain de Bordeblanche pour réintroduire des pratiques de culture de la terre afin de régénérer le rapport des citadins à la nature. Cela pourrait participer à l’élévation entre autres d’une conscience environnementale collective.- une ferme urbaine maraîchère.</p><p>RETOUR DE L'ETUDE DE FAISABILITE DES SERVICES : </p><p>Les idées proposées concernent 2 sites pré-identifiés par leurs porteurs. L’étude de faisabilité porte sur chacun de ces sites. </p><p>L’idée de jardin collectif à Bordeblanche répond à un besoin identifié.Cette idée est réalisable sous réserve de tests de sols favorables et de l’identification plus précise d’un site définitif.Cette idée est cohérente avec l’appel à projet «Dessine-moi Toulouse» sur le site de Bordeblanche, incluant une dimension de Jardin partagé. Le coût estimé de ce jardin est de 164 000 euros.L’idée de jardin de la Biodiversité à Viollet le Duc est cohérent sur ce site qui constitue déjà un réservoir de la Biodiversité. A travers cette idée, il est pertinent de renforcer et de prolonger cette action pour en faire un lieu de vie et de découverte. Le coût estimé de ce jardin est de 35 000 euros.L’idée de ferme maraîchère ne peut être intégralement prise en charge par le Budget participatif : coûts de fonctionnement non éligibles au Budget Participatif, porteur de projet à préciser, importance du foncier envisagé par le porteur.Le projet soumis au vote concerne les deux premières idées de jardins.</p>;2019-10-15;;1;Etude en cours;Etude en cours;20.0;2020-03-13 11:24:01 +0100;http://jeparticipe.toulouse.fr/processes/bp2019/f/54/results/4;54;""
1;12;Pradettes;;"";;Tous à la Ramée à vélo ! A pied, en trottinette et rollers !;<p><strong>OBJECTIFS ET DESCRIPTION DE L'IDEE :</strong></p><p>L’idée répond au besoin d’accéder en toute sécurité à la zone verte de la Ramée sans emprunter sa voiture.</p><p>En effet, le chemin Ramelet Moundi et l’avenue du Dr Grynfogel ne comportent pas de zone cyclable ni piétonne sur la toute dernière portion. La piste cyclable arrive déjà jusqu’à la rocade Arc-en Ciel, le lien est presque fait !</p><p>En effet, trop souvent je vois des personnes qui vont en courant, à vélo ou trottinette, jusqu’à la Ramée en empruntant la route car aucune zone sécurisée ne permet cet accès. Il s’agit de supprimer une zone de danger.</p><p>Cette idée s’adresse à tous ceux qui aiment se rendre à la base de la Ramée, et ils sont nombreux. Entre les activités, le loisir de s’y balader le week-end ou le sport libre. Il s’agit donc de tout le quartier des Pradettes, mais aussi Lardenne, le Mirail, Bellefontaine et la Reynerie.</p><p><strong>RETOUR DE L'ETUDE DE FAISABILITE DES SERVICES :</strong></p><p>L’itinéraire le long du chemin de Ramelet Moundi est bien identifié comme axe à aménager avec une piste cyclable. A ce titre, il figure dans le schéma directeur du réseau cyclable de Toulouse Métropole.</p><p>La liaison par l’avenue Grynfogel n’a en revanche pas été retenue car les cyclistes peuvent emprunter la voie verte le long de la rocade Arc-en-Ciel pour rejoindre le chemin de Ramelet Moundi sans rallonger le parcours et en évitant 2 gros ronds -points.</p><p>Néanmoins, à court terme un itinéraire alternatif est proposé par les services car le projet de couloir de bus ouvert aux vélos sur Ramelet Moundi n’est pas encore assez mûr.</p><p>Cette idée permet de desservir tout le quartier des Pradettes, mais aussi Lardenne, le Mirail, Bellefontaine et la Reynerie.</p>;2019-10-15;;1;Etude en cours;Etude en cours;20.0;2020-03-10 17:09:01 +0100;http://jeparticipe.toulouse.fr/processes/bp2019/f/54/results/1;54;""
7;15;Bafapatabor;;"";;Stations vélos : atelier de réparation et de gonflage;<p>OBJECTIFS ET DESCRIPTION DE L'IDEE : </p><p>Installation de stations fixes de gonflage et de réparation (outils de base) dans des écoles primaires.Utilisation quotidienne de la station par les élèves, les parents, enseignants et l’ALAE pour les trajets maison /école /travail et pour les sorties vélos.Possibilité de mise en place d’ateliers « Doc Vélo », en lien avec les parents, les CLAE, pour apprendre à entretenir son vélo, prendre connaissance des équipements nécessaires et des règles de sécurité, s’informer sur le circuit des pistes cyclables.+ Réalisation de parcours et ateliers adaptés des plus jeunes élèves des écoles maternelles aux plus grands de l’élémentaire. </p><p>RETOUR DE L'ETUDE DE FAISABILITE DES SERVICES : </p><p>Le projet est techniquement réalisable.Les modalités d’accès et d’aménagement du site envisagé (anciens logements de fonction de l’école Papus) pourraient nécessiter un budget complémentaire d’investissement à déterminer.Il apparaît important qu’une structure accompagne l’usage par les parents et les élèves de cette borne de gonflage et de réparation (association 2 pieds 2 roues ? Maison du Vélo ?).Des partenariats pourraient être développés autour de ce projet pour des ateliers de réparation de vélos (Média Pitchounes, le club de prévention, les CLAE, etc.).</p>;2019-10-15;;5;Réalisé;Réalisé;100.0;2020-03-13 11:25:37 +0100;http://jeparticipe.toulouse.fr/processes/bp2019/f/54/results/7;54;""
12;17;Cépière - Beauregard;;"";;Panneau d'affichage pour les informations du quartier;<p>OBJECTIFS ET DESCRIPTION DE L'IDEE : </p><p>Mise en place d’un panneau d’affichage représentant la carte du quartier de REYNERIE et sur lequel les animations / évènements seraient communiqués et seraient visibles par un plus grand nombre d’habitants (parc – lac – château – place Abbal – COSEC – quartier).D’après une enquête réalisée par différents partenaires sur le territoire à différents endroits et différents temps dans la journée, il est ressorti que les habitants n’avaient pas la connaissance des manifestations / réunions proposées sur le quartier.La mise en place d’une carte (verticale, type panneau d’affichage) du quartier, sur laquelle les dates des manifestations pourraient être affichées, serait un plus. Chaque lieu pourrait y être identifié et les manifestations y être présentées. </p><p>RETOUR DE L'ETUDE DE FAISABILITE DES SERVICES : </p><p>L’implantation de panneaux d’informations associatives est facile à mettre en oeuvre et peu onéreuse.Les seules contraintes d’implantation sont les racines et les réseaux souterrains pour la création de la petite dalle béton nécessaire.Cela pourrait être réalisé facilement et sous peu de temps.Vigilance :- le contenu du panneau doit concerner la vie de quartier et non les publicités d’entreprises commerciales- absence de vitre en cas d’intempéries- la gestion et l’entretien du panneau doivent encore être définis.</p>;2019-10-15;;2;Présentation du projet finalisé;Présentation du projet finalisé;40.0;2020-03-13 11:28:46 +0100;http://jeparticipe.toulouse.fr/processes/bp2019/f/54/results/12;54;""
5;21;Negreneys;;"";;Le parc des Anges vu par les usagers;<p>OBJECTIFS ET DESCRIPTION DE L'IDEE : </p><p>Le parc des Anges est un lieu de vie très sollicité par les habitants du quartier. Nous souhaitons, nous usagers, aménager et redéfinir les espaces pour une meilleure cohésion sociale. </p><p>-Envie de faire cohabiter tous les usagers : enfants, propriétaires de chiens, personnes âgées...-Création d’un caniparc enherbé avec des bancs et un point d’eau + long couloir pour laisser courir les chiens-Ajouter un jeu pour les tout-petits (0-3ans) dans le jardin-Mettre de nouveaux bancs car ceux existants sont détériorés-Installation de balançoires-Ajouter un portillon pour l’aire de jeux-Installer nichoirs à chauve-souris et à mésanges-Regazonner là où c’est abîmé-Panneau de communication pour inciter à ne plus jeter les seringues dans les bosquets (partenariat avec l’association Intermède )-Nettoyer régulièrement (au moins 4 fois par an) au karcher l’aire de jeux pour enfants </p><p>RETOUR DE L'ETUDE DE FAISABILITE DES SERVICES : </p><p>Le site avait déjà été identifié par les services de la Collectivité pour étudier un réaménagement plus qualitatif. </p><p>Ce qui peut être réalisé :- la création d’un point d’eau dans le caniparc (mais possibilité d’utiliser le point d’eau existant en remplissant des gamelles d’eau)- enherbement et installation de bancs dans le caniparc- proposition de faire plutôt une aire de jeux de 0 à 3 ans au Nord du parc- installation d’un portique avec 2 types de balançoires y compris pour les enfants handicapés- la mise en place de nichoirs </p><p>Ce qui ne peut pas être réalisé :- La superficie du parc ne permet pas la réalisation d’un couloir de courses pour les chiens.</p>;2019-10-15;;3;Travaux en cours;Travaux en cours;60.0;2020-03-13 11:24:35 +0100;http://jeparticipe.toulouse.fr/processes/bp2019/f/54/results/5;54;""
