id;category/id;category/name;scope/id;scope/name;participatory_space/id;participatory_space/url;component/id;title/ca;description/ca;start_time;end_time;attendees;contributions;organizations;address;location/ca;reference;comments;attachments;followers;url;related_proposals;related_results
381;;;;;122;http://decidim-vacarisses.diba.cat/assemblies/consell-de-vila?assembly_slug=consell-de-vila;840;Sessió comissió permanent;<p>Sessió de la comissió permanent del Consell de Vila.</p><p><strong>ORDRE DEL DIA:</strong></p><ol><li>Aprovació, si s'escau, de l'acta de l'anterior sessió de la comissió permanent</li><li>Consell de vila i comunicació: material explicatiu per repartir a la ciutadania i comunicació digital</li><li>Confecció del calendari de sessions 2020</li><li>Elaboració de l'ordre del dia de la sessió plenària del 16 de desembre de 2019</li><li>Precs i preguntes</li></ol>;2019-11-18 19:00:00;2019-11-18 20:30:00;0;0;;C/ Major, 3;El Castell · Sala Neus Català;vacarisses-MEET-2019-11-381;0;1;8;http://decidim-vacarisses.diba.cat/assemblies/consell-de-vila/f/840/meetings/381;"";""
332;;;;;122;http://decidim-vacarisses.diba.cat/assemblies/consell-de-vila?assembly_slug=consell-de-vila;840;Sessió plenària;"<p><strong>ORDRE DEL DIA</strong></p><p>1. Aprovació, si s'escau, de l'acta de l'anterior sessió plenària</p><p>2. Presentacions i nous nomenaments en cas que n'hi hagi.</p><p>3. Explicació del procés de pressupostis participatius, en quina fase es troba i quina son els ""tempos"" previstos.</p><p>4. Taula d'entitats.</p><p>5. Proposta document/díptic de cara a fer difusió dels objectius, funcionament i convocatòries del Consell de Vila.</p><p>6. Precs i preguntes</p>";2019-09-23 19:00:00;2019-09-23 21:00:00;0;0;;C/ Major, 3;El Castell · Sala Neus Català;vacarisses-MEET-2019-09-332;0;0;8;http://decidim-vacarisses.diba.cat/assemblies/consell-de-vila/f/840/meetings/332;"";""
708;;;;;350;http://decidim-vacarisses.diba.cat/processes/taulaperlaconvivencia?participatory_process_slug=taulaperlaconvivencia;1506;1a SESSIÓ: Com i des d'on abordem els conflictes?;<p>En aquesta primera sessió, a partir de les repostes rebudes arran del qüestionari, determinarem com es podem gestionar certes situacions de conflicte i des dels diferents àmbits des d'on es poden abordar.</p><p><br></p>;2020-12-02 18:30:00;2020-12-02 20:00:00;0;0;;Sessió virtual;Sessió virtual a través de Zoom;vacarisses-MEET-2020-11-708;0;0;10;http://decidim-vacarisses.diba.cat/processes/taulaperlaconvivencia/f/1506/meetings/708;"";""
705;;;;;350;http://decidim-vacarisses.diba.cat/processes/taulaperlaconvivencia?participatory_process_slug=taulaperlaconvivencia;1506;2a SESSIÓ: Com i què cal regular en una ordenança de convivència?;<p>A partir d'altres regulacions i normatives vigents a d'altres municipis i de les propostes recollides a la primera sessió configurarem un esbós del que serà la futura ordenança de convivència.</p><p><br></p>;2020-12-16 18:30:00;2020-12-16 20:00:00;0;0;;Sessió virtual;Sessió virtual a través de Zoom;vacarisses-MEET-2020-11-705;0;0;10;http://decidim-vacarisses.diba.cat/processes/taulaperlaconvivencia/f/1506/meetings/705;"";""
