id;category/id;category/name/ca;category/name/es;category/name/en;scope/id;scope/name/ca;scope/name/es;scope/name/en;participatory_space/id;participatory_space/url;component/id;title;body;state;reference;answer/ca;answer/es;answer/en;supports;endorsements/total_count;endorsements/user_endorsements;comments;attachments;followers;published_at;url;meeting_urls;related_proposals;is_amend;original_proposal/title;original_proposal/url
1211;;"";"";"";;"";"";"";112;http://decidim-vacarisses.diba.cat/processes/feminitzem2019?participatory_process_slug=feminitzem2019;431;Marina Ginestà (1919-2014);Periodista i traductora. Model d'una fotografia icònica de la Guerra Civil.;"";vacarisses-PROP-2019-03-1211;"";"";"";1;0;"";0;0;6;2019-03-19 13:26:30 +0100;http://decidim-vacarisses.diba.cat/processes/feminitzem2019/f/431/proposals/1211;"";"";false;;
1210;;"";"";"";;"";"";"";112;http://decidim-vacarisses.diba.cat/processes/feminitzem2019?participatory_process_slug=feminitzem2019;431;Frederica Montseny (1905-1994);Política i escriptora. Primera dona ministra;"";vacarisses-PROP-2019-03-1210;"";"";"";4;0;"";0;0;7;2019-03-19 13:25:08 +0100;http://decidim-vacarisses.diba.cat/processes/feminitzem2019/f/431/proposals/1210;"";"";false;;
1208;;"";"";"";;"";"";"";112;http://decidim-vacarisses.diba.cat/processes/feminitzem2019?participatory_process_slug=feminitzem2019;431;Pepa Colomer (1913-2004);Primera aviadora de la història de Catalunya;"";vacarisses-PROP-2019-03-1208;"";"";"";0;0;"";0;0;6;2019-03-19 13:23:08 +0100;http://decidim-vacarisses.diba.cat/processes/feminitzem2019/f/431/proposals/1208;"";"";false;;
1209;;"";"";"";;"";"";"";112;http://decidim-vacarisses.diba.cat/processes/feminitzem2019?participatory_process_slug=feminitzem2019;431;Maria Mercè Marçal (1952-1998);Poetessa catalana;"";vacarisses-PROP-2019-03-1209;"";"";"";1;0;"";0;0;6;2019-03-19 13:24:32 +0100;http://decidim-vacarisses.diba.cat/processes/feminitzem2019/f/431/proposals/1209;"";"";false;;
1212;;"";"";"";;"";"";"";112;http://decidim-vacarisses.diba.cat/processes/feminitzem2019?participatory_process_slug=feminitzem2019;431;Margarida Borràs (? -1460);Transsexual valenciana penjada a la forca per la seva identitat de gènere;"";vacarisses-PROP-2019-03-1212;"";"";"";1;0;"";0;0;6;2019-03-19 13:27:32 +0100;http://decidim-vacarisses.diba.cat/processes/feminitzem2019/f/431/proposals/1212;"";"";false;;
1213;;"";"";"";;"";"";"";112;http://decidim-vacarisses.diba.cat/processes/feminitzem2019?participatory_process_slug=feminitzem2019;431;Natividad Yarza (1872-1960);Primera alcaldessa a Catalunya i a Espanya elegida democràticament a les eleccions de 1934 ;"";vacarisses-PROP-2019-03-1213;"";"";"";0;0;"";0;0;6;2019-03-19 13:28:22 +0100;http://decidim-vacarisses.diba.cat/processes/feminitzem2019/f/431/proposals/1213;"";"";false;;
1216;;"";"";"";;"";"";"";112;http://decidim-vacarisses.diba.cat/processes/feminitzem2019?participatory_process_slug=feminitzem2019;431;Isabel Vilà (1843-1896);Republicana i lluitadora pels drets dels treballadors, considerada la primera sindicalista catalana;"";vacarisses-PROP-2019-03-1216;"";"";"";1;0;"";0;0;6;2019-03-19 13:30:09 +0100;http://decidim-vacarisses.diba.cat/processes/feminitzem2019/f/431/proposals/1216;"";"";false;;
1215;;"";"";"";;"";"";"";112;http://decidim-vacarisses.diba.cat/processes/feminitzem2019?participatory_process_slug=feminitzem2019;431;Teresa Claramunt (1862-1931);Dirigent anarcosindicalista i feminista;"";vacarisses-PROP-2019-03-1215;"";"";"";1;0;"";0;0;6;2019-03-19 13:29:37 +0100;http://decidim-vacarisses.diba.cat/processes/feminitzem2019/f/431/proposals/1215;"";"";false;;
1214;;"";"";"";;"";"";"";112;http://decidim-vacarisses.diba.cat/processes/feminitzem2019?participatory_process_slug=feminitzem2019;431;Na Mercadera (1245-1300);L'heroïna de Peralada;"";vacarisses-PROP-2019-03-1214;"";"";"";0;0;"";0;0;6;2019-03-19 13:29:03 +0100;http://decidim-vacarisses.diba.cat/processes/feminitzem2019/f/431/proposals/1214;"";"";false;;
1217;;"";"";"";;"";"";"";112;http://decidim-vacarisses.diba.cat/processes/feminitzem2019?participatory_process_slug=feminitzem2019;431;Lluïsa Vidal (1876-1918);Pintora modernista catalana;"";vacarisses-PROP-2019-03-1217;"";"";"";1;0;"";0;0;6;2019-03-19 13:32:54 +0100;http://decidim-vacarisses.diba.cat/processes/feminitzem2019/f/431/proposals/1217;"";"";false;;
1207;;"";"";"";;"";"";"";112;http://decidim-vacarisses.diba.cat/processes/feminitzem2019?participatory_process_slug=feminitzem2019;431;Amàlia Utset (1883-1980);Llevadora de Vacarisses. Va assistir la majoria de parts de l'època al poble.;"";vacarisses-PROP-2019-03-1207;"";"";"";38;0;"";0;0;9;2019-03-19 13:21:50 +0100;http://decidim-vacarisses.diba.cat/processes/feminitzem2019/f/431/proposals/1207;"";"";false;;
1909;;"";"";"";;"";"";"";197;http://decidim-vacarisses.diba.cat/processes/pressupostos-participatius-19?participatory_process_slug=pressupostos-participatius-19;832;Instal·lació de cartelleres informatives;"Per tal de millorar la difusió de la informació pel que fa a les diferents activitats que s’organitzen des de l’ajuntament i les diferents entitats, un veí ens proposa recuperar part de les cartelleres per tal de complementar la difusió que es fa a través de les xarxes o de forma digital.
COST: 4.480 €";accepted;vacarisses-PROP-2019-09-1909;"";"";"";0;0;"";0;0;14;2019-09-16 10:52:54 +0200;http://decidim-vacarisses.diba.cat/processes/pressupostos-participatius-19/f/832/proposals/1909;"";"";false;;
1911;;"";"";"";;"";"";"";197;http://decidim-vacarisses.diba.cat/processes/pressupostos-participatius-19?participatory_process_slug=pressupostos-participatius-19;832;Papereres de fraccions i papereres d'excrements de gossos;"Aquesta proposta es configura a partir de tres propostes molt semblants. Dues d’elles rebudes per part d’un veí i una veïna i, l’altra per part de l’àrea de medi ambient. Es tracta de substituir part de les papereres que hi ha actualment als carrers de Vacarisses per mòduls de recollida selectiva per tal de separar per fraccions donant coherència al projecte del porta a porta. A més, es preveu, també, instal•lar papereres per excrements d’animals. En una fase inicial es proposa instal•lar dispensadors de bosses per recollir-los però s’acorda poder-les dispensar de forma gratuïta a tothom qui tingui el o els animals censats al municipi.
COST: 3.600 €";accepted;vacarisses-PROP-2019-09-1911;"";"";"";0;0;"";0;0;17;2019-09-16 10:58:57 +0200;http://decidim-vacarisses.diba.cat/processes/pressupostos-participatius-19/f/832/proposals/1911;"";"";false;;
1910;;"";"";"";;"";"";"";197;http://decidim-vacarisses.diba.cat/processes/pressupostos-participatius-19?participatory_process_slug=pressupostos-participatius-19;832;Projecte de remodelació i millora del pati de l'E.B. El Cuc;"Des de l’equip educatiu de l’E.B. El Cuc s’està treballant en el projecte de remodelació i millora del pati entenent aquest espai com un agent educatiu. El projecte pretén oferir propostes didàctiques naturals que fomentin la descoberta i l’experimentació dels infants; estimulant els sentits i aportant coneixements i respecte vers la natura.
Aquesta proposta contempla l’elaboració del projecte i una primera actuació així com l’organització i direcció d’obra.
COST: 6.750 €";accepted;vacarisses-PROP-2019-09-1910;"";"";"";0;0;"";0;0;18;2019-09-16 10:56:22 +0200;http://decidim-vacarisses.diba.cat/processes/pressupostos-participatius-19/f/832/proposals/1910;"";"";false;;
1908;;"";"";"";;"";"";"";197;http://decidim-vacarisses.diba.cat/processes/pressupostos-participatius-19?participatory_process_slug=pressupostos-participatius-19;832;Adequació d'una zona de passeig al carrer Filadelfia;"Aquesta proposta ens arriba d’una veïna de La Coma. Explica que alguns trams d’aquesta via són molt plans i molts veïns i veïnes hi passegen amb els més petits o bé amb els gossos o bé hi fan un tomb amb bicicleta. La proposta inicial plantejava donar un ús exclusiu d’aquest carrer als vianants però això no és possible ja que es tracta d’un carrer d’accés al polígon. Un cop estudiada la idea es preveu adequar diferents espais al llarg de la via que convidin i facilitin el passeig a peu.
COST: 4.100 €";accepted;vacarisses-PROP-2019-09-1908;"";"";"";0;0;"";0;0;16;2019-09-16 10:37:05 +0200;http://decidim-vacarisses.diba.cat/processes/pressupostos-participatius-19/f/832/proposals/1908;"";"";false;;
1907;;"";"";"";;"";"";"";197;http://decidim-vacarisses.diba.cat/processes/pressupostos-participatius-19?participatory_process_slug=pressupostos-participatius-19;832;Instal·lació de caixes niu per a ratpenats i ocells per combatre el mosquit tigre;"La proposta es centra en la instal•lació de caixes niu o caixes refugi per a ratpenats i ocells per incentivar la seva presència als focus de major concentració de mosquits intentant implicar als veïns i veïnes en el seu manteniment. 
Aquesta iniciativa pot contribuir a reduir les molèsties que provoca la presència dels mosquits i, en especial el mosquit tigre. A títol indicatiu és interessant saber que un sol ratpenat pot arribar a consumir en una sola nit gairebé el seu propi pes en mosquits adults (més de 300!).
COST: 3.270€";accepted;vacarisses-PROP-2019-09-1907;"";"";"";0;0;"";0;0;22;2019-09-16 10:29:51 +0200;http://decidim-vacarisses.diba.cat/processes/pressupostos-participatius-19/f/832/proposals/1907;"";"";false;;
1906;;"";"";"";;"";"";"";197;http://decidim-vacarisses.diba.cat/processes/pressupostos-participatius-19?participatory_process_slug=pressupostos-participatius-19;832;Millora de l'equip de so del casal de Cultura;"Proposta de millora de l’equip de so de la sala del Casal de Cultura davant la programació estable de teatre i de cinema així com concerts organitzats per part de diferents entitats i l’ajuntament. Es proposa fer el canvi de l’actual equip  que és analògic a un equip digital. La proposta contempla la compra de l’equip així com la seva instal•lació.
COST: 3.580 €";accepted;vacarisses-PROP-2019-09-1906;"";"";"";0;0;"";0;0;15;2019-09-16 10:27:49 +0200;http://decidim-vacarisses.diba.cat/processes/pressupostos-participatius-19/f/832/proposals/1906;"";"";false;;
1905;;"";"";"";;"";"";"";197;http://decidim-vacarisses.diba.cat/processes/pressupostos-participatius-19?participatory_process_slug=pressupostos-participatius-19;832;Neteja i restauració de la zona verda al Pg. de les Oliveres (Torreblanca);"L’AAVV de Torreblanca de Montserrat ens fa arribar aquesta proposta per tal de condicionar la zona verda que es troba al Passeig de les Oliveres. La idea és desbrossar i netejar la zona i eixamplar un espai a l’alçada de la vorera per habilitar-lo com a zona d’ombra. 
COST: 24.750 €";accepted;vacarisses-PROP-2019-09-1905;"";"";"";0;0;"";0;0;17;2019-09-16 10:09:36 +0200;http://decidim-vacarisses.diba.cat/processes/pressupostos-participatius-19/f/832/proposals/1905;"";"";false;;
1902;;"";"";"";;"";"";"";197;http://decidim-vacarisses.diba.cat/processes/pressupostos-participatius-19?participatory_process_slug=pressupostos-participatius-19;832;Disseny i construcció de la fase inicial d'un Skate Park;"A l'anterior procés de pressupostos participatius ja es contemplava aquesta proposta promoguda per l'àrea de joventut i un grup força nombrós de joves.
La ubicació d’aquest equipament d’uns 300 metres quadrats aproximadament i format per sis mòduls es preveu fer a l’Avda. Muriel Casals, al costat del pavelló.
COST: 19.800 €
";accepted;vacarisses-PROP-2019-09-1902;"";"";"";0;0;"";0;0;19;2019-09-16 10:00:22 +0200;http://decidim-vacarisses.diba.cat/processes/pressupostos-participatius-19/f/832/proposals/1902;"";"";false;;
1903;;"";"";"";;"";"";"";197;http://decidim-vacarisses.diba.cat/processes/pressupostos-participatius-19?participatory_process_slug=pressupostos-participatius-19;832;Marcatge de la Cursa de la Campana;"Aquesta proposta promoguda per l’AE VacarissesCorre preveu marcar, d’acord amb els criteris de senyalització del Parc Natural, l’itinerari de la cursa de la Campana. A part dels membres de l’entitat hi ha força gent que sovint fa el recorregut pel seu compte i fora de les dates dels entrenaments habituals. Aquesta iniciativa pretén promocionar l’esport i el nostre entorn.
cost: 8.200 €";accepted;vacarisses-PROP-2019-09-1903;"";"";"";0;0;"";0;0;14;2019-09-16 10:03:46 +0200;http://decidim-vacarisses.diba.cat/processes/pressupostos-participatius-19/f/832/proposals/1903;"";"";false;;
1904;;"";"";"";;"";"";"";197;http://decidim-vacarisses.diba.cat/processes/pressupostos-participatius-19?participatory_process_slug=pressupostos-participatius-19;832;Lavabos als parcs infantils;"Una veïna ens fa arribar la seva proposta per tal de dotar de la lavabos públics els parcs infantils de major afluència d’infants. Un cop valorada la idea es preveu adequar i fer obres de millora als lavabos de la pista ubicada al costat de la piscina municipal per donar servei a les famílies usuàries de la Plaça 11 de setembre (Parc de l’aranya). Al sector de Can Serra es preveu la instal•lació d’un mòdul de dos serveis al parc infantil de l’entrada a la urbanització.
COST: 27.850 €";accepted;vacarisses-PROP-2019-09-1904;"";"";"";0;0;"";0;0;17;2019-09-16 10:06:34 +0200;http://decidim-vacarisses.diba.cat/processes/pressupostos-participatius-19/f/832/proposals/1904;"";"";false;;
5992;;"";"";"";;"";"";"";282;http://decidim-vacarisses.diba.cat/processes/pressupostos-participatius-20-21?participatory_process_slug=pressupostos-participatius-20-21;1257;Vespa Velutina (Vespa Asiatica);"Que a part del Mosquit Tigre, la vegetació del torrent no controlada ha afavorit a l'aparició de la Vespa Velutina.
Ja que és un perill evident per les persones, especialment nens i gent gran, es proposa: 

Sanejament de vegetació dels torrent per poder localitzar nius

Col·locació de paranys per tal de controlar la seva població 

Fumigació durant els mesos primavera-estiu de la seva aparició";"";vacarisses-PROP-2020-10-5992;"";"";"";0;1;Juan Carlos;0;1;5;2020-10-07 19:37:28 +0200;http://decidim-vacarisses.diba.cat/processes/pressupostos-participatius-20-21/f/1257/proposals/5992;"";"";false;;
6063;;"";"";"";;"";"";"";282;http://decidim-vacarisses.diba.cat/processes/pressupostos-participatius-20-21?participatory_process_slug=pressupostos-participatius-20-21;1257;Menjador propi a l'escola i piscina municipal coberta;"Servei de menjador amb cuina propia a les escoles.
Piscina municipal coberta per poder fer-ne ús més temps.";"";vacarisses-PROP-2020-10-6063;"";"";"";0;1;Eva ;0;0;6;2020-10-23 14:18:05 +0200;http://decidim-vacarisses.diba.cat/processes/pressupostos-participatius-20-21/f/1257/proposals/6063;"";"";false;;
6271;;"";"";"";;"";"";"";282;http://decidim-vacarisses.diba.cat/processes/pressupostos-participatius-20-21?participatory_process_slug=pressupostos-participatius-20-21;1257;Mini supermercat 24 hores;"PROPOSTA REBUDA DE JOVES DE L'INSTITUT
Instal·lació d'un petit supermercat al nucli obert tot el dia per ampliar l'oferta comercial de Vacarisses.";"";vacarisses-PROP-2020-11-6271;"";"";"";0;0;"";0;0;5;2020-11-05 12:52:12 +0100;http://decidim-vacarisses.diba.cat/processes/pressupostos-participatius-20-21/f/1257/proposals/6271;"";"";false;;
6270;;"";"";"";;"";"";"";282;http://decidim-vacarisses.diba.cat/processes/pressupostos-participatius-20-21?participatory_process_slug=pressupostos-participatius-20-21;1257;Espai recreatiu de jocs;"PROPOSTA REBUDA DE JOVES DE L'INSTITUT
Habilitar un espai recreatiu amb diferents tipus videojocs per tal que la gent pugui passar una bona estona jugant i desconnectant.";"";vacarisses-PROP-2020-11-6270;"";"";"";0;0;"";0;0;5;2020-11-05 12:47:33 +0100;http://decidim-vacarisses.diba.cat/processes/pressupostos-participatius-20-21/f/1257/proposals/6270;"";"";false;;
6269;;"";"";"";;"";"";"";282;http://decidim-vacarisses.diba.cat/processes/pressupostos-participatius-20-21?participatory_process_slug=pressupostos-participatius-20-21;1257;Carril bici nucli-institut;"PROPOSTA REBUDA DE L'ÀREA DE JOVENTUT
Habilitar un carril bici del nucli fins a l'Institut i facilitar la circulació de les bicicletes i/o patinets en detriment dels vehicles motoritzats.";"";vacarisses-PROP-2020-11-6269;"";"";"";0;0;"";0;0;5;2020-11-05 12:22:42 +0100;http://decidim-vacarisses.diba.cat/processes/pressupostos-participatius-20-21/f/1257/proposals/6269;"";"";false;;
6268;;"";"";"";;"";"";"";282;http://decidim-vacarisses.diba.cat/processes/pressupostos-participatius-20-21?participatory_process_slug=pressupostos-participatius-20-21;1257;Camí Font del Guinardeu;"Convertir el camí de la Font del Guinardeu en una via verda entre el nucli i les urbanitzacions de Torreblanca II i la Carena Llarga.
Actualment s'utilitza per senderistes i ciclistes, per caminar, passejar, treure el gos i fer esport. Hi ha trams en mal estat, forats i matolls a conseqüència de les pluges. Caldria reparar aquests trams i posar alguns rètols indicadors.";"";vacarisses-PROP-2020-11-6268;"";"";"";0;0;"";0;0;5;2020-11-05 12:10:54 +0100;http://decidim-vacarisses.diba.cat/processes/pressupostos-participatius-20-21/f/1257/proposals/6268;"";"";false;;
6266;;"";"";"";;"";"";"";282;http://decidim-vacarisses.diba.cat/processes/pressupostos-participatius-20-21?participatory_process_slug=pressupostos-participatius-20-21;1257;Espai casteller a la Fàbrica;Condicionar la sala gran de la Fàbrica i eliminar part del fals sostre per poder assejar castells. Instal·lar dos suports verticals a la paret fins el sostre.;"";vacarisses-PROP-2020-11-6266;"";"";"";0;0;"";0;0;5;2020-11-05 12:02:05 +0100;http://decidim-vacarisses.diba.cat/processes/pressupostos-participatius-20-21/f/1257/proposals/6266;"";"";false;;
6263;;"";"";"";;"";"";"";282;http://decidim-vacarisses.diba.cat/processes/pressupostos-participatius-20-21?participatory_process_slug=pressupostos-participatius-20-21;1257;Recuperació conreu olivera;"Recuperació per part de l'ajuntament del conreu de l'olivera per incentivar a d'altres emprenedors. Arrendar terres o en terrenys propis per plantar oliveres i produir oli.
Recuperar terreny agrari. Producció local i recuperació de terrenys abandonats. Afavorir la biodiversitat.";"";vacarisses-PROP-2020-11-6263;"";"";"";0;0;"";0;0;6;2020-11-05 11:43:10 +0100;http://decidim-vacarisses.diba.cat/processes/pressupostos-participatius-20-21/f/1257/proposals/6263;"";"";false;;
6262;;"";"";"";;"";"";"";282;http://decidim-vacarisses.diba.cat/processes/pressupostos-participatius-20-21?participatory_process_slug=pressupostos-participatius-20-21;1257;Recuperació conreu olivera;"Recuperació per part de l'ajuntament del conreu de l'olivera per incentivar a d'altres emprenedors. Arrendar terres o en terrenys propis per plantar oliveres i produir oli.
Recuperar terreny agrari. Producció local i recuperació de terrenys abandonats. Afavorir la biodiversitat.";withdrawn;vacarisses-PROP-2020-11-6262;"";"";"";0;0;"";0;0;5;2020-11-05 11:36:29 +0100;http://decidim-vacarisses.diba.cat/processes/pressupostos-participatius-20-21/f/1257/proposals/6262;"";"";false;;
6260;;"";"";"";;"";"";"";282;http://decidim-vacarisses.diba.cat/processes/pressupostos-participatius-20-21?participatory_process_slug=pressupostos-participatius-20-21;1257;Habitatge social;Possibilitat de construcció i/o lloguer d'habitatges socials per a famílies amb pocs ingressos.;"";vacarisses-PROP-2020-11-6260;"";"";"";0;0;"";0;0;5;2020-11-05 11:22:36 +0100;http://decidim-vacarisses.diba.cat/processes/pressupostos-participatius-20-21/f/1257/proposals/6260;"";"";false;;
6256;;"";"";"";;"";"";"";282;http://decidim-vacarisses.diba.cat/processes/pressupostos-participatius-20-21?participatory_process_slug=pressupostos-participatius-20-21;1257;Vacarisses neta (carrers, voreres, boscos...);Netejar i mantenir nets els carrers, voreres i boscos de les diferents urbanitzacions.;"";vacarisses-PROP-2020-11-6256;"";"";"";0;0;"";0;0;5;2020-11-05 11:01:17 +0100;http://decidim-vacarisses.diba.cat/processes/pressupostos-participatius-20-21/f/1257/proposals/6256;"";"";false;;
6168;;"";"";"";;"";"";"";282;http://decidim-vacarisses.diba.cat/processes/pressupostos-participatius-20-21?participatory_process_slug=pressupostos-participatius-20-21;1257;Parc Cal.listènia;"La cal·listènia és un sistema d'exercici físic en el qual l'interès està en els moviments de grups musculars, més que en la potència i l'esforç.
Habilitar un lloc per a la instal.lació al aire lliure dels mòduls necessàris per a la pràctica d'aquesta activitat.
El lloc proposat seria a l'esplanda on es troba la Font de l'Orpina
Aquest lloc te els beneficis d'estar dintre del bosc però just a la entrada/sortida de la urbanització de Can Serra i molt a prop de l'Escola Font de l'Orpina.";"";vacarisses-PROP-2020-11-6168;"";"";"";0;0;"";0;0;5;2020-11-01 19:09:33 +0100;http://decidim-vacarisses.diba.cat/processes/pressupostos-participatius-20-21/f/1257/proposals/6168;"";"";false;;
6139;;"";"";"";;"";"";"";282;http://decidim-vacarisses.diba.cat/processes/pressupostos-participatius-20-21?participatory_process_slug=pressupostos-participatius-20-21;1257;Millora de l'asignaciò de les col.lonies de gats;Considerem que actualment es insuficient l'ajuda alimentaria a les col.lonies. Cost: aumentar el actual en un 100%;"";vacarisses-PROP-2020-10-6139;"";"";"";0;0;"";0;0;5;2020-10-30 14:54:01 +0100;http://decidim-vacarisses.diba.cat/processes/pressupostos-participatius-20-21/f/1257/proposals/6139;"";"";false;;
6138;;"";"";"";;"";"";"";282;http://decidim-vacarisses.diba.cat/processes/pressupostos-participatius-20-21?participatory_process_slug=pressupostos-participatius-20-21;1257;Millora de les casetes per gossos a la deixellerìa;"Actualment hi han abeuradors normals i es buidan.
Demanem la instal.laciò dels abeuradors automatics amb toma d'aigua directa. Cost: 100 €";"";vacarisses-PROP-2020-10-6138;"";"";"";0;0;"";0;0;5;2020-10-30 14:40:18 +0100;http://decidim-vacarisses.diba.cat/processes/pressupostos-participatius-20-21/f/1257/proposals/6138;"";"";false;;
6136;;"";"";"";;"";"";"";282;http://decidim-vacarisses.diba.cat/processes/pressupostos-participatius-20-21?participatory_process_slug=pressupostos-participatius-20-21;1257;Ajuda Veterinària a persones amb dificultats econòmiques          ;Hian persones que degut a la seva situaciò econòmica, al atur etc., no poden ferse carrec del cost  veterinari per curar, vacunar, etc., als seus animals.;"";vacarisses-PROP-2020-10-6136;"";"";"";0;0;"";0;0;5;2020-10-30 13:04:43 +0100;http://decidim-vacarisses.diba.cat/processes/pressupostos-participatius-20-21/f/1257/proposals/6136;"";"";false;;
6130;;"";"";"";;"";"";"";282;http://decidim-vacarisses.diba.cat/processes/pressupostos-participatius-20-21?participatory_process_slug=pressupostos-participatius-20-21;1257;Zona d'esbarjo al bosquet de l'institut ;Col·locació de bancs i taules a la zona del bosquet de davant de l'institut perquè els alumnes i la gent en general tingui un lloc d'esbarjo.;"";vacarisses-PROP-2020-10-6130;"";"";"";0;0;"";0;0;6;2020-10-30 07:25:57 +0100;http://decidim-vacarisses.diba.cat/processes/pressupostos-participatius-20-21/f/1257/proposals/6130;"";"";false;;
6129;;"";"";"";;"";"";"";282;http://decidim-vacarisses.diba.cat/processes/pressupostos-participatius-20-21?participatory_process_slug=pressupostos-participatius-20-21;1257;Crida de compra per la instal·lació d'autoconsum solar ;"Proposta ;
A través de l'ajuntament fer una crida de compra per la instal·lació d'autoconsum solar
Amb una quantitat mínima d'instal·lacions podem Ajudar a Persones sense feina i/o instal·ladors del municipi; 
-Previ curs sobre prevenció laboral i seguretat! (no es pot tenir vertigen)
 -Curs treball instal·lació i muntatge si no ets del ram 
Sempre supervisat per persona Enginyera Titulada 
Nota: Sóc del ram i puc ajudar !";"";vacarisses-PROP-2020-10-6129;"";"";"";0;0;"";0;0;5;2020-10-30 00:04:37 +0100;http://decidim-vacarisses.diba.cat/processes/pressupostos-participatius-20-21/f/1257/proposals/6129;"";"";false;;
6128;;"";"";"";;"";"";"";282;http://decidim-vacarisses.diba.cat/processes/pressupostos-participatius-20-21?participatory_process_slug=pressupostos-participatius-20-21;1257;Projecte Instal·lació Híbrida solar/red per extracció d'aigua  Pou a Vacarisses ;"Proposta ;
 Projecte Instal·lació Híbrida solar/Red per extracció d'aigua d'un Pou a Vacarisses Extracció d'aigua aprofitant el sol i en cas extrem fer servir la Red Elèctrica/ Grup electrogen.
(El Ple Municipal  29-10-20 surt el tema que encara el Pou de Torreblanca No Funciona per la falta de Punt d'accés a la Red) No tinc cap problema per orientar si se'm facilita les dades actualitzades ( vaig treballar el seu dia  amb dades del 2010-11 POU1) 60.000€ sens ajuts";"";vacarisses-PROP-2020-10-6128;"";"";"";0;0;"";0;1;5;2020-10-29 23:48:35 +0100;http://decidim-vacarisses.diba.cat/processes/pressupostos-participatius-20-21/f/1257/proposals/6128;"";"";false;;
6123;;"";"";"";;"";"";"";282;http://decidim-vacarisses.diba.cat/processes/pressupostos-participatius-20-21?participatory_process_slug=pressupostos-participatius-20-21;1257;Millores en el servei d'autobús municipal ;"Millorar el servei d'autobús municipal,ja que hi ha parades que l'autobús no fa,com per exemple una parada a l'estació de tren tant de Torreblanca com de Canserra,per així poder-te desplaçar,també podrien posar més horaris d'autobús.
En el cas del autobús de Vacarisses a Terrassa,podrien millorar també l'horari,en especial els caps de setmana,en els que dissabte té molt poques hores i diumenge no fa servei.
Penso que l'autobús és molt necessari per la mobilitat de tots.";"";vacarisses-PROP-2020-10-6123;"";"";"";0;0;"";0;0;5;2020-10-29 16:31:39 +0100;http://decidim-vacarisses.diba.cat/processes/pressupostos-participatius-20-21/f/1257/proposals/6123;"";"";false;;
6096;;"";"";"";;"";"";"";282;http://decidim-vacarisses.diba.cat/processes/pressupostos-participatius-20-21?participatory_process_slug=pressupostos-participatius-20-21;1257;Potenciar comerços i productors locals;Degut a les restriccions de mobilitat caldria habilitar la venda ambulant i periòdica de productes de proximitat a les urbanitzacions, així com el repartiment a domicili per encàrrec. Habilitar el material, vehicles i logística necessària per a que puguin exposar i donar servei en temps de pandèmia reduïnt la concentració al nucli.;"";vacarisses-PROP-2020-10-6096;"";"";"";0;0;"";0;0;4;2020-10-26 21:58:57 +0100;http://decidim-vacarisses.diba.cat/processes/pressupostos-participatius-20-21/f/1257/proposals/6096;"";"";false;;
6094;;"";"";"";;"";"";"";282;http://decidim-vacarisses.diba.cat/processes/pressupostos-participatius-20-21?participatory_process_slug=pressupostos-participatius-20-21;1257;Web indicadors d'incidències i seguiment;"Crear incidències i fer-ne el seguiment.

Àmbits:
- Covid19: comerços i serveis actius al municipi, horari i cita prèvia.
- Abocador: episodis de pudors, calendari de tasques, estudis i la previsió de clausura.
- Serveis essencials: recompte d'incidències, talls, obres... principalment aigua i electricitat però també connexió a internet per a poder teletreballar.
- Seguretat vial: millorar la senyalització i estat amb un manteniment anual de poda, esborancs, baranes...";"";vacarisses-PROP-2020-10-6094;"";"";"";0;0;"";0;0;4;2020-10-26 21:43:45 +0100;http://decidim-vacarisses.diba.cat/processes/pressupostos-participatius-20-21/f/1257/proposals/6094;"";"";false;;
6091;;"";"";"";;"";"";"";282;http://decidim-vacarisses.diba.cat/processes/pressupostos-participatius-20-21?participatory_process_slug=pressupostos-participatius-20-21;1257;Porxo a l'entrada de l'institut;Construcció d'un porxo al carrer a l'entrada de l'institut, carrer Josep Carner nº39, perquè la gent tingui un lloc on aixoplugar-se de la pluja i el sol quan entren o surten de l'institut;"";vacarisses-PROP-2020-10-6091;"";"";"";0;0;"";0;0;6;2020-10-26 18:03:32 +0100;http://decidim-vacarisses.diba.cat/processes/pressupostos-participatius-20-21/f/1257/proposals/6091;"";"";false;;
6090;;"";"";"";;"";"";"";282;http://decidim-vacarisses.diba.cat/processes/pressupostos-participatius-20-21?participatory_process_slug=pressupostos-participatius-20-21;1257;Espai d'Interacció, esbarjo, cura i educación per a gossos i gats.;Proposem la creació d'un Espai per a animals, degudament delimitat i habilitat dins del municipi. Un espai: D'higiene (auto-rentat) i Primers Auxilis veterinaris. Lúdic, on els gossos puguin: interactuar, sociabilitar-se, córrer, jugar,  fer Agility i aprendre. Servei: Cura, protecció i Benestar Animal dels animals perduts i/o abandonats. Gestionar Adopcions Responsables d'aquests animals. Divulgar el Benestar Animal. Educació i modificació de Conductes Canines.;"";vacarisses-PROP-2020-10-6090;"";"";"";0;0;"";0;1;5;2020-10-26 16:50:03 +0100;http://decidim-vacarisses.diba.cat/processes/pressupostos-participatius-20-21/f/1257/proposals/6090;"";"";false;;
6076;;"";"";"";;"";"";"";282;http://decidim-vacarisses.diba.cat/processes/pressupostos-participatius-20-21?participatory_process_slug=pressupostos-participatius-20-21;1257;Refugis per gats de colònia (amb menjadores);"Instal·lar refugis de gats a llocs concrets on es troben totes i cadascuna de les colònies de gats de Vacarisses. Utilització de material reciclat, sostenible i adequat per donar aixopluc als gats ferals així com per poder introduïr el menjar de manera higiènica i controlada.
Informació per sensibilitzar a les persones de la importància de les colònies controlades així com el respecte. Cura per part de voluntaris acreditats per l'ajuntament.
Cost: 30.000-60.000€";"";vacarisses-PROP-2020-10-6076;"";"";"";0;0;"";0;0;5;2020-10-25 17:44:15 +0100;http://decidim-vacarisses.diba.cat/processes/pressupostos-participatius-20-21/f/1257/proposals/6076;"";"";false;;
6075;;"";"";"";;"";"";"";282;http://decidim-vacarisses.diba.cat/processes/pressupostos-participatius-20-21?participatory_process_slug=pressupostos-participatius-20-21;1257;Habilitar una zona de “socialització i joc pels gossos”;"Proposem que s'habiliti una zona plana, delimitada (doble porta d’entrada) mín. 500 m2, de sorra: un abeurador; circuït de joc i agility per a gossos amb materials reciclats i resistents(passarel·la, slalom de 10 elements, salt, salt circular, balancí, túnel, plataforma, estacada...); Paperera pels excrements; Cartell informatiu on consti la normativa d’ús, com fer els exercicis al circuït de manera adequada i conscienciació de la importància de la socialització i el joc pels gossos. 30-60.000€";"";vacarisses-PROP-2020-10-6075;"";"";"";0;0;"";0;1;6;2020-10-25 17:35:07 +0100;http://decidim-vacarisses.diba.cat/processes/pressupostos-participatius-20-21/f/1257/proposals/6075;"";"";false;;
6074;;"";"";"";;"";"";"";282;http://decidim-vacarisses.diba.cat/processes/pressupostos-participatius-20-21?participatory_process_slug=pressupostos-participatius-20-21;1257;Refugi colònies de gat;"Adequar els contenidors (vidre, cartró-paper) per tal de convertir-los en refugi per les colònies de gat, gestionades per les voluntàries municipals. 
A Vacarisses hi ha molts gats de carrer.
L'ubicació crec q s'hauria de decidir entre les voluntàries, valorant número de gats q formen la colònia.

El cost dependria del número de contenidors que es puguin adequar i si l'ajuntament disposés ja d'aquests contenidors en desús gràcies al porta a porta.";"";vacarisses-PROP-2020-10-6074;"";"";"";0;0;"";0;0;5;2020-10-25 11:26:55 +0100;http://decidim-vacarisses.diba.cat/processes/pressupostos-participatius-20-21/f/1257/proposals/6074;"";"";false;;
6062;;"";"";"";;"";"";"";282;http://decidim-vacarisses.diba.cat/processes/pressupostos-participatius-20-21?participatory_process_slug=pressupostos-participatius-20-21;1257;Camí paral·lel a la carretera dels Caus;Proposo fer un camí paral·lel a la carretera dels Caus per poder anar caminant fins el nucli. Que hi hagués una vorera per sortir a passejar d'una forma més segura.;"";vacarisses-PROP-2020-10-6062;"";"";"";0;0;"";0;0;5;2020-10-23 14:13:47 +0200;http://decidim-vacarisses.diba.cat/processes/pressupostos-participatius-20-21/f/1257/proposals/6062;"";"";false;;
6061;;"";"";"";;"";"";"";282;http://decidim-vacarisses.diba.cat/processes/pressupostos-participatius-20-21?participatory_process_slug=pressupostos-participatius-20-21;1257;Climatització i coberta de la piscina municipal;Per poder disposar de servei de piscina tot l'any i poder oferir cursos de natació per a totes les edats proposo climatitzar la piscina municipal i fer una estructura per poder tapar la piscina els mesos d'hivern.;"";vacarisses-PROP-2020-10-6061;"";"";"";0;0;"";0;0;5;2020-10-23 13:59:32 +0200;http://decidim-vacarisses.diba.cat/processes/pressupostos-participatius-20-21/f/1257/proposals/6061;"";"";false;;
6060;;"";"";"";;"";"";"";282;http://decidim-vacarisses.diba.cat/processes/pressupostos-participatius-20-21?participatory_process_slug=pressupostos-participatius-20-21;1257;Construcció d'unes pistes municipals de padel;Construcció d'unes pistes de padel de titularitat municipal per tal de poder practicar aquest esport i poder garantir l'accés a tothom.;"";vacarisses-PROP-2020-10-6060;"";"";"";0;0;"";0;0;5;2020-10-23 13:54:53 +0200;http://decidim-vacarisses.diba.cat/processes/pressupostos-participatius-20-21/f/1257/proposals/6060;"";"";false;;
6057;;"";"";"";;"";"";"";282;http://decidim-vacarisses.diba.cat/processes/pressupostos-participatius-20-21?participatory_process_slug=pressupostos-participatius-20-21;1257;Compra d'un vehicle pel transport d'aliments ;Compra d'una furgoneta adequada per anar buscar aliments al Banc d'Aliments a Barcelona i portar-los al Rebost de Vacarisses amb possibilitat de poder repartir, si cal, a domicili.;"";vacarisses-PROP-2020-10-6057;"";"";"";0;0;"";0;0;5;2020-10-23 12:30:58 +0200;http://decidim-vacarisses.diba.cat/processes/pressupostos-participatius-20-21/f/1257/proposals/6057;"";"";false;;
6049;;"";"";"";;"";"";"";282;http://decidim-vacarisses.diba.cat/processes/pressupostos-participatius-20-21?participatory_process_slug=pressupostos-participatius-20-21;1257;Construcció local ús públic Zona Municipal Colònia Gall;Creació equipament 30m2 d'ús públic a la Z. Municipal Colònia , on fer  activitats. CONSTRUCCIÓ espai amb panels sandwich o mòduls de fusta. Materials de fàcil instal·lació, estètica integrada amb  paisatge, estalvi costos , sostenible..., OBJECTIU:  desenvolupament social, cultural, esportiu, de lleure..., per promoure la integració i participació ciutadana  (joves, grans, nouvinguts... ) Espai disponible per qualsevol entitat de Vacarisses que ho necessiti. COST: Fins a 10000 Eur;"";vacarisses-PROP-2020-10-6049;"";"";"";0;0;"";0;0;5;2020-10-22 22:46:03 +0200;http://decidim-vacarisses.diba.cat/processes/pressupostos-participatius-20-21/f/1257/proposals/6049;"";"";false;;
6041;;"";"";"";;"";"";"";282;http://decidim-vacarisses.diba.cat/processes/pressupostos-participatius-20-21?participatory_process_slug=pressupostos-participatius-20-21;1257;Servei de menjador propi a l'escola;Que les escoles disposin de cuina i servei de menjador propis.;withdrawn;vacarisses-PROP-2020-10-6041;"";"";"";0;0;"";0;0;5;2020-10-22 12:53:46 +0200;http://decidim-vacarisses.diba.cat/processes/pressupostos-participatius-20-21/f/1257/proposals/6041;"";"";false;;
6040;;"";"";"";;"";"";"";282;http://decidim-vacarisses.diba.cat/processes/pressupostos-participatius-20-21?participatory_process_slug=pressupostos-participatius-20-21;1257;Construcció d'unes pistes municipals de pàdel;Construcció d'unes pistes de pàdel de titularitat municipal per tal que la gent pugui reservar i, si cal, pagar un preu adequat i poder practicar aquest esport.;withdrawn;vacarisses-PROP-2020-10-6040;"";"";"";0;0;"";0;0;5;2020-10-22 12:51:21 +0200;http://decidim-vacarisses.diba.cat/processes/pressupostos-participatius-20-21/f/1257/proposals/6040;"";"";false;;
6042;;"";"";"";;"";"";"";282;http://decidim-vacarisses.diba.cat/processes/pressupostos-participatius-20-21?participatory_process_slug=pressupostos-participatius-20-21;1257;Climatització i coberta de la piscina municipal;Climatitzar la piscina municipal i construir una estructura per tal de cobrir-la els mesos d'hivern. D'aquesta manera podríem tenir piscina tot l'any i oferir cursos de natació per a diferents edats.;withdrawn;vacarisses-PROP-2020-10-6042;"";"";"";0;0;"";0;0;5;2020-10-22 12:57:41 +0200;http://decidim-vacarisses.diba.cat/processes/pressupostos-participatius-20-21/f/1257/proposals/6042;"";"";false;;
6043;;"";"";"";;"";"";"";282;http://decidim-vacarisses.diba.cat/processes/pressupostos-participatius-20-21?participatory_process_slug=pressupostos-participatius-20-21;1257;Servei de perruqueria i podologia al Casal de la gent gran;Oferir un servei de perruqueria i podologia al Casal de la gent gran a un preu reduït. Més enllà del servei suposaria un espai de relació entre els usuaris i usuàries del Casal de la gent gran.;withdrawn;vacarisses-PROP-2020-10-6043;"";"";"";0;0;"";0;0;5;2020-10-22 13:18:53 +0200;http://decidim-vacarisses.diba.cat/processes/pressupostos-participatius-20-21/f/1257/proposals/6043;"";"";false;;
6014;;"";"";"";;"";"";"";282;http://decidim-vacarisses.diba.cat/processes/pressupostos-participatius-20-21?participatory_process_slug=pressupostos-participatius-20-21;1257;Zona Esportiva Els Caus;"La meva proposta és que al costat de la Plaça dels Caus hi hagi una pista poliesportiva amb porteries i cistelles de bàsquet ja que a la urbanització no n'hi ha cap, estaria ben ubicada, al costat a la Plaça, del Local Social i del Restaurant del Teix. 
Amb aquesta instal·lació, a part de donar un espai adequat per practicar esport als infants de la urbanització i també a la resta de Vacarisses, serà un espai enfortir les relacions entre veïns i veïnes.";withdrawn;vacarisses-PROP-2020-10-6014;"";"";"";0;0;"";0;1;4;2020-10-17 10:16:06 +0200;http://decidim-vacarisses.diba.cat/processes/pressupostos-participatius-20-21/f/1257/proposals/6014;"";"";false;;
6012;;"";"";"";;"";"";"";282;http://decidim-vacarisses.diba.cat/processes/pressupostos-participatius-20-21?participatory_process_slug=pressupostos-participatius-20-21;1257;Creació d'una àrea d'esbarjo per a gossos;"Són molts els gossos que viuen a Vacarisses i que no tenen una àrea on sortir a córrer lliurement.
M'agradaria que es destinés part dels pressupostos participatius a la creació d'un àrea on puguem treure i deixar anar als nostres gossos perquè puguin córrer lliurement, fer exercici i compartir jocs amb altres gossos. 
Crec que la creació d'una àrea d'esbarjo seria ideal per no haver d'anar fins a altres poblacions properes on sí que hi ha aquest tipus d'equipaments municipals.
Gracies.";"";vacarisses-PROP-2020-10-6012;"";"";"";0;0;"";1;0;6;2020-10-16 19:55:48 +0200;http://decidim-vacarisses.diba.cat/processes/pressupostos-participatius-20-21/f/1257/proposals/6012;"";"";false;;
6009;;"";"";"";;"";"";"";282;http://decidim-vacarisses.diba.cat/processes/pressupostos-participatius-20-21?participatory_process_slug=pressupostos-participatius-20-21;1257;Millora del camí d’accés a l’institut des de la Font de l’Orpina. Sobretot del túnel que passa per sota de l’autopista.;"Aquest recorregut és de difícil accés, sobretot si plou ja que el túnel s’inunda.
L’alumnat de l’institut prové de diferents urbanitzacions. Actualment hi ha servei d’autobús de línea però va molt ple. 
Crec que és important facilitar l’accés caminant des de Can Serra pel camí de la Font de l’Orpina perquè això milloraria i facilitaria la mobilitat dels adolescents del nostre municipi.";"";vacarisses-PROP-2020-10-6009;"";"";"";0;0;"";0;0;5;2020-10-16 06:44:04 +0200;http://decidim-vacarisses.diba.cat/processes/pressupostos-participatius-20-21/f/1257/proposals/6009;"";"";false;;
5993;;"";"";"";;"";"";"";282;http://decidim-vacarisses.diba.cat/processes/pressupostos-participatius-20-21?participatory_process_slug=pressupostos-participatius-20-21;1257;1-Soterrament cablejat il.luminació L'EIXAMPLE I 2-Substitució/eliminació bandes sonores  C/Josep Carner L'EIXAMPLE;"1- Fa anys que es va avariar el sistema (ja estava soterrat). Els cables penjen a baixa alçada entre fanal i fanal. Per seguretat convé tornar a soterrar-los
2- El carrer Josep Carner té sentit únic cap amunt, les bandes estan trencades i són obsoletes: es demana la seva substitució o eliminació";"";vacarisses-PROP-2020-10-5993;"";"";"";0;0;"";0;0;5;2020-10-08 10:41:26 +0200;http://decidim-vacarisses.diba.cat/processes/pressupostos-participatius-20-21/f/1257/proposals/5993;"";"";false;;
5991;;"";"";"";;"";"";"";282;http://decidim-vacarisses.diba.cat/processes/pressupostos-participatius-20-21?participatory_process_slug=pressupostos-participatius-20-21;1257;Control mosquit tigre ;"Que a causa de la gran plaga soferta i al ser un gran vector de contagi de malalties com el Zika, Dengue i altres ... es proposa:

El sanejament dels torrents, i aplicació de larvicides o fumigació a la primavera-estiu per controlar la seva població.";"";vacarisses-PROP-2020-10-5991;"";"";"";0;0;"";0;1;5;2020-10-07 19:31:49 +0200;http://decidim-vacarisses.diba.cat/processes/pressupostos-participatius-20-21/f/1257/proposals/5991;"";"";false;;
