id;category/id;category/name/ca;category/name/es;scope/id;scope/name/ca;scope/name/es;participatory_space/id;participatory_space/url;component/id;title;body;state;reference;supports;endorsements;comments;attachments;followers;published_at;url;meeting_urls;related_proposals
16;;"";"";16;Barri, projecte d'obres;Barrio, proyecto de obras;6;https://decidim.sabadell.cat/processes/construintsbd?participatory_process_slug=construintsbd;43;CARRERS ACCESSIBLES PER A TOTHOM;"Proposta presentada per l’AV de Can Rull
Pressupost: 100.000€

Aquest projecte pretén construir rampes en substitució  o com a complement de les escales entre els carrers de Gustavo Adolfo Bécquer i  de Sal·lusti.  Aquesta proposta facilitaria  l’accessibilitat del veïnat que presenta mobilitat reduïda o bé que es desplacen amb cotxets i carros de la compra.
";"";SBD-PROP-2017-11-16;223;0;0;0;0;2017-11-27 16:51:21 UTC;https://decidim.sabadell.cat/processes/construintsbd/f/43/proposals/16;"";""
8;;"";"";16;Barri, projecte d'obres;Barrio, proyecto de obras;6;https://decidim.sabadell.cat/processes/construintsbd?participatory_process_slug=construintsbd;43;REBAIXAR LES CANTONADES DE LES CRUÏLLES DEL BARRI DE LA CREU ALTA;"Proposta presentada per l'AV de La Creu Alta

Pressupost: 100.000€

Al barri de La Creu Alta hi ha un total de 254 cruïlles amb un total de 798 rebaixos de vorera. Cal reparar diverses cruïlles per què presenten problemes del tipus: falta rebaix, està mal ubicat,  hi ha elements que poden provocar caigudes, hi ha més d’un rebaix i cal unificar-los etc.

Aquest projecte pretén millorar l’accessibilitat i la mobilitat al barri de La Creu Alta i fer-lo més accessible a tota la ciutadania i sobre tot a la de mobilitat reduïda. 
Per portar-lo a terme caldrà reparar les cruïlles de les voreres per fer-les més accessibles. 
";"";SBD-PROP-2017-11-8;271;1;0;0;2;2017-11-08 12:14:11 UTC;https://decidim.sabadell.cat/processes/construintsbd/f/43/proposals/8;"";""
18;;"";"";16;Barri, projecte d'obres;Barrio, proyecto de obras;6;https://decidim.sabadell.cat/processes/construintsbd?participatory_process_slug=construintsbd;43;RENOVACIÓ I MILLORA DEL PATI I PISTA COBERTA DE L’ESCOLA JOANOT ALISANDA;"Proposta presentada per l’ Escola i AMPA Joanot Alisanda
Pressupost: 75.500 €

Els espais del pati i la pista coberta són molt necessaris per al desenvolupament dels projectes de l’escola, de l’AMPA i del barri (el nostre centre està dins del projecte de “Patis Oberts”) El ferm dels dos espais és d’origen (any 1983) i està arribant al final de la seva vida útil. Per tant, cal una intervenció per millorar-los.

Detall de les propostes a portar a terme:
Millora del ferm de la pista exterior reparant esquerdes, anivellant la superfície i col·locant un  paviment adient per  a desenvolupar activitats esportives en general.
Creació de nous espais lúdics alternatius a l’ús de la pilota com zones de joc simbòlic o de conversa per atendre la diversitat d’interessos dels infants.
Nou paviment per a la pista coberta. Es col·locarà un terra sintètic adient per desenvolupar activitats esportives.
";accepted;SBD-PROP-2017-11-18;672;1;0;0;19;2017-11-27 17:00:11 UTC;https://decidim.sabadell.cat/processes/construintsbd/f/43/proposals/18;"";""
23;;"";"";19;Ciutat, projecte d'obres;Ciudad, proyecto de obras;6;https://decidim.sabadell.cat/processes/construintsbd?participatory_process_slug=construintsbd;43;PERSIANES AMUNT PER DONAR LLUM I AJUDAR A NENS I NENES AMB AUTISME;"Proposta presentada per l’ Associació obrir-se al món
Pressupost: 4.500 €

Aquest projecte està orientat a atendre millor als nens i nenes amb autisme de la nostra entitat. És per aquest motiu que necessitem posar persianes a les finestres del nostre local  per evitar la calor sufocant a l’estiu i el fred intens a l’hivern.  Aquesta mesura ens comportarà un gran estalvi energètic que ens farà més sostenibles, coherents i respectuosos amb el medi ambient. 

També necessitem fer el canvi de lluminària a làmpades LED. El motiu principal és per millorar  l’atenció dels nostres usuaris que és molt sensible a les oscil·lacions de llum fluorescent. En  alguns casos s’ha demostrat que la llum de fluorescent pot provocar epilèpsia i/o angoixa per hipersensibilitat. Amb aquest canvi seguiríem treballant en la línia de l’estalvi energètic i el respecte al medi ambient. 

Ens ajudes? Dóna’ns el teu suport!
";accepted;SBD-PROP-2017-11-23;498;0;0;0;7;2017-11-28 10:57:22 UTC;https://decidim.sabadell.cat/processes/construintsbd/f/43/proposals/23;"";""
9;;"";"";19;Ciutat, projecte d'obres;Ciudad, proyecto de obras;6;https://decidim.sabadell.cat/processes/construintsbd?participatory_process_slug=construintsbd;43;CAMINS AL PARC DE CAN RIMBLES;"Proposta presentada per l'AV de Sant Oleguer i Sol i Padrís

Pressupost: 100.000€

Aquest projecte pretén reconvertir la zona de Can Rimbles en parc urbà centrat en l'esport a l’aire lliure per vinculació als equipaments esportius que ja hi ha a la zona. Aquesta és una proposta per preservar  aquest parc com a patrimoni cultural i natural de la ciutat.
El nostre projecte es centra en la primera fase i consisteix en l’adequació del vial principal d’aquesta zona.
";"";SBD-PROP-2017-11-9;308;0;0;0;12;2017-11-08 12:24:11 UTC;https://decidim.sabadell.cat/processes/construintsbd/f/43/proposals/9;"";""
19;;"";"";16;Barri, projecte d'obres;Barrio, proyecto de obras;6;https://decidim.sabadell.cat/processes/construintsbd?participatory_process_slug=construintsbd;43;ENTRE EL DINS I EL FORA. EL PATI, UN ESPAI EDUCATIU MÉS A L’ESCOLA ALCALDE MARCET (CAN PUIGGENER);"Proposta presentada per l’Escola Alcalde Marcet
Pressupost: 45.000 €

Aquest projecte és fruit d’un treball de reflexió que vàrem portar a terme a la nostra escola durant el curs 2016-2017. Va ser un treball d’observació  en el que van participar mestres i infants  per copsar i definir els interessos i les necessitats. La nostra escola té un pati amb moltes possibilitats però està desaprofitat per manca de recursos. El material que detallarem és natural i té un clar objectiu lúdic, didàctic i pedagògic. Propostes:

1.	Al pati de cicle infantil: espai per fer joc simbòlic amb sorral i cuinetes  fetes en fusta.
2.	Al pati de davant del menjador: espai de repòs i per  fer jocs de taula amb paviment de cautxú  i 4 taules de fusta amb els bancs incorporats.
3.	A les pistes esportives i el talús: espai de trobada amb troncs posats en rotllana i jardí aromàtic amb sistema de reg i proteccions adients.
4.	Pati del darrere: espai de joc simbòlic i estructura sonora amb cabanes tipus “tipi”  i estructura per desenvolupar el joc sonor de percussió.
5.	Pati interior: espai de la calma amb una pèrgola o estructura lleugera mòbil amb teles i tensors per crear zona d’ombra i descans.
6.	Pati lateral: instal·lació d’una estructura de joc per enfilar-se i potenciar el moviment lliure.
Aquesta intervenció serà molt profitosa tant per a la comunitat educativa, com per al mateix barri, ja que la nostra escola també s’utilitza per a la programació de Casals d’Estiu i per a les activitats del Pla Educatiu d’Entorn.
";accepted;SBD-PROP-2017-11-19;318;0;0;0;3;2017-11-27 17:03:36 UTC;https://decidim.sabadell.cat/processes/construintsbd/f/43/proposals/19;"";""
36;;"";"";17;Ciutat, projecte social;Ciudad, proyecto social;6;https://decidim.sabadell.cat/processes/construintsbd?participatory_process_slug=construintsbd;43;ENFEINAT! PROJECTE PER A LA MILLORA DE L’OCUPACIÓ DELS JOVES;"Proposta presentada per l’Associació Juvenil Esquitx
Pressupost: 48.000€

Aquest projecte vol millorar l’ocupabilitat dels joves en situació de vulnerabilitat a través de l’acompanyament socioeducatiu i d’una formació variada, innovadora i molt vivencial. Permetrà donar eines als joves per millorar la seva situació, generant noves oportunitats.

El projecte consta de diferents fases, des de la captació dels 60 joves de 16 a 25 anys en situació de vulnerabilitat, que no estiguin treballant ni estudiant, la realització d’una formació transversal becada de 180 hores, planificació d’un itinerari personalitzat per cada jove, una formació especialitzada/específica becada (monitor de lleure, mecànic de bicicletes, disseny de pàgines web i curs d’Hosteleria) i una fase final d’inserció ocupacional en la que es valorarà tant el retorn al sistema educatiu, com la inserció laboral.

";accepted;SBD-PROP-2017-11-36;349;2;0;0;7;2017-11-29 08:40:30 UTC;https://decidim.sabadell.cat/processes/construintsbd/f/43/proposals/36;"";""
6;;"";"";16;Barri, projecte d'obres;Barrio, proyecto de obras;6;https://decidim.sabadell.cat/processes/construintsbd?participatory_process_slug=construintsbd;43;LA PLAÇA DEL TREBALL – UN ESPAI DE LLEURE PER A TOTHOM;"Proposta presentada per l'Agrupació de Veïns de Gràcia

Pressupost: 100.000€

La plaça del Treball acull una gran diversitat de veïns i veïnes amb diferents necessitats de lleure que no troben resposta a les instal·lacions actuals de la plaça.  Per això, proposem remodelar els espais de la plaça del Treball ampliant l’àrea de jocs infantils,  instal·lant un circuit saludable. D’aquesta manera, els veïns i veïnes podran compartir i gaudir plegats del temps lliure.

Ampliar l’àrea de jocs infantils i crear zones adaptades a les diferents edats: de 0 a 5 anys: caseta, sorral amb excavadora, tobogan petit i gronxadors amb bancs pels acompanyants. De 6 a 12 anys:  tirolina, gronxadors, estructures multijocs amb tobogans, estructura d’escalada, dos gronxadors hamaca, una molla per infants amb discapacitat i una font d’aigua. Canvi del terra de seguretat.

Instal·lar un circuit saludable per augmentar la qualitat de vida: estructura workout pels més esportistes  i aparells gimnàstics per a la gent gran i per a qualsevol edat.
";"";SBD-PROP-2017-11-6;542;1;0;0;26;2017-11-08 11:47:41 UTC;https://decidim.sabadell.cat/processes/construintsbd/f/43/proposals/6;"";""
35;;"";"";17;Ciutat, projecte social;Ciudad, proyecto social;6;https://decidim.sabadell.cat/processes/construintsbd?participatory_process_slug=construintsbd;43;ELS MEUS AMICS;"Proposta presentada per l’associació VIU-LA
Pressupost: 16.803,36 €

L’Associació VIU-LA ha presentat un projecte que consta d’un programa d’activitats de lleure per a joves entre 16 i 21 anys amb discapacitat, de respir i de suport a les seves famílies. El programa contempla casal de Nadal i Setmana Santa, així com sortides de caps de setmana durant l’any i un grup de suport a famílies.
";accepted;SBD-PROP-2017-11-35;257;0;0;0;6;2017-11-29 08:38:51 UTC;https://decidim.sabadell.cat/processes/construintsbd/f/43/proposals/35;"";""
12;;"";"";16;Barri, projecte d'obres;Barrio, proyecto de obras;6;https://decidim.sabadell.cat/processes/construintsbd?participatory_process_slug=construintsbd;43;PACIFICACIÓ DEL TRÀNSIT I MILLORA DEL CAMÍ ESCOLAR DAVANT DEL C.E SERRA;"Proposta presentada per la ciutadania

Pressupost: 100.000€

Obres de millora de la vorera del carrer Pérez Moya, entre els carrers Santiago Rusiñol i Saboneria.
Aquest projecte pretén millorar  la mobilitat del carrer Pérez Moya, tram comprès entre el carrer Santiago Rusiñol i Saboneria, donant més protagonisme al vianant envers el vehicle, augmentant la seva accessibilitat i la seva seguretat. ";accepted;SBD-PROP-2017-11-12;767;1;0;0;16;2017-11-09 16:40:14 UTC;https://decidim.sabadell.cat/processes/construintsbd/f/43/proposals/12;"";""
11;;"";"";16;Barri, projecte d'obres;Barrio, proyecto de obras;6;https://decidim.sabadell.cat/processes/construintsbd?participatory_process_slug=construintsbd;43;ADEQUACIÓ I MILLORA DE L’ENTORN DE L’ESCOLA PAU CASALS;"Proposta presentada per l'AMPA Escola Pau Casals

Pressupost: 100.000€

El projecte pretén condicionar l'espai verd triangular que hi ha a la cruïlla dels carrers Atlanta i Mauritània, delimitat per xiprers, i que presenta un terreny interior molt degradat i sense cap ús. 

La proposta inclou: d’una banda, treure els xiprers, pavimentar tot l’espai al nivell de les voreres , posar una barana en forma de L que delimiti una part de l'espai en l'angle cap als carrers Atlanta i Mauritània, en la línia de circulació de les voreres (proposem que sigui del tipus que hi ha enfront: duradora, de nul manteniment i amb una coherència estètica), posar els màxims bancs possibles per afavorir un lloc de descans en la pujada i d'espera de la sortida dels nens de l'escola, posar una paperera, una font i plantar 3 arbres.

I de l’altra, crear un parc infantil a l'espai verd a sota del carrer Mauritània i en línia amb l'espai verd triangular de dalt, amb millora dels accessos, més il·luminació, bancs, una font i una paperera. El parc infantil podria incloure gronxadors, tobogan, una caseta de fusta, una piràmide de cordes etc.
";"";SBD-PROP-2017-11-11;520;0;0;0;18;2017-11-08 12:41:32 UTC;https://decidim.sabadell.cat/processes/construintsbd/f/43/proposals/11;"";""
10;;"";"";19;Ciutat, projecte d'obres;Ciudad, proyecto de obras;6;https://decidim.sabadell.cat/processes/construintsbd?participatory_process_slug=construintsbd;43;MILLORA DEL CAMÍ ESCOLAR A LA ZONA ALTA DEL BARRI DE LA CONCÒRDIA D’ACCÉS A L’ESCOLA PAU CASALS I CAP A CAN RULL I CONDICIONAMENT DE L’ENTORN NATURAL;"Proposta presentada per l'AV de la Concòrdia

Pressupost: 100.000€

Millorar els camins de la circulació de ciutadans entre els dos espais verds que hi ha entre la Via Aurèlia i el carrer de Mauritània. 

Aquesta millora ha d'incloure la instal·lació de bancs, una barana per pal·liar el desnivell i l’enllumenat adient. Caldrà reparar les escales de pujada de Via Aurèlia a Mauritània i contemplar una rampa per afavorir la circulació amb carros de compra, cotxets i cadires de rodes amb un disseny que dissuadeixi la canalla de practicar activitats de risc d'accident. Aquest projecte inclourà un espai delimitat i condicionat per als gossos. El pressupost prioritzarà la circulació dels ciutadans i ciutadanes.
";accepted;SBD-PROP-2017-11-10;485;1;0;0;6;2017-11-08 12:33:16 UTC;https://decidim.sabadell.cat/processes/construintsbd/f/43/proposals/10;"";""
13;;"";"";19;Ciutat, projecte d'obres;Ciudad, proyecto de obras;6;https://decidim.sabadell.cat/processes/construintsbd?participatory_process_slug=construintsbd;43;VINE A JUGAR AMB ATENDIS A CAN ROQUETA!;"Proposta presentada per la Fundació Privada Atendis

Pressupost: 100.000€

Adequació dels voltants de la Masia de Can Roqueta (al polígon industrial de Can Roqueta) on es troba la seu social de la Fundació Atendis, que treballa des de 1963 per atendre les necessitats de persones amb discapacitat intel·lectual.

La rehabilitació d’aquest espai públic serà un benefici per al veïnat de Can Roqueta, Torre-Romeu , els usuaris de la residència i de la fundació Atendis.

La proposta inclou millores i adaptacions de l’entorn com: eliminar barreres arquitectòniques, adequació de l'espai del camp de futbol i el de bàsquet, millorar la protecció del perímetre del camp de futbol i posar bancs.

Amb aquesta millora, la nostra entitat podria desenvolupar activitats d’esport adaptat amb el nostres usuaris. Cal tenir present que no tenim equipaments esportius a prop, que els nostres usuaris tenen grans dificultats motrius (això dificulta el trasllat en transport públic) i la nostra entitat no disposa de vehicles adaptats per a tots els usuaris.


";"";SBD-PROP-2017-11-13;152;0;0;0;13;2017-11-09 16:54:42 UTC;https://decidim.sabadell.cat/processes/construintsbd/f/43/proposals/13;"";""
14;;"";"";19;Ciutat, projecte d'obres;Ciudad, proyecto de obras;6;https://decidim.sabadell.cat/processes/construintsbd?participatory_process_slug=construintsbd;43;RODAR A LA CIUTAT. PISTA DE PATINATGE SOBRE RODES, RAMPES PER MONOPATINS, PATINETS I PATINS A LA ZONA DE CAN LLONG I CASTELLARNAU;"Proposta presentada per la ciutadania
Pressupost: 100.000 €

Aquest projecte pretén donar utilitat a una zona de la ciutat molt àmplia per fer esport a l’aire lliure.
Adequar l'espai cimentat que hi ha entre Can Llong i Castellarnau, al carrer Sarajevo, i convertir-lo en una zona d’oci per poder rodar amb monopatins, patins i patinets adequat a diferents edats.

Can Llong i a Castellarnau compten amb una àmplia població de famílies joves que tenen infants petits i adolescents. Es constata que a la ciutat no hi ha un espai gran destinat a rodar (a excepció del Parc Catalunya) i aquest podria ser un projecte molt interessant per al barri i, per la seva ubicació i connexió, també per a la ciutat. Cal buscar un espai adequat per poder portar a terme aquesta pràctica i evitar que es faci a qualsevol indret i així protegir el mobiliari urbà públic.

La proposta inclou posar un paviment llis de color atractiu i la construcció de diferents rampes per fer un itinerari  per monopatins, patins i patinets.

";"";SBD-PROP-2017-11-14;225;0;0;0;7;2017-11-27 16:40:07 UTC;https://decidim.sabadell.cat/processes/construintsbd/f/43/proposals/14;"";""
7;;"";"";16;Barri, projecte d'obres;Barrio, proyecto de obras;6;https://decidim.sabadell.cat/processes/construintsbd?participatory_process_slug=construintsbd;43;MULTIESPORTS AL PARC DE POBLENOU;"Proposta presentada per l'AV del Poblenou de la Salut 

Pressupost: 35.000€

El barri del Poblenou no disposa d’espais per fer esport. Creiem que aquests espais a més d’afavorir la salut dels veïns i veïnes, afavoriria l’esperit d’equip i la cohesió social al barri. Per això, proposem habilitar diferents espais del barri perquè els veïns i veïnes i sobre tot, els joves i la gent gran, hi puguin practicar esport. 

Volem aprofitar els parcs infantils i les diferents places del barri per instal·lar elements esportius com p.e. taules de tennis taula i cistelles de bàsquet.  Però també volem fer un nou parc de salut a la zona alta del barri que podrà utilitzar la gent gran amb dificultats per desplaçar-se fins al parc que hi ha a la zona de baix.

";"";SBD-PROP-2017-11-7;90;1;0;0;3;2017-11-08 11:54:09 UTC;https://decidim.sabadell.cat/processes/construintsbd/f/43/proposals/7;"";""
17;;"";"";16;Barri, projecte d'obres;Barrio, proyecto de obras;6;https://decidim.sabadell.cat/processes/construintsbd?participatory_process_slug=construintsbd;43;REFORMAR LA SALA D’ACTIVITATS DE L’ASSOCIACIÓ DE VEÏNS DE SANT JULIÀ;"Proposta presentada per l’AV Sant Julià
Pressupost: 15.000 €

Aquest projecte pretén reformar la sala d’activitats de la nostra associació. El terra està en mal estat i volem canviar-lo i col·locar parquet. Incorporació de paviment de fusta a la sala gran i escenari.
";"";SBD-PROP-2017-11-17;71;0;0;0;1;2017-11-27 16:56:11 UTC;https://decidim.sabadell.cat/processes/construintsbd/f/43/proposals/17;"";""
15;;"";"";16;Barri, projecte d'obres;Barrio, proyecto de obras;6;https://decidim.sabadell.cat/processes/construintsbd?participatory_process_slug=construintsbd;43;MILLORA DE L’EQUIPAMENT CULTURAL I DE LLEURE AL BARRI DE LA CONCÒRDIA;"Proposta presentada per la CAE La Llar del Vent
Pressupost 100.000 € 

La promoció de la cultura i l’educació en el lleure és molt important per al desenvolupament d’infants, joves i adults del barri.

Disposar d’un equipament amb bones condicions i els estàndards actuals de confort i sostenibilitat és un requeriment imprescindible per al desenvolupament dels projectes de les entitats del barri.

Aquest projecte  preveu crear un nou edifici per allotjar les activitats culturals i de lleure del barri i/o que alhora serveixin com a oficines de les mateixes entitats culturals.

Aquest edifici es preveu realitzar-lo en construcció prefabricada i integrat al bosc de la Concòrdia .

";accepted;SBD-PROP-2017-11-15;705;0;0;0;21;2017-11-27 16:45:36 UTC;https://decidim.sabadell.cat/processes/construintsbd/f/43/proposals/15;"";""
20;;"";"";16;Barri, projecte d'obres;Barrio, proyecto de obras;6;https://decidim.sabadell.cat/processes/construintsbd?participatory_process_slug=construintsbd;43;URBANITZACIÓ I MILLORA DE LA PLAÇA SITUADA ENTRE ELS CARRERS PENEDÈS I MOIANÈS;"Proposta presentada per l’AV de Ca n’Oriac
Pressupost: 100.000 €

Al barri de Ca n’Oriac hi ha una plaça actualment sense nom, situada entre el carrer del Penedès i el carrer del Moianès. Volem urbanitzar-la, perquè els veïns i les veïnes la puguin utilitzar i en puguin gaudir i, instal·lar un element artístic al·legòric a la figura del senyor Patricio Peñalver amb l’assessorament del Museu d’Art de Sabadell, el Servei de Cultura i el Servei de Patrimoni.

El senyor Patricio Peñalver va ser un activista molt conegut i estimat al barri. Emigrant que va arribar de Murcia el 1952. Va  ser el primer homosexual declarat públicament de Sabadell.  Va lluitar perquè el consistori recolzés el reconeixement del moviment homosexual i la legalització de Lesbianes i Gays,  cosa que es va obtenir al 1980. Es va distingir per la seva faceta social i va lluitar per les llibertats individuals i col·lectives.  Persona integradora i sensible als problemes socials que l’envoltaven.  Va ser president de l’Associació de Veïns de Ca n’Oriac des del 1983 al 1984. Militant del P.S.U.C. a la clandestinitat amb el doble risc per militància comunista i per homosexualitat. Va arribar a ser el màxim representant del Front d’Alliberament Gay de Catalunya a la nostra ciutat.
";"";SBD-PROP-2017-11-20;103;0;0;0;2;2017-11-27 17:07:42 UTC;https://decidim.sabadell.cat/processes/construintsbd/f/43/proposals/20;"";""
21;;"";"";16;Barri, projecte d'obres;Barrio, proyecto de obras;6;https://decidim.sabadell.cat/processes/construintsbd?participatory_process_slug=construintsbd;43;PROJECTE DE REMODELACIÓ DEL CARRER DE FRA JUNÍPER SERRA EN ESPAI D’ESTADA;"Proposta presentada per l’AV de la Creu de Barberà
Pressupost: 100.000€

El carrer Fra Juníper Serra presenta un estat deteriorat tant de voreres com de calçada. Aquest projecte pretén remodelar aquest carrer secundari de circulació i convertir-lo en una zona més segura i més accessible. 

El projecte proposa ampliació de voreres i remodelació integral de la calçada així com de pacificació del trànsit rodat. Amb aquesta intervenció es milloraria la mobilitat d’aquest carrer així com la connexió amb el CAP i el centre cívic del barri.
";"";SBD-PROP-2017-11-21;91;0;0;0;3;2017-11-27 17:13:30 UTC;https://decidim.sabadell.cat/processes/construintsbd/f/43/proposals/21;"";""
22;;"";"";16;Barri, projecte d'obres;Barrio, proyecto de obras;6;https://decidim.sabadell.cat/processes/construintsbd?participatory_process_slug=construintsbd;43;ESPAI TIBI;"Proposta presentada per la Unión Deportiva Tibidabo Torre Romeu
Pressupost: 100.000 €

Instal·lar una zona coberta i d’estada al lateral del bar i una zona de seients pel públic a les instal·lacions del club de futbol de la UD Tibidabo Torre Romeu.
";"";SBD-PROP-2017-11-22;36;0;0;0;2;2017-11-27 17:17:20 UTC;https://decidim.sabadell.cat/processes/construintsbd/f/43/proposals/22;"";""
29;;"";"";17;Ciutat, projecte social;Ciudad, proyecto social;6;https://decidim.sabadell.cat/processes/construintsbd?participatory_process_slug=construintsbd;43;FEM PINYA AMB ELS JOVES, DONEM PIT ALS BARRIS;"Proposta presentada pels Castellers de Sabadell
Pressupost: 74.460 €

Aquest projecte planteja activitats per al desenvolupament de competències i habilitats mitjançant el treball de la pràctica i els valors castellers, adreçades al jovent dels 5 Espais Joves i 13 Centres de Secundària  de la ciutat. 
Els objectius són: la millora de les competències personals i socials bàsiques, apropant els i les joves de la ciutat al fet casteller i donant l’oportunitat de descobrir un nou model de lleure mitjançant la cultura i el lleure educatiu, el treball dels conceptes i competències bàsiques de la cultura emprenedora, l’apropament de la xarxa de recursos associatius i comunitaris com a recurs de relació i inclusió social i provocar un canvi en la percepció de l’entorn de les persones joves i la relació amb ell.
La durada és d’un any i s’estructura en tres fases:
1.- Planificació i programació de tots els àmbits del projecte. Treball amb els equips tècnics dels 5 Espais Joves i amb els equips directius dels 13 Centres de Secundària. 
2. Realització de les activitats als Espais Joves: primer d’apropament, per aprofundir en competències personals per a enfortir la comunicació, l’empatia, el respecte a la diferència, etc. i complementàriament l’aproximació a l’aprenentatge de la “tècnica castellera”. Es calcula  poder realitzar entre dos i tres activitats trimestrals durant tot el 2018 per cada Espai Jove.
3.- Realització de les activitats als Centres de Secundària,  a l’últim trimestre del 2018 i dos nivells d’intervenció: una més generalista centrada en  materials expositius (Castelloscopi, fotografia castellera, etc.) i un segon nivell de foment de la formació d’una colla castellera per centre ( alumnes de 3r o 4t d’ESO) per participar en la “Mostra de Castells de Secundària de Sabadell”. Estimació de 5/6 sessions per cada centre.
";accepted;SBD-PROP-2017-11-29;255;0;0;0;7;2017-11-28 13:03:39 UTC;https://decidim.sabadell.cat/processes/construintsbd/f/43/proposals/29;"";""
24;;"";"";16;Barri, projecte d'obres;Barrio, proyecto de obras;6;https://decidim.sabadell.cat/processes/construintsbd?participatory_process_slug=construintsbd;43;WINTER IS COMING: MILLORA DEL CONFORT I EFICIÈNCIA ENERGÈTICA PER L’ESPLAI;"Proposta presentada pel Grup d'Esplai La Masia de Sabadell
Pressupost: 40.450 €

L’esplai La Masia està ubicat en el barri de Can Rull, en un local dels baixos d’un bloc d’habitatges. L’antiguitat del local fa que sigui necessari millorar-ne els aspectes de confort i eficiència energètica per poder portar a terme en les condicions adequades, els projectes d’educació i lleure que fa 26 anys que s’estan desenvolupant al barri.

Les actuacions plantejades són:

-Millora de l’aïllament tèrmic de les façanes
-Millora de l’acabat superficial del paviment amb pintures especials
-Adequació del sostre
";"";SBD-PROP-2017-11-24;146;0;0;0;2;2017-11-28 11:03:49 UTC;https://decidim.sabadell.cat/processes/construintsbd/f/43/proposals/24;"";""
25;;"";"";17;Ciutat, projecte social;Ciudad, proyecto social;6;https://decidim.sabadell.cat/processes/construintsbd?participatory_process_slug=construintsbd;43;DIÀLEG INTERRELIGIÓS, FACTOR DE CONVIVÈNCIA;"Proposta presentada per l’Associació Diàleg Interreligiós Sabadell
Pressupost: 2.000 €


En l’entorn social multicultural en el que vivim, el diàleg interreligiós proporciona vies de comunicació entre les diverses comunitats que sovint viuen aïllades. El diàleg, la comunicació i el reconeixement de les diverses identitats són instrument de convivència enriquidora, de benestar i de pau per al conjunt de la població de la ciutat.

El projecte pretén millorar quantitativament les activitats de l’Associació, com són la Trobada Interreligiosa de Sabadell i la conferència pública que es celebra en el marc de la Jornada de Portes Obertes als Centres de culte. Es vol poder comptar amb la participació de ponents de reconegut nivell cultural i social.

Un altre objectiu és millorar la comunicació digital de les activitats de l’Associació, tant el seu butlletí periòdic “la Circular” com la divulgació dels actes de la mateixa. Ambdues eines faciliten la cohesió social.
";"";SBD-PROP-2017-11-25;47;0;0;0;1;2017-11-28 11:34:29 UTC;https://decidim.sabadell.cat/processes/construintsbd/f/43/proposals/25;"";""
27;;"";"";17;Ciutat, projecte social;Ciudad, proyecto social;6;https://decidim.sabadell.cat/processes/construintsbd?participatory_process_slug=construintsbd;43;EDUCACIÓ EN L’EMPATIA;"Proposta presentada per l’Associació Animalista Libera
Pressupost: 75.249,55 €

“Educar en l’empatia és prevenir la violència”

Diferents estudis científics demostren la connexió entre la violència en vers els humans amb la dels animals. Ascione i Arkow (1999) van suggerir que alguns adolescent que han patit maltractaments fan actes de crueltat contra els animals per tal d’exercir el seu poder sobre una víctima més dèbil i experimentar així sensacions de domini i control. Un estudi amb menors d’entre 5 i 7 anys mostra que els nens i adolescents exposats a violència domèstica són tres vegades més propensos a maltractar animals que els no exposats.

En el mateix sentit, però canviant l’ordre dels factors causals, diferents estudis demostren que una educació forjada en l’empatia en vers els animals revertirà en comportaments pro socials i en reducció del bulling escolar.

Amb aquesta iniciativa LIBERA! Vol acostar aquests continguts a la comunitat educativa de Sabadell. Proposa programes que han sigut exitosos en d’altres latituds: xerrades a escoles i a espais per l’educació no formal. Tot això amb l’objectiu d’obtenir una millor convivència entre humans i animals i una societat més pacífica forjada en valors de cooperació, protecció i ajuda mútua.

";accepted;SBD-PROP-2017-11-27;348;0;0;0;19;2017-11-28 12:59:43 UTC;https://decidim.sabadell.cat/processes/construintsbd/f/43/proposals/27;"";""
28;;"";"";17;Ciutat, projecte social;Ciudad, proyecto social;6;https://decidim.sabadell.cat/processes/construintsbd?participatory_process_slug=construintsbd;43;CA L’ENREDUS;"Proposta presentada per Actuavallès
Pressupost: 35.000 €

Ca l’Enredus vol ser un espai per a les persones LGTBIQ+ (lesbianes, gais, trans, bisexuals, intersexuals, queer) i els seus familiars i amistats. Es planteja com un projecte d’atenció integral, un servei complementari a l’àrea de gènere, feminismes i LGTBI de l’Ajuntament i com una necessitat detectada pel propi col·lectiu arrel de la inexistència d’espais que aportin accions de caràcter formatiu, acompanyament, assessorament, sensibilització... des de les vivències personals i l’acceptació incondicional.

El projecte consta de dos àmbits:

Àmbit grupal: espais grupals constituïts des de les persones que hi participen i en funció dels seus interessos. Cada grup específic s’organitzarà al voltant de la voluntat de crear un espai de socialització amb un clima còmode, afectiu, de protecció i recolzament incondicional, on es puguin abordar els reptes del processos personals de les persones que en formen part i facilitin la incorporació i l’aprenentatge, compartit entre el grup d’iguals.

Àmbit de sensibilització: inclou una línia de recol·lecció de documents, recursos, dades i diagnosi, relatives a la situació del col·lectiu esmentat i, una altra línia d’accions de sensibilització dirigides a la població general i, especialment, a centres educatius (campanyes, tallers, cinefòrums...)

";accepted;SBD-PROP-2017-11-28;140;0;0;0;3;2017-11-28 13:01:41 UTC;https://decidim.sabadell.cat/processes/construintsbd/f/43/proposals/28;"";""
26;;"";"";17;Ciutat, projecte social;Ciudad, proyecto social;6;https://decidim.sabadell.cat/processes/construintsbd?participatory_process_slug=construintsbd;43;CANTAGRANS SABADELL;"Proposta presentada per la Coordinadora Casals de Gent Gran de Sabadell
Pressupost: 17.000 € 

Aquest projecte està adreçat a totes aquelles persones vinculades a agrupacions cantaires de gent gran de Sabadell, aproximadament unes 300 persones.

Es vol mostrar el paper actiu en la societat de la gent gran fent una macro cantada conjunta de totes les agrupacions cantaires de gent gran, amb col·laboració de músics i directors professionals de l’auditori de Barcelona i amb una proposta musical inèdita creada expressament per al projecte. Aquesta cantada es portaria a terme a un teatre municipal i seria oberta a tota la ciutat.
";accepted;SBD-PROP-2017-11-26;66;0;0;0;0;2017-11-28 12:49:16 UTC;https://decidim.sabadell.cat/processes/construintsbd/f/43/proposals/26;"";""
34;;"";"";17;Ciutat, projecte social;Ciudad, proyecto social;6;https://decidim.sabadell.cat/processes/construintsbd?participatory_process_slug=construintsbd;43;ENERGIES COMPARTIDES;"Proposta presentada pel Banc d’Energia
Pressupost: 51.602 €

Impulsar un banc d'energia local, amb dos objectius. Per una banda treballar l’estalvi i l’eficiència energètica entre la ciutadania i promoure l’estalvi solidari. Per una altra treballar la fase de prevenció activa de la vulnerabilitat per pobresa energètica en famílies en risc a través dels joves i adolescents de les pròpies famílies. La metodologia emprada es basarà en l’apoderament i l’acompanyament dels participants i la motivació per l’estalvi i l’eficiència energètica a través de tallers de fabricació digital potenciant la vessant lúdica.

Activitats proposades:
1.	Tallers d’apoderament energètic per joves i adolescents en situació de vulnerabilitat. Són tallers de fabricació digital de mesuradors de consum i de dades ambientals i de formació i apoderament respecte la factura, hàbits de consum i estalvi.
2.	Seguiment i acompanyament dels joves participants en els tallers.
3.	Tallers d’apoderament energètic per a la ciutadania en general. Fabricació de mesuradors de consum i de dades ambientals i us de l’aplicatiu d’estalvi.
4.	Posada en marxa de l’aplicatiu de la web del Banc d’energia.
5.	Obertura d’un Punt d’Informació Energètic.";accepted;SBD-PROP-2017-11-34;230;0;0;0;1;2017-11-28 13:15:25 UTC;https://decidim.sabadell.cat/processes/construintsbd/f/43/proposals/34;"";""
32;;"";"";17;Ciutat, projecte social;Ciudad, proyecto social;6;https://decidim.sabadell.cat/processes/construintsbd?participatory_process_slug=construintsbd;43;MUSICOTERÀPIA COMUNITÀRIA;"Proposta presentada per la Fundació privada tutelar Família i Societat
Pressupost: 6.000 €


Grup de participació comunitària a través de musicoteràpia, amb un grup de 10 persones (5 amb discapacitat i/o malaltia mental i 5 sense discapacitat) per treballar la cohesió social i les habilitats personals.
Sessions setmanals d’una hora de durada on es treballarà amb música i amb experimentació d’instruments.
Suport professional de psicòleg per l’avaluació i el seguiment.
Possibilitat, segons evolucioni el grup, de realitzar una activitat final oberta a la ciutat.

";accepted;SBD-PROP-2017-11-32;92;0;0;0;1;2017-11-28 13:10:17 UTC;https://decidim.sabadell.cat/processes/construintsbd/f/43/proposals/32;"";""
30;;"";"";17;Ciutat, projecte social;Ciudad, proyecto social;6;https://decidim.sabadell.cat/processes/construintsbd?participatory_process_slug=construintsbd;43;PROMOCIÓ DEL VOLUNTARIAT A ÊTHOS I LA CIUTAT;"Proposta presentada per Êthos. Associació per a la prevenció i rehabilitació integral de les dependències.
Pressupost: 9.100 €

Projecte d’actuacions per coordinar el Pla de Voluntariat de la nostra entitat.

Col·laboració dels nostres voluntaris i voluntàries en les següents àrees d’incidència: 
1. Tallers i activitats: ortografia, nutrició, primers auxilis, etc. I activitats extraordinàries.
2. Acompanyament a la vida autònoma: acompanyament en activitats quotidianes que no formen part de les activitats del centre de dia.
3. Programa de conscienciació social i de prevenció: grup de clowns que participa en actes a la ciutat i activitats al voltant del Dia mundial de la Sida i dia mundial de lluita contra la Droga.
        4. Participació en els Programes Terapèutics d'Êthos.
        5. Monogràfic del Voluntariat: programa formatiu per al voluntariat.

";accepted;SBD-PROP-2017-11-30;92;0;0;0;2;2017-11-28 13:05:51 UTC;https://decidim.sabadell.cat/processes/construintsbd/f/43/proposals/30;"";""
31;;"";"";15;Barri, projecte social;Barrio, proyecto social;6;https://decidim.sabadell.cat/processes/construintsbd?participatory_process_slug=construintsbd;43;FLAMENCIRC;"Proposta presentada per l’ Associació Cultural SOS Pallassos, els pallassos perillassos.
Pressupost: 8.096 €

Intervenció social-comunitària mitjançant el circ i el flamenc a la zona Nord de Sabadell.

El FlamenCirc neix de la difusió i la barreja de diverses disciplines artístiques com a eina per treballar valors socials i fomentar el treball en equip. És un projecte pensat per als joves entre 13 i 16 anys del districte Nord que conviuen en un territori multicultural  i es centrarà sobretot en aquells joves que procedeixen de col·lectius  en risc d’exclusió social.

El projecte consisteix en la realització de tallers, activitats, xerrades i projeccions audiovisuals al voltant de l’art i de l’espectacle del circ, centrant-se en millorar els valors socials i culturals. Es treballaran valors com: el treball en equip, l’esforç de superació, la inclusió, la diversitat social i cultural i la resolució de conflictes de manera pacífica, sempre treballant mitjançant un fil conductor de la posada en escena i la creació artística. 
";accepted;SBD-PROP-2017-11-31;84;0;0;0;1;2017-11-28 13:07:51 UTC;https://decidim.sabadell.cat/processes/construintsbd/f/43/proposals/31;"";""
37;;"";"";17;Ciutat, projecte social;Ciudad, proyecto social;6;https://decidim.sabadell.cat/processes/construintsbd?participatory_process_slug=construintsbd;43;LA HISTÒRIA DEL MOVIMENT VEÏNAL DE SABADELL EXPLICADA ALS I LES JOVES (I NO TAN JOVES);"Proposta presentada per la Federació d’Associacions Veïnals de Sabadell (FAV Sabadell)
Pressupost: 51.900 €

La commemoració dels 50 anys d’existència del moviment veïnal organitzat a la nostra ciutat, és motiu per difondre i explicar el seu paper a l’època de la dictadura franquista, durant tot el procés de transició i a la història de la nostra democràcia.

Per aquest motiu es proposen fer diferents activitats:
-Còmic pedagògic que relati la història del moviment veïnal de Sabadell
-Llibre que relati la història de la Federació d’Associacions Veïnals de Sabadell
-DVD que reculli testimonis orals de les experiències de persones històriques lligades al moviment veïnal
-Exposició itinerant pels districtes de la ciutat
-Catàleg de l’exposició

";accepted;SBD-PROP-2017-11-37;312;0;0;0;3;2017-11-29 08:41:54 UTC;https://decidim.sabadell.cat/processes/construintsbd/f/43/proposals/37;"";""
38;;"";"";15;Barri, projecte social;Barrio, proyecto social;6;https://decidim.sabadell.cat/processes/construintsbd?participatory_process_slug=construintsbd;43;LLEURE ARTÍSTIC PER A TOTHOM!;"Proposta presentada per GE La Baldufa – Can Puiggener
Pressupost: 69.000 €

Des de l’Esplai Baldufa volem promoure i ampliar, a través del lleure, l’oferta pública, gratuïta i diversa de formació artística i de transformació social al barri de Can Puiggener. La intenció d’aquest projecte és fer emergir les manifestacions artístiques existents al barri, així com apropar la formació d’altres i sumar en el camí de la interdependència, la transformació i la cohesió social a l’entorn. Veiem una oportunitat de poder treballar a través dels llenguatges artístics amb infants, joves i ciutadania per tal d’aprendre i compartir tècniques artítico-creatives i d’expressió, afavorint la superació de reptes personals i col·lectius, el desenvolupament de l’autoestima i acompanyar en la construcció de l’apoderament i el pensament crític de les persones participants. Així doncs, volem comptar amb la creació d’un equip d’educadors/es, talleristes, coordinadors/es i voluntaris/es i la cessió d’espais i col·laboració de l’Escola Joan Maragall, l’Escola Alcalde Marcet, el Centre Cívic de Can Puiggener, l’Estruch Fàbrica de creació-Arts Visuals i via pública de l’entorn del barri per dinamitzar el projecte setmanalment.

La concreció d’aquest projecte és la següent:
•	Escola Alcalde Marcet: activitats de migdia de circ, dansa i teatre
•	Escola Joan Maragall: activitats de tarda de circ i arts visuals
•	Centre Cívic: activitats de tarda de circ i altres amb grups de joves
•	Via Pública: matinals de cap de setmana amb activitats artístiques diverses obertes a tot el barri i ciutadania de Sabadell: circ, música, dansa, teatre, arts plàstiques i arts visuals.

";accepted;SBD-PROP-2017-11-38;216;0;0;0;2;2017-11-29 08:44:35 UTC;https://decidim.sabadell.cat/processes/construintsbd/f/43/proposals/38;"";""
33;;"";"";15;Barri, projecte social;Barrio, proyecto social;6;https://decidim.sabadell.cat/processes/construintsbd?participatory_process_slug=construintsbd;43;PIGALL: JUNTS CAP A L’ÈXIT ESCOLAR;"Proposta presentada per la Fundació IDEA
Pressupost: 41.291,25 €

Per què de vegades les coses no ens surten com ens agradaria? Volem ajudar els nostres fills, que estiguin bé a l’escola, que facin els deures, que estiguin motivats i que es preparin pel seu present i el seu futur.
Quan això no podem fer-ho sols, necessitem un facilitador, un professional que posi en valor les nostres potencialitats. Que acompanyi els nois i noies, que ens orienti als pares i mares i ens doni eines per recolzar-los.
Això és el programa PIGALL, un equip de dos professionals que acompanyen el trànsit de l’etapa de primària a secundària i el pas al segon cicle de l’ESO. Aquests són dos moments on hem de posar esforços perquè els i les joves es mantinguin a l’institut. El paper de PIGALL, amb els professionals dels centres escolars i de la comunitat, és el de crear una xarxa de suport al territori, que adreçarà els nois i noies cap a l’èxit educatiu.
El programa consta de diferents activitats:
•	Accions amb els joves, oferint el servei despertador i acompanyament
•	Accions amb les famílies, orientat i oferint tallers de capacitació
•	Accions conjuntes, com la creació dels tallers d’estudi a domicili
•	La coordinació amb els mestres i altres professionals de l’àmbit educatiu i social, són altres de les activitats principals del programa
Al districte 7 volem decididament sumar esforços per millorar la qualificació i formació dels nostres joves.
";accepted;SBD-PROP-2017-11-33;94;0;0;0;1;2017-11-28 13:12:56 UTC;https://decidim.sabadell.cat/processes/construintsbd/f/43/proposals/33;"";""
42;;"";"";16;Barri, projecte d'obres;Barrio, proyecto de obras;18;https://decidim.sabadell.cat/processes/pressupostsbd?participatory_process_slug=pressupostsbd;68;EP2 – “Aprenem jugant”. Projecte de millora del pati de l’Escola La Romànica;"Proposta presentada per l’AMPA de l’Escola La Romànica
Pressupost: 35.000 €

A l’Escola La Romànica volem crear un pati que ofereixi als nens i les nenes la possibilitat d’aprendre jugant. Per aquesta raó, necessitem crear sis espais de joc lliure on els infants tinguin l’oportunitat de jugar a jocs tradicionals, enfilar-se, jugar a joc simbòlic (cuinetes, trens i cabanes) i tenir un espai que els aproximi amb la natura. Amb aquesta proposta pretenem que els infants esdevinguin més autònoms/es desenvolupant la seva imaginació i aprenent jugant.

";accepted;SBD-PROP-2018-12-42;893;0;0;0;44;2018-12-20 11:47:42 UTC;https://decidim.sabadell.cat/processes/pressupostsbd/f/68/proposals/42;"";""
57;;"";"";17;Ciutat, projecte social;Ciudad, proyecto social;18;https://decidim.sabadell.cat/processes/pressupostsbd?participatory_process_slug=pressupostsbd;68;SC3 – Esborrem barreres: drets de les persones amb discapacitat;"Proposta presentada per la Fundació privada ECOM
Pressupost:  9.044,71€

Activitats de sensibilització adreçades a la ciutadania sobre els drets de les persones amb discapacitat: sessions debats, anàlisi de l’accessibilitat d’un barri de la ciutat i activitat lúdica per prendre consciència sobre les experiències de la discapacitat.
";accepted;SBD-PROP-2018-12-57;896;0;0;0;8;2018-12-20 12:44:28 UTC;https://decidim.sabadell.cat/processes/pressupostsbd/f/68/proposals/57;"";""
60;;"";"";17;Ciutat, projecte social;Ciudad, proyecto social;18;https://decidim.sabadell.cat/processes/pressupostsbd?participatory_process_slug=pressupostsbd;68;SC7 – Supermercat solidari cooperatiu;"Proposta presentada per Associació Teler Cooperatiu
Pressupost: 33.973,90€

Posar en marxa una experiència pilot de producció, distribució i venda de productes agroecològics a partir de l’excendent d’aliments que estiguin a disposició de l’entitat duent-se a terme l’experiència sense afany de lucre.
També es durà a terme un procés d’adhesió al Rebost Solidari, el servei municipal de distribució d’aliments per a persones derivades de serveis socials, en les mateixes condicions que la resta d’entitats que en formen part i que tenen punt de distribució alimentària a la ciutat.
Es preveu la millora i complementació dels lots/cistelles d’aliments que actualment es reparteixen setmanalment amb la incorporació de productes làctics, de carn i de peix, pel que es planteja formalitzar acords i dur a terme campanyes per ampliar la xarxa de proveïdors i col·laboradors.
Les activitats plantejades es realitzaran des de l’autoorganització i donant el protagonisme a les persones que pateixen directament l’emergència alimentària per tal de facilitar-ne l’empoderament personal i comunitari, amb l’objectiu de posar en marxa un supermercat solidari i coopertaiu.
";accepted;SBD-PROP-2018-12-60;792;0;0;0;27;2018-12-20 12:49:58 UTC;https://decidim.sabadell.cat/processes/pressupostsbd/f/68/proposals/60;"";""
71;;"";"";17;Ciutat, projecte social;Ciudad, proyecto social;18;https://decidim.sabadell.cat/processes/pressupostsbd?participatory_process_slug=pressupostsbd;68;SC21 – “Sana Hortis”. Horticultura i jardineria terapèutica i social;"Proposta presentada per LA RUDA AMICS DE CAN DEU per l’Agricultura Ecològica
Pressupost: 24.335 €

El nostre projecte és un mitjà  per desenvolupar l’autonomia personal integrant l’aprenentatge d’habilitats bàsiques, millorant la salut física i cognitiva, les habilitats socials i incorporant hàbits de vida saludable per aconseguir un benestar tant físic com mental. 
Es proposa la reutilització d’espais en desús, com terrasses, terrats, terrasses d’hospitals, centres de dia, geriàtrics, edificis municipals, etc. per portar a terme el projecte.
Els objectius són desenvolupar l’autonomia personal i les habilitats socials; aprendre’n de bàsiques; regenerar el funcionament cognitiu i físic; incorporar hàbits de vida saludables; treballar el respecte a la natura i la no discriminació per raó d’ètnia, religió o sexe. Tot això fomentant la coeducació des dels 0 anys i generar sinèrgies entre les empreses de la zona. 
Els destinataris són: usuaris de l’àmbit de salut mental, amb discapacitat física o psicològica de geriàtrics, adolescents i infants, persones amb risc d’exclusió social i a tota la ciutadania interessada.
";"";SBD-PROP-2018-12-71;335;0;0;0;7;2018-12-20 13:17:46 UTC;https://decidim.sabadell.cat/processes/pressupostsbd/f/68/proposals/71;"";""
64;;"";"";17;Ciutat, projecte social;Ciudad, proyecto social;18;https://decidim.sabadell.cat/processes/pressupostsbd?participatory_process_slug=pressupostsbd;68;SC13 – Empoder’Art. Art als barris de Sabadell;"Proposta presentada per la Coordinadora de Músics de Sabadell
Pressupost:  78.570,00€

El projecte consisteix en un conjunt d’activitats artístiques, amb música, arts escèniques i tallers culturals (música, circ, teatre, i arts plàstiques) que s’executaran principalment als barris amb més necessitats i amb persones amb risc d’exclusió social. La proposta és presentada per la Coordinadora de Músics de Sabadell amb la col·laboració del col·lectiu Sabacirc, l’associació cultural SOS Pallassos i l’associació cultural i solidària Pixies.
Projecte de ciutat, integrador, amb l’objectiu de millorar i desenvolupar la qualitat cultural i artística de la ciutat de Sabadell. Sobretot de les persones que per la seva situació econòmica i social estan en risc d’exclusió.

* Les ubicacions i les dates de realització de les activitats poden canviar en funció de la disponibilitat dels espais i del calendari cultural de la ciutat.
";accepted;SBD-PROP-2018-12-64;513;0;0;0;6;2018-12-20 13:04:18 UTC;https://decidim.sabadell.cat/processes/pressupostsbd/f/68/proposals/64;"";""
43;;"";"";16;Barri, projecte d'obres;Barrio, proyecto de obras;18;https://decidim.sabadell.cat/processes/pressupostsbd?participatory_process_slug=pressupostsbd;68;EP5 – El pati, un espai d’aprenentatge i convivència a l’Escola Joan Maragall (Can Puiggener);"Proposta presentada per la ciutadania
Pressupost: 55.000 €

Amb la finalitat de millorar la cohesió social entre alumnes i famílies, a l’escola busquem activitats i espais de convivència.
Analitzant el nostre pati, hem vist que tot i les dimensions i la natura que el conformen, no deixa de ser un espai poc estimulant.
L’escola disposa de molt espai exterior i volem que aquest esdevingui un espai de trobada on treballar per un costat les relacions interpersonals i per altra desenvolupar les capacitats motrius i cognitives.
Volem crear uns espais naturals, agradables, estimulants i amb elements que aportin un grau de curiositat, que convidin a explorar, investigar i que connectin als alumnes i famílies amb la natura.
Volem que sigui un espai d’aprenentatge (poder fer classe a l’exterior) i que al mateix temps afavoreixi les relacions positives i tranquil·les.
";"";SBD-PROP-2018-12-43;462;0;0;0;17;2018-12-20 11:54:44 UTC;https://decidim.sabadell.cat/processes/pressupostsbd/f/68/proposals/43;"";""
62;;"";"";17;Ciutat, projecte social;Ciudad, proyecto social;18;https://decidim.sabadell.cat/processes/pressupostsbd?participatory_process_slug=pressupostsbd;68;SC09 – Cent anys de la Colla de Sabadell;"Proposta presentada per La Barbaria
Pressupost:  12.000€

El projecte vol commemorar els 100 anys de la formació d’un grup d’intel·lectuals de la nostra ciutat (Joan Oliver/Pere Quart, Francesc Trabal, Armand Obiols, i d’altres) que van sacsejar la cultura sabadellenca i que van exercir com a agitadors culturals amb un ressò que va anar més enllà de Sabadell. L’entitat que lidera el projecte vol ser el pal de paller de les diferents associacions i entitats de la ciutat que es vulguin sumar a la commemoració organitzant activitats de tot tipus. 

Objectius: 
1.	Donar a conèixer a la població de Sabadell la vida i obra de la Colla i el seu vessant més reivindicatiu i contestatari, mitjançant activitats i accions diverses.
2.	Promoure la participació activa de la ciutadania i el desenvolupament sociocultural del territori.
3.	Promocionar artistes, escriptors, estudiosos etc. que s’han apropat als integrants de la Colla des de diferents perspectives. 

La proposta té un plantejament transversal i proposa tres tipus d’activitats segons el públic objectiu: 
a.	Públic familiar - Activitats de carrer en diferents parts del territori.
b.	 Públic adult - Conferències, presentacions, xerrades i recitals.
c.	 Àmbit educatiu – Elaboració d’un dossier pedagògic que es pugui incorporar a l’oferta del Centre de Recursos Pedagògics de la ciutat.
";"";SBD-PROP-2018-12-62;304;0;0;0;7;2018-12-20 12:53:30 UTC;https://decidim.sabadell.cat/processes/pressupostsbd/f/68/proposals/62;"";""
61;;"";"";17;Ciutat, projecte social;Ciudad, proyecto social;18;https://decidim.sabadell.cat/processes/pressupostsbd?participatory_process_slug=pressupostsbd;68;SC8 – Fes salut, fes Sabadell;"Proposta presentada per ONCOLLIGA - Fundació Lliga Catalana d’Ajuda Oncològica
Pressupost: 73.409,01€

Programa divulgatiu per dotar de coneixements relacionats amb la salut i el càncer als alumnes de 2n cicle de la ESO de Sabadell de forma teòrica i pràctica. A les sessions teòriques es treballaran aspectes com els hàbits alimentaris, l’activitat física, el consum de tabac i alcohol, la protecció solar i la relació de l’individu amb el seu entorn social.
La part pràctica del projecte consistirà en l’elaboració d’una campanya publicitària per part dels alumnes per fomentar els hàbits de vida saludables. S’escolliran les millors campanyes i  es publicaran als mitjans de comunicació locals.
";accepted;SBD-PROP-2018-12-61;794;0;0;0;13;2018-12-20 12:51:38 UTC;https://decidim.sabadell.cat/processes/pressupostsbd/f/68/proposals/61;"";""
70;;"";"";17;Ciutat, projecte social;Ciudad, proyecto social;18;https://decidim.sabadell.cat/processes/pressupostsbd?participatory_process_slug=pressupostsbd;68;SC20 – Agenda cervesera de la ciutat de Sabadell;"Proposta presentada per l’Associació Sabadell Cerveser
Pressupost: 100.000€

L’agenda cervesera de la ciutat de Sabadell està formada per un conjunt d’activitats culturals que tenen com a fil conductor la cervesa artesana. L’objectiu és donar a conèixer la diversitat de les cerveses artesanes com a producte gastronòmic i cultural.
Les activitats fomenten l’ús i el consum responsable de la cervesa, són respectuoses amb el medi ambient, fomenten el reciclatge i l’ús del transport públic.  
Activitats previstes: Sabadell Beer Week, Festivals al carrer, Festivals indoor, Visites guiades, Cursos d’iniciació i Serveis de càtering i tastos a mida.
Alhora es vol donar visibilitat als espais singulars de Sabadell i recuperar el buit deixat a la Fira de la cervesa.
";accepted;SBD-PROP-2018-12-70;549;0;0;0;14;2018-12-20 13:15:31 UTC;https://decidim.sabadell.cat/processes/pressupostsbd/f/68/proposals/70;"";""
56;;"";"";17;Ciutat, projecte social;Ciudad, proyecto social;18;https://decidim.sabadell.cat/processes/pressupostsbd?participatory_process_slug=pressupostsbd;68;SC2 – Sabadell conviu: per una convivència respectuosa amb els gats urbans i el medi ambient;"Proposta presentada per Progat Sabadell
Pressupost:  18.017€

Desenvolupar un programa pilot a 4 barris de Sabadell on es defineixi un model de colònia que posi en valor la tasca altruista de les persones alimentadores de les colònies de gats urbans, alhora que es treballa per la convivència i la sensibilització envers el nostre entorn.
A cada colònia s’instal·larà un Cathotel fabricat amb contenidors reciclats i decorats per artistes urbans fent referència als valors de convivència, respecte, empatia i actituds positives envers els animals. També s’esterilitzarà el 100% de la colònia.
";accepted;SBD-PROP-2018-12-56;590;0;0;0;24;2018-12-20 12:39:56 UTC;https://decidim.sabadell.cat/processes/pressupostsbd/f/68/proposals/56;"";""
45;;"";"";16;Barri, projecte d'obres;Barrio, proyecto de obras;18;https://decidim.sabadell.cat/processes/pressupostsbd?participatory_process_slug=pressupostsbd;68;EP9 - Pacificació de l'entorn de la plaça de Pep Ventura;"Proposta presentada per la ciutadania
Pressupost: 50.000 €

Projecte de pacificació del trànsit dels entorns de la pl. de Pep Ventura. La intervenció consisteix en convertir en zona de vianants el tram entre el carrer de Can Puiggener i la cruïlla amb el carrer de Fra Batlle fent canvi de sentit de la marxa dels carrers implicats. 

Convertir en zona de vianants el tram del carrer Fra Batlle entre els carrers  Baronia i Sant Maties. Amb aquesta intervenció s'evitaria els risc de travessar pels passos de vianants actuals que tenen molta manca de visibilitat. Finalment, caldria remodelar el nou espai que quedaria a la pl. de Pep Ventura. 
";"";SBD-PROP-2018-12-45;409;0;0;0;17;2018-12-20 12:00:04 UTC;https://decidim.sabadell.cat/processes/pressupostsbd/f/68/proposals/45;"";""
51;;"";"";19;Ciutat, projecte d'obres;Ciudad, proyecto de obras;18;https://decidim.sabadell.cat/processes/pressupostsbd?participatory_process_slug=pressupostsbd;68;EP23 – Pugem la xarxa;"Proposta presentada per Castellers de Sabadell
Pressupost: 50.000 €

Proposta per a la millora dels elements d’assaig del local dels Castellers de Sabadell, per tal de dotar a l’entitat d’una major seguretat ja freqüent en altres locals de colles castelleres de menor nivell.

Fase d’execució:
-	Disseny de la xarxa mòbil i recerca de constructor amb experiència en el món casteller
-	Construcció de la xarxa i adequació dins l’espai del local
-	Compra i posada a punt dels complements de l’estructura, coixinets, subjeccions, cordes etc.
";"";SBD-PROP-2018-12-51;425;0;0;0;11;2018-12-20 12:13:32 UTC;https://decidim.sabadell.cat/processes/pressupostsbd/f/68/proposals/51;"";""
58;;"";"";17;Ciutat, projecte social;Ciudad, proyecto social;18;https://decidim.sabadell.cat/processes/pressupostsbd?participatory_process_slug=pressupostsbd;68;SC4 – Relata: concurs de contes sobre la discapacitat intel·lectual;"Proposta presentada per ANDI DOWN SABADELL
Pressupost: 6.677 €

“Relata” té l’objectiu que nens i nenes de diferents centres educatius de Sabadell, coneguin la temàtica de la síndrome de Down  i de la discapacitat intel·lectual a través de la reflexió, la imaginació i la creativitat.
El projecte té dues activitats: els tallers de sensibilització a l’aula i en segon terme, el concurs de contes sobre la discapacitat intel·lectual que finalitzarà amb un acte de reconeixement als millors relats i amb una publicació d’aquestes, que es distribuirà en diferents punts de la ciutat.
També organitzarem uns jocs florals el dia de Sant Jordi a dues residències de la tercera edat de Sabadell. Serà a partir d’algun tipus de recurs literari, que avis i àvies podran expressar la seva pròpia experiència vers la temàtica de la discapacitat intel·lectual.

";"";SBD-PROP-2018-12-58;502;0;0;0;8;2018-12-20 12:45:56 UTC;https://decidim.sabadell.cat/processes/pressupostsbd/f/68/proposals/58;"";""
68;;"";"";15;Barri, projecte social;Barrio, proyecto social;18;https://decidim.sabadell.cat/processes/pressupostsbd?participatory_process_slug=pressupostsbd;68;SC17 – #recuperacci! Procés de participació ciutadana per redefinir el model de Festa Major de Can Puiggener;"Proposta presentada per GE La Baldufa
Pressupost: 49.000€

La proposta vol oferir l’oportunitat a la ciutadania i entitats del barri de Can Puiggener a recuperar participativament la Festa Major del barri; tenint en compte el passat i recuperant elements significatius actuals.
Es pretén implicar a entitats i associacions, a les 2 escoles i ampes, a les 2 associacions de veïns i veïnes i a la resta de la ciutadania en el disseny, la planificació i l’execució de la Festa Major 2020. Amb la col·laboració dels infants i adolescents en la creació del material artístic, amb tallers durant el curs 2019-2020.
Tot això, creant diferents comissions de treball, facilitant així la cohesió del teixit social del barri i treballant el sentiment de pertinença al mateix.
S’aposta per una acció que sumi, a través del lleure i l’acció social.
";"";SBD-PROP-2018-12-68;428;0;0;0;7;2018-12-20 13:12:41 UTC;https://decidim.sabadell.cat/processes/pressupostsbd/f/68/proposals/68;"";""
75;;"";"";17;Ciutat, projecte social;Ciudad, proyecto social;18;https://decidim.sabadell.cat/processes/pressupostsbd?participatory_process_slug=pressupostsbd;68;SC30 – Sabacleta. Intervenció socioeducativa  amb la bicicleta;"Proposta presentada per la Fundació MAIN
Pressupost: 61.171,09 €

El nostre projecte és un programa socioeducatiu que potencia la formació per a 15 joves en matèria de guia i monitor en la conducció de la bicicleta i com a auxiliar mecànic. Al mateix temps vol potenciar la mobilitat sostenible a la ciutat de Sabadell mitjançant l’ús de la bicicleta.
Per a aconseguir-ho, els joves posaran en pràctica els coneixements adquirits amb dues accions: per una banda formaran, juntament amb un professional expert, a més de 400 alumnes de 6è de primària de 9 escoles de la  ciutat durant el curs escolar del 2019-2020 sobre l’ús de la bicicleta i la conducció interurbana; i de l’altra banda els mateixos joves gestionaran  amb un altre professional expert un punt d’autoreparació i servei d’ús compartit (sharing) de bicicletes per a qualsevol ciutadà o ciutadana de Sabadell.
";"";SBD-PROP-2018-12-75;332;0;0;0;4;2018-12-20 13:25:54 UTC;https://decidim.sabadell.cat/processes/pressupostsbd/f/68/proposals/75;"";""
53;;"";"";16;Barri, projecte d'obres;Barrio, proyecto de obras;18;https://decidim.sabadell.cat/processes/pressupostsbd?participatory_process_slug=pressupostsbd;68;EP27 – L’Escola Joaquim Blume vol un pati per a tots@s, obert al nostre barri;"Proposta presentada per l’AMPA de l’Escola Joaquim Blume
Pressupost: 90.000 €

L’Escola Joaquim Blume gaudeix d’un dels espais exteriors amb més potencial del barri de Sant Oleguer. La nostra escola aviat farà 40 anys i vol continuar sent una institució de referència al barri, on tots i totes hi comptem.
Per això, volem una intervenció que ens doti de varietat de jocs, millores de seguretat del pati, increment dels espais verds i incorpori una zona de trobada per a les famílies i el veïnat.
";accepted;SBD-PROP-2018-12-53;817;0;0;0;35;2018-12-20 12:16:41 UTC;https://decidim.sabadell.cat/processes/pressupostsbd/f/68/proposals/53;"";""
46;;"";"";16;Barri, projecte d'obres;Barrio, proyecto de obras;18;https://decidim.sabadell.cat/processes/pressupostsbd?participatory_process_slug=pressupostsbd;68;EP13 - Camí biosaludable i millora dels espais oberts per a la pràctica de l’esport;"Proposta presentada per l’AV Poblenou de La Salut
Pressupost: 100.000 €

Crear un espai per promocionar la pràctica de l'esport per a totes les edats al costat de la zona de pic-nic del parc de La Salut. L'espai comptaria entre d'altres coses amb elements biosaludables. Alhora, també es volen col·locar elements esportius a diferents punts del barri, com per exemple taules de tennis  per promoure l'esport.
";"";SBD-PROP-2018-12-46;552;0;0;0;14;2018-12-20 12:01:47 UTC;https://decidim.sabadell.cat/processes/pressupostsbd/f/68/proposals/46;"";""
72;;"";"";15;Barri, projecte social;Barrio, proyecto social;18;https://decidim.sabadell.cat/processes/pressupostsbd?participatory_process_slug=pressupostsbd;68;SC22 – “Idea’s Lab”. Espai de creació tecnològica i laboratori d’idees per a infants i joves de Torre-romeu;"Proposta presentada per la Fundació IDEA
Pressupost: 21.200 €

El desenvolupament del projecte i creació de l’espai maker anirà vinculat a la robòtica i al disseny i construcció de projectes escollits per infants i joves. Els dos objectius del projecte són:
1.- Promoció d’un concurs d’idees innovadores entre els infants i joves participants.
2.- Exposició final al centre cívic de Torre-romeu de tots els prototips generats pels infants i joves durant els mesos de creació (tant els més innovadors així com tots els projectes realitzats conjuntament).

Una vegada creat l’espai maker i minimaker, la proposta de funcionament de l’espai és de 3 dies per setmana:
- Un per a joves.
- Un per a infants amb el suport dels joves del grup motor.
- La possibilitat d’un matí/tarda com a espai de col·laboració amb altres agents socioculturals.
";"";SBD-PROP-2018-12-72;337;0;0;0;7;2018-12-20 13:21:05 UTC;https://decidim.sabadell.cat/processes/pressupostsbd/f/68/proposals/72;"";""
54;;"";"";19;Ciutat, projecte d'obres;Ciudad, proyecto de obras;18;https://decidim.sabadell.cat/processes/pressupostsbd?participatory_process_slug=pressupostsbd;68;EP28 – Camins escolars segurs a les escoles i instituts de Sabadell;"Proposta presentada per la ciutadania
Pressupost: 100.000,00€

Es proposa una actuació a l’espai públic que permeti visibilitzar els entorns dels centres escolars senyalitzant els passos de vianants de major utilització al seu entorn.
Es tracta de senyalitzar amb pintura antilliscant de colors vius els passos de vianants més propers a les escoles de la ciutat.
D’aquesta manera es visibilitzen els espais per on travessen els nens i les nenes, els conductors podran veure clarament que s’apropen a un entorn escolar i que per tant han d’extremar la precaució i alhora es consciencia a la població (tant vianants com conductors) de la importància d’estar alerta quan anem pel carrer i circulem.
";accepted;SBD-PROP-2018-12-54;1769;0;0;0;67;2018-12-20 12:20:10 UTC;https://decidim.sabadell.cat/processes/pressupostsbd/f/68/proposals/54;"";""
63;;"";"";17;Ciutat, projecte social;Ciudad, proyecto social;18;https://decidim.sabadell.cat/processes/pressupostsbd?participatory_process_slug=pressupostsbd;68;SC10 – Pensament crític per a joves i adults;"Proposta presentada per Associació Alinea-t
Pressupost: 36.250,00€

Aquest projecte està enfocat a millorar el benestar dels ciutadans i ciutadanes de Sabadell a través de la perspectiva del pensament crític. L’objectiu principal consisteix en enfocar un procés de reflexió que sigui útil, transformador i divertit que permeti un millor acoblament societat-individu.

Per portar-lo a terme es proposen cinc  línies d’actuació:
1.	Curs de pensament crític per a un grup de 35 persones al llarg d’un curs acadèmic amb metodologia participativa i enfocament multidisciplinar mitjançant la filosofia pràctica i la intel·ligència emocional.
2.	Curs de matemàtiques crítiques, reforç i ampliació de matemàtiques per a estudiants d’ESO i Batxillerat.
3.	Conferències de pensament crític (programa de 4 sessions)
4.	Disseny i edició de 5 videos de pensament crític.
5.	Redacció, edició i impressió d’un llibre de pensament crític que reculli les principals idees del pensament crític.
";"";SBD-PROP-2018-12-63;327;0;0;0;11;2018-12-20 12:55:43 UTC;https://decidim.sabadell.cat/processes/pressupostsbd/f/68/proposals/63;"";""
59;;"";"";17;Ciutat, projecte social;Ciudad, proyecto social;18;https://decidim.sabadell.cat/processes/pressupostsbd?participatory_process_slug=pressupostsbd;68;SC5 – Empoderament educatiu del professorat de Sabadell. Jocs i emocions en l’aprenentatge;"Proposta presentada per SOS Pallassos, els Pallassos Perillassos
Pressupost: 13.252 €

Es tracta d’un taller d’empoderament del professorat. Un taller de formació pel claustre de caràcter totalment pràctic que juntament amb una metodologia activa proporcionarà recursos i eines amb l’objectiu de cohesionar el claustre, augmentar el lideratge dels docents, la gestió de grups i la millora de l’assertivitat.
Tot amb l’objectiu de contribuir a millorar la qualitat educativa de la ciutadania de Sabadell. El projecte consta de 50 tallers formatius adreçats als centres de primària i secundària de la ciutat que s’inscriguin en el projecte.
";accepted;SBD-PROP-2018-12-59;560;0;0;0;10;2018-12-20 12:47:39 UTC;https://decidim.sabadell.cat/processes/pressupostsbd/f/68/proposals/59;"";""
47;;"";"";16;Barri, projecte d'obres;Barrio, proyecto de obras;18;https://decidim.sabadell.cat/processes/pressupostsbd?participatory_process_slug=pressupostsbd;68;EP16 - Millora i manteniment de la zona verda i els parterres del carrer dels Fatxendes;"Proposta presentada per la ciutadania
Pressupost: 100.000 €

Millora del carrer Fatxendes: reposició dels arbres caiguts o talats, reposició de bancs, servei de neteja i manteniment, construcció d'una zona de parc infantil, augmentar la vigilància policial i evitar que la zona sigui transitada i utilitzada per gossos.
";"";SBD-PROP-2018-12-47;278;0;0;0;5;2018-12-20 12:04:42 UTC;https://decidim.sabadell.cat/processes/pressupostsbd/f/68/proposals/47;"";""
52;;"";"";16;Barri, projecte d'obres;Barrio, proyecto de obras;18;https://decidim.sabadell.cat/processes/pressupostsbd?participatory_process_slug=pressupostsbd;68;EP25 – Posem a punt l’Escola Catalunya;"Projecte presentat per l’AMPA del CEIP Catalunya
Pressupost: 100.000 €

L’Escola Catalunya, amb 36 anys de servei a la ciutat, necessita adequar els tancaments i renovar els espais sanitaris amb l’objectiu de millorar l’eficiència i la funcionalitat dels espais.

";accepted;SBD-PROP-2018-12-52;1128;0;0;0;70;2018-12-20 12:15:11 UTC;https://decidim.sabadell.cat/processes/pressupostsbd/f/68/proposals/52;"";""
44;;"";"";16;Barri, projecte d'obres;Barrio, proyecto de obras;18;https://decidim.sabadell.cat/processes/pressupostsbd?participatory_process_slug=pressupostsbd;68;EP7 - Asfaltat i millora del carrer Blanquerna;"Proposta presentada per l’AV de Can Rull
Pressupost: 100.000 €

Des de l'associació de veïns de Can Rull proposem a l'àrea de Promoció de la Ciutat i Innovació, l'asfaltat i la millora del carrer Blanquerna. La proposta consisteix en un asfaltat de la zona de sorra del carrer Blanquerna.
";"";SBD-PROP-2018-12-44;271;0;0;0;6;2018-12-20 11:57:00 UTC;https://decidim.sabadell.cat/processes/pressupostsbd/f/68/proposals/44;"";""
50;;"";"";16;Barri, projecte d'obres;Barrio, proyecto de obras;18;https://decidim.sabadell.cat/processes/pressupostsbd?participatory_process_slug=pressupostsbd;68;EP22 - Reforma i millora de la plaça Gorgona del barri de Ca n'Oriac;"Proposta presentada per la ciutadania
Pressupost: 100.000 €

Projecte de millora de la placeta i del parc infantil i condicionament dels entorns. El parc presenta moltes deficiències al cautxú, no té gronxadors, no té zona verda. És un espai molt utlitzat tant per infants com per persones grans i caldria adeqüar-lo.
";"";SBD-PROP-2018-12-50;278;0;0;0;5;2018-12-20 12:11:43 UTC;https://decidim.sabadell.cat/processes/pressupostsbd/f/68/proposals/50;"";""
69;;"";"";17;Ciutat, projecte social;Ciudad, proyecto social;18;https://decidim.sabadell.cat/processes/pressupostsbd?participatory_process_slug=pressupostsbd;68;SC18 – Vivim, respirem, rePLANTegem Sabadell;"Proposta presentada per ADENC – Associació per a l’Estudi i Defensa de la Natura
Pressupost: 79.300 €

Vivim, respirem, replantegem Sabadell busca millorar l’espai urbà de Sabadell, reverdint la ciutat, afavorint la fauna i la flora autòctones, millorant la qualitat de l’aire i les condicions de vida dels seus habitants.
Implicarem la ciutadania, entitats, col·lectius de barri i la comunitat educativa, en repensar i transformar Sabadell en una ciutat més amable, saludable i sostenible. El procés participatiu donarà protagonisme als ciutadans i especialment a l’alumnat dels centres educatius.
S’engegarà una prova pilot de ciència ciutadana per conèixer amb precisió els punts amb més contaminació atmosfèrica.
Posarem en marxa les primeres mesures decidides col·lectivament per afavorir els corredors biològics urbans mitjançant, per exemple jardins verticals i refugis per animals...per aconseguir una ciutat amb més benestar.
";accepted;SBD-PROP-2018-12-69;1160;0;0;0;24;2018-12-20 13:14:10 UTC;https://decidim.sabadell.cat/processes/pressupostsbd/f/68/proposals/69;"";""
77;;"";"";17;Ciutat, projecte social;Ciudad, proyecto social;18;https://decidim.sabadell.cat/processes/pressupostsbd?participatory_process_slug=pressupostsbd;68;SC34 – Construïm ciutat, fem barri. Promovem l’ús social del català entre els joves!;"Proposta presentada per Plataforma per la Llengua – Col·lectiu l’Esbarzer
Pressupost:  55.000€

La Plataforma per la Llengua, que aquest any celebra els seus 25 anys, porta a terme una tasca amb la joventut orientada a cercar missatges incisius i innovadors per potenciar l’ús de la llengua catalana de manera desacomplexada per aconseguir que esdevingui llengua d’ús habitual entre la població jove.
Un dels nostres objectius és fomentar l’oci juvenil en català i potenciar i/o generar nous referents en català. El projecte engloba tallers divertits relacionats amb les noves tecnologies (mems i youtubers) amb la música (glosa i rumba) i amb la diversitat lingüística (taller de passaport lingüístic). Ajuda’ns a crear una oferta engrescadora per als joves en català!
";accepted;SBD-PROP-2018-12-77;668;0;0;0;19;2018-12-20 13:31:45 UTC;https://decidim.sabadell.cat/processes/pressupostsbd/f/68/proposals/77;"";""
73;;"";"";15;Barri, projecte social;Barrio, proyecto social;18;https://decidim.sabadell.cat/processes/pressupostsbd?participatory_process_slug=pressupostsbd;68;SC23 – Districte 6 des de l’òptica de l’animació sociocultural;"Proposta presentada per SECUNDE, Associació per a l’Animació Sociocultural i l’acció Socioeducativa
Pressupost:  10.827,40€

La idea d’aquest projecte neix de la cooperació entre diferents entitats (SECUNDE, Ludoteca Margarida Bedós, Punt Òmnia d’Espronceda, Institut Ribot i Serra, Biblioteca del Sud) que treballen conjuntament al districte 6 de Sabadell.
Ens trobem en una situació idònia per a realitzar l’anàlisi de la realitat del districte, des de dins i sense cap tipus d’esbiaix. A partir dels ulls de les animadores i els animadors socioculturals, amb el suport tècnic de les entitats del territori i del professorat del Mòdul de Projectes del CFGS.
Aquesta visió transdisciplinar vol aconseguir que la mirada cap al districte sigui àmplia i incisiva per a poder oferir una radiografia útil per a les veïnes i veïns, els professionals i tècnics, les administracions etc. sobre la realitat del barri.
Així doncs, amb la participació com a estàndard metodològic i a partir de la documentació i el treball de camp ens disposem a oferir la fotografia del districte 6 des de l’òptica de l’ASC.
";"";SBD-PROP-2018-12-73;433;0;0;0;9;2018-12-20 13:22:57 UTC;https://decidim.sabadell.cat/processes/pressupostsbd/f/68/proposals/73;"";""
48;;"";"";16;Barri, projecte d'obres;Barrio, proyecto de obras;18;https://decidim.sabadell.cat/processes/pressupostsbd?participatory_process_slug=pressupostsbd;68;EP17 - Tancament de protecció per al Jardí de l’Amistat;"Proposta presentada per la ciutadania
Pressupost: 50.000 €

Projecte d’instal·lació d’un tancament de protecció al voltant del Jardí de l’Amistat a la zona de Via Alexandra.
";"";SBD-PROP-2018-12-48;300;0;0;0;7;2018-12-20 12:06:25 UTC;https://decidim.sabadell.cat/processes/pressupostsbd/f/68/proposals/48;"";""
66;;"";"";17;Ciutat, projecte social;Ciudad, proyecto social;18;https://decidim.sabadell.cat/processes/pressupostsbd?participatory_process_slug=pressupostsbd;68;SC15 – Sortim a fer una volta!;"Proposta presentada per Fundació Privada Atendis
Pressupost: 33.679,75 €

Noves activitats de participació comunitària de persones amb discapacitat intel·lectual per la ciutat de Sabadell i nou vehicle de transport adaptat per poder fer aquestes i moltes més activitats que fomentin la cohesió social.
Dansateràpia: activitat als centres cívics de la ciutat, reportant grans beneficis emocionals i físics i obert a ciutadans i ciutadanes de Sabadell que vulguin compartir l’activitat amb persones amb altres capacitats.
Ioga adaptat i inclusiu: amb possibilitat d’obertura a ciutadans i ciutadanes de la ciutat.
Teatre infantil Pengi’m Penja’m a les escoles i instituts municipals de la ciutat.
Natació terapèutica, adaptada i inclusiva al Club Natació Sabadell.

Tennis adaptat al Cercle Sabadellès amb altres entitats socials de la ciutat.
";accepted;SBD-PROP-2018-12-66;595;0;0;0;20;2018-12-20 13:08:57 UTC;https://decidim.sabadell.cat/processes/pressupostsbd/f/68/proposals/66;"";""
78;;"";"";17;Ciutat, projecte social;Ciudad, proyecto social;18;https://decidim.sabadell.cat/processes/pressupostsbd?participatory_process_slug=pressupostsbd;68;SC35 – Millora de les habilitats socials, cohesió i sensibilització dels joves de la ciutat de Sabadell en les malalties neurològiques;"Proposta presentada per Fundació Privada AVAN
Pressupost: 23.857,69 €

Construïm entre tots una ciutat on els joves amb discapacitat física puguin realitzar diferents activitats esportives, culturals i de lleure, fonamentant la seva autonomia i ajudant a la sensibilització de la ciutadania vers les diferents malalties neurològiques.
Es realitzaran activitats de lleure autogestionades amb un model assembleari, per tal de fomentar la participació social i comunitària com a eix central. També treballarem l’autogestió d’activitats mitjançant la innovació tecnològica i realitzarem xerrades i gimcanes de sensibilització a centres educatius de primària i secundària per donar a conèixer com viuen la seva diversitat funcional algunes persones i com volen ser tractades.
";accepted;SBD-PROP-2018-12-78;580;0;0;0;11;2018-12-20 13:33:43 UTC;https://decidim.sabadell.cat/processes/pressupostsbd/f/68/proposals/78;"";""
55;;"";"";17;Ciutat, projecte social;Ciudad, proyecto social;18;https://decidim.sabadell.cat/processes/pressupostsbd?participatory_process_slug=pressupostsbd;68;SC1 – #sbdcoeduca;"Proposta presentada per Associació Actuavallès
Pressupost:  35.000€

Posada en marxa d’un projecte amb quatre centres educatius de Sabadell per a treballar conjuntament la coeducació a través de la formació i l’acompanyament en la introducció de la perspectiva de gènere, la gestió de la diversitat i la no discriminació per raó d’orientació sexual, identitat o expressió de gènere, atenent sempre a una perspectiva interseccional que permeti abordar altres formes de discriminació com són  aquelles de raó de procedència, ètnia, diversitat funcional etc.
Les escoles amb les que treballarem són La Trama i l’Enric Casassas i els instituts seran el Ribot i Serra i el Ca n’Oriac.
";accepted;SBD-PROP-2018-12-55;546;0;0;0;18;2018-12-20 12:37:02 UTC;https://decidim.sabadell.cat/processes/pressupostsbd/f/68/proposals/55;"";""
41;;"";"";19;Ciutat, projecte d'obres;Ciudad, proyecto de obras;18;https://decidim.sabadell.cat/processes/pressupostsbd?participatory_process_slug=pressupostsbd;68;EP1 - Recuperació dels jardins romàntics del Castell de Can Feu;"Proposta presentada per l’Associació Cultural Can Feu
Pressupost: 100.000 €

El projecte té com objectiu principal la recuperació del patrimoni arquitectònic de Sabadell. Els treballs de recuperació es concretaran en els següents aspectes:

1-	Recuperació del jardí neoromàntic i horta
2-	Restauració de part de la muralla del castell
3-	Rehabilitació de la Capella 
4-	Prospecció arqueològica

";accepted;SBD-PROP-2018-12-41;1257;0;0;0;37;2018-12-20 11:44:52 UTC;https://decidim.sabadell.cat/processes/pressupostsbd/f/68/proposals/41;"";""
65;;"";"";17;Ciutat, projecte social;Ciudad, proyecto social;18;https://decidim.sabadell.cat/processes/pressupostsbd?participatory_process_slug=pressupostsbd;68;SC14 – Tallers de prevenció de conductes addictives a joves de Sabadell;"Proposta presentada per Ethos – Associació per a la prevenció i rehabilitació integral de les dependències
Pressupost:  4.000€

Tallers de prevenció que tenen com a objectiu informar i conscienciar als/les adolescents de les conseqüències del consum de drogues i d’altres conductes addictives, dotant-los d’eines per afavorir el seu empoderament i la maduració personal. Aquest es durà a terme mitjançant diverses dinàmiques que potencien la seva autoestima i l’entrenament en habilitats socials. Aquests tallers tenen una durada de dues hores.
";accepted;SBD-PROP-2018-12-65;584;0;0;0;14;2018-12-20 13:07:18 UTC;https://decidim.sabadell.cat/processes/pressupostsbd/f/68/proposals/65;"";""
74;;"";"";17;Ciutat, projecte social;Ciudad, proyecto social;18;https://decidim.sabadell.cat/processes/pressupostsbd?participatory_process_slug=pressupostsbd;68;SC29 – Projecte Gen-era!;"Proposta presentada per l’Associació Juvenil Esquitx
Pressupost:  49.500€

Planteja la millora de les competències bàsiques, tècniques vivencials, de participació i tranversals dels i les joves fomentant les seves capacitats i habilitats mitjançant l’orientació, formació i experiència laboral. El col·lectiu al qual s’adreça no està en disposició d’accedir als recursos ordinaris i d’ocupabilitat pel que és imprescindible aquest treball previ.
El projecte té alhora un fort component social i comunitari que genera xarxa intergeneracional al territori proper, fet que pot incidir de manera positiva a la comunitat en general, enfortint el teixit associatiu amb activitats comunitàries en un marc de convivència i cohesió social.
";"";SBD-PROP-2018-12-74;322;0;0;0;12;2018-12-20 13:24:22 UTC;https://decidim.sabadell.cat/processes/pressupostsbd/f/68/proposals/74;"";""
49;;"";"";19;Ciutat, projecte d'obres;Ciudad, proyecto de obras;18;https://decidim.sabadell.cat/processes/pressupostsbd?participatory_process_slug=pressupostsbd;68;EP20 - Camí de Nostra Llar de Sant Oleguer: porta de Sabadell al riu Ripoll;"Proposta presentada per l’AV Nostra Llar de Sant Oleguer
Pressupost: 100.000 €

Aquesta proposta pretén comunicar la ciutat amb el riu Ripoll i els equipaments situats a la seva vora:  parc recreatiu de la Bassa de Sant Oleguer, Complex Esportiu municipal i Pista Coberta d'Atletisme de Catalunya ja que estan a un nivell inferior de la ciutat. Intervenció per adequar i millorar l'accessibilitat, acompanyada d’enllumenat públic /detector de presència i mobiliari urbà.
";accepted;SBD-PROP-2018-12-49;1075;0;0;0;28;2018-12-20 12:08:53 UTC;https://decidim.sabadell.cat/processes/pressupostsbd/f/68/proposals/49;"";""
76;;"";"";17;Ciutat, projecte social;Ciudad, proyecto social;18;https://decidim.sabadell.cat/processes/pressupostsbd?participatory_process_slug=pressupostsbd;68;SC31 – Sabadell conviu: TRANSformació;"Proposta presentada per Associació Animalista Libera
Pressupost: 98.935€

El projecte TRANSformació pretén dotar a la ciutadania adolescent d’un ventall d’ofertes de formació en eines artístiques, culturals i comunicatives per a la transformació social i política, tenint en compte la protecció dels animals com a missatge principal. L’objectiu és que després de la formació, elles i ells mateixos generin productes culturals, artístics i comunicatius basats en la protecció i la cura dels animals per a transformar la ciutat de Sabadell, sota els principis de justícia, equitat i cultura de Pau.
";"";SBD-PROP-2018-12-76;311;0;0;0;13;2018-12-20 13:30:06 UTC;https://decidim.sabadell.cat/processes/pressupostsbd/f/68/proposals/76;"";""
67;;"";"";17;Ciutat, projecte social;Ciudad, proyecto social;18;https://decidim.sabadell.cat/processes/pressupostsbd?participatory_process_slug=pressupostsbd;68;SC16 – Fem K.O. als prejudicis. Arts marcials a les places dels baris del Sud;"Proposta presentada per la Plataforma de Joves del Sector Sud
Pressupost: 10.648€

Dur a terme tallers d’arts marcials a les places d’alguns dels barris del sud, entre els mesos de març i octubre. Es tracta d’una sessió mensual, variant el lloc i el tipus de taller. Les sessions seran obertes als majors de 12 anys. En acabar la sessió es farà una diagnosi compartida amb els participants, debat d’anàlisi i proposta sobre els equipaments socioesportius del barri on es realitza l’activitat.
";"";SBD-PROP-2018-12-67;420;0;0;0;11;2018-12-20 13:10:49 UTC;https://decidim.sabadell.cat/processes/pressupostsbd/f/68/proposals/67;"";""
