id;category/id;category/name;scope/id;scope/name/ca;scope/name/es;participatory_space/id;participatory_space/url;component/id;title/ca;title/es;description/ca;description/es;start_time;end_time;attendees;contributions;organizations;address;location/ca;location/es;reference;comments;attachments;followers;url;related_proposals;related_results
7;;;2;Districte;Districte;1;https://decidim.sabadell.cat/processes/masia?participatory_process_slug=masia;4;Taller 1: definició d'usos;Taller 1: definición de usos;<p>Taller obert per treballar, de manera col·lectiva, en la definició de programes d'usos de la masia i el seu entorn.</p>;<p>Taller abierto para trabajar, de manera colectiva, en la definición de programas de usos de la masía y su entorno.</p>;2017-05-30 18:00:00;2017-05-30 20:00:00;0;0;;Carrer d'Arousa, 2, 08207, Sabadell;Centre Cívic de Ca n'Oriac;Centro Cívico de Ca n'Oriac;SBD-MEET-2017-05-7;0;1;0;https://decidim.sabadell.cat/processes/masia/f/4/meetings/7;"";""
10;;;2;Districte;Districte;1;https://decidim.sabadell.cat/processes/masia?participatory_process_slug=masia;4;Presentació del procés participatiu ;Presentación del proceso participativo;<p>Presentació del procés participatiu al Consell de Districte 3.</p>;<p>Presentación del proceso participativo en el Consejo de Distrito 3.</p>;2017-04-18 19:00:00;2017-04-18 21:00:00;0;0;;Carrer d'Arousa, 2, 08207, Sabadell;Centre Cívic de Ca n'Oriac;Centro Cívico de Ca n'Oriac;SBD-MEET-2017-05-10;0;2;0;https://decidim.sabadell.cat/processes/masia/f/4/meetings/10;"";""
8;;;2;Districte;Districte;1;https://decidim.sabadell.cat/processes/masia?participatory_process_slug=masia;4;Taller 2: definició d'usos;Taller 2: definición de usos;<p>Taller obert per treballar, de manera col·lectiva, en la definició de programes d'usos de la masia i el seu entorn.</p>;<p>Taller abierto para trabajar, de manera colectiva, en la definición de programas de usos de la masía y su entorno.</p>;2017-06-12 18:00:00;2017-06-12 20:00:00;0;0;;Carrer d'Arousa, 2, 08207, Sabadell;Centre Cívic de Ca n'Oriac;Centro Cívico de Ca n'Oriac;SBD-MEET-2017-05-8;0;1;0;https://decidim.sabadell.cat/processes/masia/f/4/meetings/8;"";""
11;;;2;Districte;Districte;1;https://decidim.sabadell.cat/processes/masia?participatory_process_slug=masia;4;Activitat oberta devolució conclusions;Actividad abierta devolución de conclusiones;<p>Activitat oberta de devolució de conclusions del procés a l'entorn de la masia.</p>;<p>Actividad abierta de devolución de conclusiones del proceso en el entorno de la masía.</p>;2017-07-13 18:00:00;2017-07-13 20:00:00;0;0;;Carrer de la Mola, 12, 08207, Sabadell;Masia de Ca n'Oriac;Masía de Ca n'Oriac;SBD-MEET-2017-05-11;0;1;0;https://decidim.sabadell.cat/processes/masia/f/4/meetings/11;"";""
9;;;2;Districte;Districte;1;https://decidim.sabadell.cat/processes/masia?participatory_process_slug=masia;4;Activitat oberta a l'entorn de la Masia;Actividad abierta en el entorno de la Masia;<p>Activitat oberta i dinamitzada per difondre el procés participatiu entre la ciutadania.</p>;<p>Actividad abierta y dinamizada para difundir el proceso participativo entre la ciutadania.</p>;2017-05-18 18:00:00;2017-05-18 20:00:00;0;0;;Carrer de la Mola, 12, 08207, Sabadell;Masia de Ca n'Oriac;Masía de Ca n'Oriac;SBD-MEET-2017-05-9;0;0;0;https://decidim.sabadell.cat/processes/masia/f/4/meetings/9;"";""
4;;;1;Barri;Barri;2;https://decidim.sabadell.cat/processes/vaporcusido?participatory_process_slug=vaporcusido;6;Taller presencial 1 ;Taller presencial 1 ;<p>Taller obert de recollida d'idees i debat d'aportacions per part de la ciutadania i entitats.</p><p><br></p><p><br></p>;<p>Taller abierto de recogida de ideas y debate de aportaciones por parte de la ciudadanía y entidades.</p><p><br></p><p><strong><br></strong></p>;2017-03-14 19:00:00;2017-03-14 21:00:00;0;0;;ctra. de Prats de Lluçanès, 16, 08208, Sabadell;Centre Cívic de la Creu Alta;Centro Cívico de la Creu Alta;SBD-MEET-2017-05-4;0;2;0;https://decidim.sabadell.cat/processes/vaporcusido/f/6/meetings/4;"";""
6;;;1;Barri;Barri;2;https://decidim.sabadell.cat/processes/vaporcusido?participatory_process_slug=vaporcusido;6;Taller presencial 2;Taller presencial 2;<p>Taller obert de recollida d'idees i debat d'aportacions per part de la ciutadania i entitats.</p>;<p>Taller abierto de recogida de idees y debate de aportaciones por parte de la ciudadanía y entidades.</p>;2017-03-22 19:00:00;2017-03-22 21:00:00;0;0;;ctra. de Prats de Lluçanès, 16, 08208, Sabadell;Centre Cívic de la Creu Alta;Centro Cívico de la Creu Alta;SBD-MEET-2017-05-6;0;2;0;https://decidim.sabadell.cat/processes/vaporcusido/f/6/meetings/6;"";""
5;;;1;Barri;Barri;2;https://decidim.sabadell.cat/processes/vaporcusido?participatory_process_slug=vaporcusido;6;Taller final de devolució ;Taller final de devolución;<p>Taller final de devolució sobre les propostes sorgides a les dues sessions de treball del 14 i el 22 de març.</p>;<p>Taller final de devolución sobre las propuestas surgidas en las dos sesiones de trabajo del 14 y el 22 de Marzo.</p>;2017-05-22 19:00:00;2017-05-22 21:00:00;0;0;;ctra. de Prats de Lluçanès, 16, 08208, Sabadell;Centre Cívic de la Creu Alta;Centro Cívico de la Creu Alta;SBD-MEET-2017-05-5;0;1;0;https://decidim.sabadell.cat/processes/vaporcusido/f/6/meetings/5;"";""
15;;;;;;2;https://decidim.sabadell.cat/processes/vaporcusido?participatory_process_slug=vaporcusido;6;Retorn de resultats del procés i presentació dels plànols finals de configuració ;Devolución de resultados del proceso y presentación de los planos finales de configuración ;<p>Reunió per exposar els plànols finals de configuració de l'espai, detallant els aspectes consensuats durant el procés participatiu que s'han pogut incorporar. </p>;<p>Reunión para exponer los planos finales de configuración del espacio, detallando los aspectos consensuados durante el proceso que se han podido incorporar. </p>;2017-07-25 16:00:00;2017-07-25 18:00:00;0;0;;ctra. de Prats de Lluçanès, 16, 08208, Sabadell;Centre Cívic de la Creu Alta;Centro Cívico de la Creu Alta;SBD-MEET-2017-07-15;0;2;0;https://decidim.sabadell.cat/processes/vaporcusido/f/6/meetings/15;"";""
16;;;;;;9;https://decidim.sabadell.cat/processes/festamajorsbd?participatory_process_slug=festamajorsbd;24;La Festa Major a debat;La Fiesta Mayor a debate;"<p>El 5 de març de 2016 es va celebrar al Casal Pere Quart la Jornada de treball “la Festa Major a Debat”, oberta a tota la ciutadania, amb l’objectiu de realitzar un diagnòstic de l’estat actual de la Festa més important de la ciutat, tot creant un marc d’informació i diàleg en el que tots els agents socials implicats poguessin plantejar els seus arguments i acords en un clima de llibertat i respecte. <a target=""_blank"" href=""https://issuu.com/sabadell_cultura/docs/informe_de_resultats_v2"">Podeu accedir a l'informe de resultats de la jornada aquí</a>.</p>";<p>Contenido pendiente de elaboración.</p>;2016-03-05 19:00:00;2016-03-05 21:00:00;0;0;;Rambla 69, 08201, Sabadell;Casal Pere Quart;Casal Pere Quart;SBD-MEET-2017-08-16;0;0;0;https://decidim.sabadell.cat/processes/festamajorsbd/f/24/meetings/16;"";""
19;;;;;;9;https://decidim.sabadell.cat/processes/festamajorsbd?participatory_process_slug=festamajorsbd;24;L'organització de la Festa Major;La organización de la Fiesta Mayor;"<p>El passat dia 11 de juny es celebra la tercera de les Jornades Temàtiques centrada en l’Organització de la Festa Major, que es realitza a Cal Balsach.  </p><p>Aquesta s’emmarca en la segona fase del procés de participació sobre la festa Major que té com a objectiu debatre públicament sobre el model de Festa i donar veu a la ciutadania en la seva definició, com també millorar la percepció del fet que la Festa Major és una proposta de ciutat i de totes les persones que hi viuen. <a target=""_blank"" href=""https://issuu.com/sabadell_cultura/docs/sessio_fm_organitzaci___11_juny?workerAddress=ec2-52-23-181-17.compute-1.amazonaws.com"">Podeu accedir a l'informe de resultats de la jornada aquí</a>.</p><p> </p>";<p>Contenido pendiente de elaboración.</p>;2016-06-11 12:00:00;2016-06-11 14:00:00;0;0;;Carretera de Prats de Lluçanès, 2, 08208, Sabadell;Centre Cívic de la Creu Alta;Centro Cívico de la Creu Alta;SBD-MEET-2017-08-19;0;0;0;https://decidim.sabadell.cat/processes/festamajorsbd/f/24/meetings/19;"";""
17;;;;;;9;https://decidim.sabadell.cat/processes/festamajorsbd?participatory_process_slug=festamajorsbd;24;Disseny de la Festa Major amb denominació d'orígen;Diseño de la Fiesta Mayor con denominación de origen;"<p>Aquesta jornada s’emmarca en la segona fase del procés de participació sobre la festa Major que té com a objectiu debatre públicament sobre el model de Festa i donar veu a la ciutadania en la seva definició, com també millorar la percepció del fet que la Festa Major és una proposta de ciutat i de totes les persones que hi viuen. <a target=""_blank"" href=""http://procesparticipatiufestamajor.blogspot.com.es/2016/05/jornada-sobre-el-relat-de-la-festa-major.html#more"">Podeu accedir a l'informe de resultats de la jornada aquí</a>.</p>";<p>Contenido pendiente de elaboración.</p>;2016-05-12 19:00:00;2016-05-12 21:00:00;0;0;;Tres Creus, 127, 08202, Sabadell;Biblioteca Vapor Badia;Biblioteca Vapor Badia;SBD-MEET-2017-08-17;0;0;0;https://decidim.sabadell.cat/processes/festamajorsbd/f/24/meetings/17;"";""
18;;;;;;9;https://decidim.sabadell.cat/processes/festamajorsbd?participatory_process_slug=festamajorsbd;24;Programa i activitats de la festa;Programa y activitades de la fiesta;"<p>El passat dia 26 de maig es celebra la segona de les Jornades Temàtiques centrada en l’Estructura i Programació de la Festa Major que es va realitzar a la sala d’actes de l’IES Pau Vila. <a target=""_blank"" href=""https://issuu.com/sabadell_cultura/docs/sessio_fm_programa_26_maig?workerAddress=ec2-174-129-135-36.compute-1.amazonaws.com"">Podeu accedir a l'informe de resultats de la jornada aqu</a><a target=""_blank"" href=""http://procesparticipatiufestamajor.blogspot.com.es/2016/05/jornada-sobre-el-relat-de-la-festa-major.html#more"">í</a>.</p>";<p>Contenido pendiente de elaboración.</p>;2016-05-26 19:00:00;2016-05-26 21:00:00;0;0;;Carrer de Viladomat, 118, 08205, Sabadell;IES Pau Vila;IES Pau Vila;SBD-MEET-2017-08-18;0;0;0;https://decidim.sabadell.cat/processes/festamajorsbd/f/24/meetings/18;"";""
21;;;;;;9;https://decidim.sabadell.cat/processes/festamajorsbd?participatory_process_slug=festamajorsbd;24;Conclusions de la 2ª Fase del Procés Participatiu. Presentació del calendari i properes accions.;Conclusiones de la 2ª Fase del Proceso Participativo. Presentación del calendario y próximas acciones.;<p>El programa de la Festa Major 2016 ha incorporat algunes propostes sorgides dels debats anteriors, les quals es valoraran, així com també es presentaran els resultats del procés participatiu realitzat fins el moment i les accions que es proposa fer durant les properes setmanes. </p>;<p>Contenido pendiente de elaboración.</p>;2016-11-08 19:00:00;2016-11-08 21:00:00;0;0;;Rambla, 69, 08201, Sabadell;Casal Pere Quart;Casal Pere Quart;SBD-MEET-2017-08-21;0;0;0;https://decidim.sabadell.cat/processes/festamajorsbd/f/24/meetings/21;"";""
20;;;;;;9;https://decidim.sabadell.cat/processes/festamajorsbd?participatory_process_slug=festamajorsbd;24;Comunicació i festa;Comunicación y fiesta;"<p>El passat 12 de juliol al Casal Pere Quart es celebra la darrera Jornada del Procés Participatiu sobre el tema de la Comunicació. <a target=""_blank"" href=""https://issuu.com/sabadell_cultura/docs/sessio_fm_comunicaci___12_juliol?workerAddress=ec2-52-91-110-149.compute-1.amazonaws.com"">Podeu accedir a l'informe de resultats de la jornada aquí</a>.</p>";<p>Contenido pendiente de elaboración.</p>;2016-07-12 19:00:00;2016-07-12 21:00:00;0;0;;Rambla, 69, 08201, Sabadell;Casal Pere Quart;Casal Pere Quart;SBD-MEET-2017-08-20;0;0;0;https://decidim.sabadell.cat/processes/festamajorsbd/f/24/meetings/20;"";""
22;;;;;;9;https://decidim.sabadell.cat/processes/festamajorsbd?participatory_process_slug=festamajorsbd;24;Tancament del procés participatiu;Cierre del proceso participativo;"<p>El dissabte 18 de març, a la Biblioteca Vapor Badia, es realitza la Jornada de Cloenda del procés. <a target=""_blank"" href=""http://www.consensus.cat/sabadell/components/com_docs/files/S%C3%ADntesi%20Proc%C3%A9s%20Participatiu%20Festa%20Major.pdf"">Podeu consultar el document de síntesi del procés aquí</a>.</p><p> Va haver-hi diverses Ponències per tal de recollir els resultats i les conclusions de la feina feta durant tots aquests mesos:</p><ul><li>La Maria Vilasó, cap del Servei de Cultura, ha explicat ""El Procés Participartiu de Festa Major de Sabadell. Context i diseny""</li><li>La Yolanda Jiménez de la consultora EIDOS ha presentat ""L'Informe de Resultats.""</li><li>La Regidora de Cultura, Montserrat Chacon, ha exposat les ""Propostes de futur""</li><li>I l' Alcalde de Sabadell, Juli Fernández ha intervingut per tancar l'acte.</li></ul><p>Sorgides del Procés Participatiu, s'han pogut constituir les Comissions de treball de la Festa Major, que garantiràn la participació continuada a l'organització de la Festa Major de Sabadell. Les Comissions són: Comunicació, Territorial, Cultura popular i tradicional, Oci jove i alternatiu, i Música.</p><p> </p>";<p>Contingut pendent d'elaboració.</p>;2017-03-18 12:00:00;2017-03-18 14:00:00;0;0;;Carrer de les Tres Creus, 127-129, 08202, Sabadell;Biblioteca Vapor Badia;Biblioteca Vapor Badia;SBD-MEET-2017-08-22;0;0;0;https://decidim.sabadell.cat/processes/festamajorsbd/f/24/meetings/22;"";""
31;;;;;;11;https://decidim.sabadell.cat/processes/oficinaentitats?participatory_process_slug=oficinaentitats;31;Sessió de treball conjunt;Sesió de trabajo conjunto;<p>Sessió de treball amb les entitats i col·lectius de la ciutat, amb l'objectiu de definir conjuntament els serveis de la futura oficina d'entitats. </p>;<p>Sesión de trabajo con las entidades y colectivos de la ciudad, con el objetivo de definir conjuntamente los servicios de la futura oficina de entidades.</p>;2017-11-14 18:30:00;2017-11-14 20:30:00;0;0;;Rambla, 69, 08201, Sabadell;Casal Pere Quart;Casal Pere Quart;SBD-MEET-2017-10-31;0;0;3;https://decidim.sabadell.cat/processes/oficinaentitats/f/31/meetings/31;"";""
44;;;;;;13;https://decidim.sabadell.cat/processes/genere-lgtbi?participatory_process_slug=genere-lgtbi;38;Jornada participativa;Jornada participativa;<p>Un dels instruments metodològics que es faran servir, són les grups focals, dels quals un estarà format per associacions de dones, feministes, associacions LGTBI, entitats socials i totes aquelles persones que, a títol individual, estiguin interessades en participar-hi. </p><p><br></p><p>Aquests grups de participació es realitzaran amb metodologies participatives, fomentant l’anàlisi, la reflexió crítica i l’aprenentatge mutu.</p><p>La data en què es portarà a terme aquest grup de participació és el <strong>dilluns 23 d'octubre, de 18.45 a les 20.30 h, al Casal Pere Quart (Rambla, 69). </strong></p>;<p>Uno de los instrumentos metodológicos que se harán servir, son los grupos focales, de los cuales uno estará formado per asociaciones de mujeres, feministas, asociaciones LGTBI, entidades sociales y todas aquellas personas que, a título individual, estén interesadas en participar.</p><p>Estos grupos de participación se realizarán con metodologías participativas, fomentando el análisis, la reflexión crítica y el aprendizaje mutuo.</p><p><br></p><p>La fecha en que se llevará a cabo este grupo de participación será el<strong> lunes 23 de octubre, de 18.45 a 20.30 h, en el Casal Pere Quart (Rambla, 69).</strong></p>;2017-10-23 18:45:00;2017-10-23 20:30:00;17;0;"Les entitats que han participat són: Bruixes del Nord, Espai Àgora, Dones de Torreguitart, Lliga dels Drets dels Pobles, Nous Homes de Sabadell, Associació de Veïns de Covadonga, Justa Revolta, CCOO, Actua Vallès, a més de persones a títol individual.

";Rambla, 69, 08201, Sabadell;Casal Pere Quart;Casal Pere Quart;SBD-MEET-2017-10-44;0;0;1;https://decidim.sabadell.cat/processes/genere-lgtbi/f/38/meetings/44;"";""
75;;;;;;13;https://decidim.sabadell.cat/processes/genere-lgtbi?participatory_process_slug=genere-lgtbi;38;2a Jornada Participativa;2a Jornada participativa;<p>Un dels instruments metodològics que es faran servir, són les grups focals, dels quals un estarà format per associacions de dones, feministes, associacions LGTBI, entitats socials i totes aquelles persones que, a títol individual, estiguin interessades en participar-hi.</p><p><br></p><p>Aquests grups de participació es realitzaran amb metodologies participatives, fomentant l’anàlisi, la reflexió crítica i l’aprenentatge mutu.</p><p>La data en què es portarà a terme aquest grup de participació és el <strong>dilluns 18 de desembre, de 19.30 a 20.30 h, a la sala 5 del Casal Pere Quart (Rambla, 69).</strong></p>;<p>Uno de los instrumentos metodológicos que se harán servir, son los grupos focales, de los cuales uno estará formado per asociaciones de mujeres, feministas, asociaciones LGTBI, entidades sociales y todas aquellas personas que, a título individual, estén interesadas en participar.</p><p>Estos grupos de participación se realizarán con metodologías participativas, fomentando el análisis, la reflexión crítica y el aprendizaje mutuo.</p><p><br></p><p>La fecha en que se llevará a cabo este grupo de participación será el<strong> lunes 18 de diciembre, de 19.30 a 20.30 h, en la sala 5 del Casal Pere Quart (Rambla, 69).</strong></p>;2017-12-18 19:30:00;2017-12-18 20:30:00;0;0;;Rambla, 69;Casal Pere Quart ;Casal Pere Quart;SBD-MEET-2017-12-75;0;0;1;https://decidim.sabadell.cat/processes/genere-lgtbi/f/38/meetings/75;"";""
101;;;;;;17;https://decidim.sabadell.cat/processes/pla?participatory_process_slug=pla;50;Districte 2;"";<p>Sessió de treball oberta</p>;"";2018-05-02 18:00:00;2018-05-02 20:00:00;0;0;;Plaça Primer de MAig, 1, 08208, Sabadell;Centre Cívic de Can Puiggener;"";SBD-MEET-2018-04-101;0;0;0;https://decidim.sabadell.cat/processes/pla/f/50/meetings/101;"";""
99;;;;;;17;https://decidim.sabadell.cat/processes/pla?participatory_process_slug=pla;50;Districte 3;"";<p>Sessió de treball oberta</p>;"";2018-04-25 18:00:00;2018-04-25 20:00:00;0;0;;Carrer d'Arousa, 2, 08207, Sabadell;Centre Cívic de Ca n'Oriac;"";SBD-MEET-2018-04-99;0;0;0;https://decidim.sabadell.cat/processes/pla/f/50/meetings/99;"";""
100;;;;;;17;https://decidim.sabadell.cat/processes/pla?participatory_process_slug=pla;50;Districte 5;"";<p>Sessió de treball oberta</p>;"";2018-04-26 18:00:00;2018-04-26 20:00:00;0;0;;Plaça del Treball, 1, 08205, Sabadell;Centre Cívic de Gràcia;"";SBD-MEET-2018-04-100;0;0;0;https://decidim.sabadell.cat/processes/pla/f/50/meetings/100;"";""
96;;;;;;17;https://decidim.sabadell.cat/processes/pla?participatory_process_slug=pla;50;Districte 6;"";<p>Sessió de treball oberta</p>;"";2018-04-12 18:00:00;2018-04-12 20:00:00;0;0;;Passeig dels Almogàvers, 49, 08;Auditori Biblioteca del Sud;"";SBD-MEET-2018-04-96;0;0;0;https://decidim.sabadell.cat/processes/pla/f/50/meetings/96;"";""
97;;;;;;17;https://decidim.sabadell.cat/processes/pla?participatory_process_slug=pla;50;Districte 4;"";<p>Sessió de treball oberta</p>;"";2018-04-17 18:00:00;2018-04-17 20:00:00;0;0;;Carrer de Sant Isidor, 51, 08206, Sabadell;Centre Cívic de Can Rull;"";SBD-MEET-2018-04-97;0;0;0;https://decidim.sabadell.cat/processes/pla/f/50/meetings/97;"";""
98;;;;;;17;https://decidim.sabadell.cat/processes/pla?participatory_process_slug=pla;50;Districte 7;"";<p>Sessió de treball oberta</p>;"";2018-05-08 18:30:00;2018-05-08 20:30:00;0;0;;Carrer Valira Alta, 2, 08202, Sabadell;Centre Cívic Torre-romeu;"";SBD-MEET-2018-04-98;0;0;0;https://decidim.sabadell.cat/processes/pla/f/50/meetings/98;"";""
102;;;;;;17;https://decidim.sabadell.cat/processes/pla?participatory_process_slug=pla;50;Districte 1;"";<p>Sessió de treball oberta</p>;"";2018-05-03 18:00:00;2018-05-03 20:00:00;0;0;;Rambla, 69, 08202, Sabadell;Casal Pere Quart;"";SBD-MEET-2018-04-102;0;0;0;https://decidim.sabadell.cat/processes/pla/f/50/meetings/102;"";""
106;;;;;;1;https://decidim.sabadell.cat/assemblies/conselldeldistricte1?assembly_slug=conselldeldistricte1;51;Consell del Districte 1;Consejo de Distrito 1;<p>Sessió del dia 7 de maig del 2018.</p>;<p>Sesión del día 7 de mayo de 2018.</p>;2018-05-07 19:00:00;2018-05-07 21:00:00;0;0;;Carrer de Sol i Padrís, 93, 08203, Sabadell;Centre Cívic de Sant Oleguer;Centro Cívico de Sant Oleguer;SBD-MEET-2018-04-106;0;5;0;https://decidim.sabadell.cat/assemblies/conselldeldistricte1/f/51/meetings/106;"";""
108;;;;;;1;https://decidim.sabadell.cat/assemblies/conselldeldistricte1?assembly_slug=conselldeldistricte1;51;Consell del Districte 1;Consejo de Distrito 1;<p>Sessió del dia 15 de gener de 2018.</p>;<p>Sesión del día 15 de enero de 2018.</p>;2018-01-15 19:00:00;2018-01-15 21:00:00;0;0;;Carrer de Sol i Padrís, 93, 08203, Sabadell;Centre Cívic de Sant Oleguer;Centro Cívico de Sant Oleguer;SBD-MEET-2018-05-108;0;3;0;https://decidim.sabadell.cat/assemblies/conselldeldistricte1/f/51/meetings/108;"";""
109;;;;;;1;https://decidim.sabadell.cat/assemblies/conselldeldistricte1?assembly_slug=conselldeldistricte1;51;Consell del Districte 1;Consejo de Distrito 1;<p>Sessió del dia 5 de febrer de 2018.</p>;<p>Sesión del día 5 de febrero de 2018.</p>;2018-02-05 19:00:00;2018-02-05 21:00:00;0;0;;Rambla, 69, 08201, Sabadell;Casal Pere Quart;Casal Pere Quart;SBD-MEET-2018-05-109;0;4;0;https://decidim.sabadell.cat/assemblies/conselldeldistricte1/f/51/meetings/109;"";""
110;;;;;;1;https://decidim.sabadell.cat/assemblies/conselldeldistricte1?assembly_slug=conselldeldistricte1;51;Consell del Districte 1;Consejo de Distrito 1;<p>Sessió del dia 5 de març de 2018.</p>;<p>Sesión del día 5 de marzo de 2018.</p>;2018-03-05 19:00:00;2018-03-05 21:00:00;0;0;;Carrer de Sol i Padrís, 93, 08203, Sabadell;Centre Cívic de Sant Oleguer;Centro Cívico de Sant Oleguer;SBD-MEET-2018-05-110;0;3;0;https://decidim.sabadell.cat/assemblies/conselldeldistricte1/f/51/meetings/110;"";""
111;;;;;;1;https://decidim.sabadell.cat/assemblies/conselldeldistricte1?assembly_slug=conselldeldistricte1;51;Consell del Districte 1;Consejo de Distrito 1;<p>Sessió del dia 9 d'abril de 2018.</p>;<p>Sesión del día 6 de abril de 2018.</p>;2018-04-09 19:00:00;2018-04-09 21:00:00;0;0;;Rambla, 69, 08201, Sabadell;Casal Pere Quart;Casal Pere Quart;SBD-MEET-2018-05-111;0;3;0;https://decidim.sabadell.cat/assemblies/conselldeldistricte1/f/51/meetings/111;"";""
126;;;;;;1;https://decidim.sabadell.cat/assemblies/conselldeldistricte1?assembly_slug=conselldeldistricte1;51;Consell del Districte 1;Consejo de Distrito 1;<p>Sessió del dia 4 de juny de 2018.</p>;<p>Sesión del dia 4 de junio de 2018.</p>;2018-06-04 19:00:00;2018-06-04 21:00:00;0;0;;Rambla, 69, 08201, Sabadell;Casal Pere Quart;Casal Pere Quart;SBD-MEET-2018-05-126;0;3;0;https://decidim.sabadell.cat/assemblies/conselldeldistricte1/f/51/meetings/126;"";""
131;;;;;;1;https://decidim.sabadell.cat/assemblies/conselldeldistricte1?assembly_slug=conselldeldistricte1;51;Consell del Districte 1;Consejo de Distrito 1;<p>Sessió del dia 2 de juliol de 2018.</p>;<p>Sesión del día 2 de julio de 2018.</p>;2018-07-02 19:00:00;2018-07-02 21:00:00;0;0;;Carrer de Sol i Padrís, 93, 08203, Sabadell;Centre Cívic de Sant Oleguer;Centro Cívico de Sant Oleguer;SBD-MEET-2018-06-131;0;4;0;https://decidim.sabadell.cat/assemblies/conselldeldistricte1/f/51/meetings/131;"";""
134;;;;;;1;https://decidim.sabadell.cat/assemblies/conselldeldistricte1?assembly_slug=conselldeldistricte1;51;Consell del Districte 1;"";<p>Sessió del dia 8 d'octubre del 2018.</p>;<p>Sesión del dia 8 de octubre de 2018.</p>;2018-10-08 19:00:00;2018-10-08 21:00:00;0;0;;Rambla, 69, 08201, Sabadell;Casal Pere Quart;Casal Pere Quart;SBD-MEET-2018-10-134;0;6;0;https://decidim.sabadell.cat/assemblies/conselldeldistricte1/f/51/meetings/134;"";""
136;;;;;;1;https://decidim.sabadell.cat/assemblies/conselldeldistricte1?assembly_slug=conselldeldistricte1;51;Consell del Districte 1;"";<p>Sessió del dia 5 de novembre de 2018.</p>;<p>Sesión del día 5 de noviembre de 2018.</p>;2018-11-05 19:00:00;2018-11-05 21:00:00;0;0;;Carrer de Sol i Padrís, 93, 08203, Sabadell;Centre Cívic de Sant Oleguer;Centro Civico de Sant Oleguer;SBD-MEET-2018-10-136;0;5;0;https://decidim.sabadell.cat/assemblies/conselldeldistricte1/f/51/meetings/136;"";""
158;;;;;;1;https://decidim.sabadell.cat/assemblies/conselldeldistricte1?assembly_slug=conselldeldistricte1;51;Consell del Districte 1;Consejo de Distrito 1;<p>Sessió del dia 17 de desembre de 2018.</p>;<p>Sesión del día 17 de diciembre de 2018.</p>;2018-12-17 19:00:00;2018-12-17 21:00:00;0;0;;Rambla, 69, 08201, Sabadell;Casal Pere Quart;Casal Pere Quart;SBD-MEET-2018-12-158;0;5;1;https://decidim.sabadell.cat/assemblies/conselldeldistricte1/f/51/meetings/158;"";""
112;;;;;;2;https://decidim.sabadell.cat/assemblies/conselldeldistricte2?assembly_slug=conselldeldistricte2;52;Consell del Districte 2;Consejo de Distrito 2;<p>Sessió del dia 18 de gener de 2018.</p>;<p>Sesión del día 18 de enero de 2018.</p>;2018-01-18 19:00:00;2018-01-18 21:00:00;0;0;;Carretera de Prats de Lluçanès, 16-34, 08208, Sabadell;Centre Cívic de la Creu Alta - Cal Balsach;Centro Cívico de la Creu Alta - Cal Balsach;SBD-MEET-2018-05-112;0;3;0;https://decidim.sabadell.cat/assemblies/conselldeldistricte2/f/52/meetings/112;"";""
113;;;;;;2;https://decidim.sabadell.cat/assemblies/conselldeldistricte2?assembly_slug=conselldeldistricte2;52;Consell del Districte 2;Consejo de Distrito 2;<p>Sessió del dia 15 de febrer de 2018.</p>;<p>Sesión del día 15 de febrero de 2018.</p>;2018-02-15 19:00:00;2018-02-15 21:00:00;0;0;;Plaça del Primer de Maig, 1, 08208 Sabadell;Centre Cívic de Can Puiggener;Centro Cívico de Can Puiggener;SBD-MEET-2018-05-113;0;5;0;https://decidim.sabadell.cat/assemblies/conselldeldistricte2/f/52/meetings/113;"";""
114;;;;;;2;https://decidim.sabadell.cat/assemblies/conselldeldistricte2?assembly_slug=conselldeldistricte2;52;Consell del Districte 2;Consejo de Distrito 2;<p>Sessió del dia 19 d'abril de 2018.</p>;<p>Sesión del día 19 de abril de 2018.</p>;2018-04-19 19:00:00;2018-04-19 21:00:00;0;0;;Plaça del Primer de Maig, 1, 08208 Sabadell;Centre Cívic de Can Puiggener;Centro Cívico de Can Puiggener;SBD-MEET-2018-05-114;0;3;0;https://decidim.sabadell.cat/assemblies/conselldeldistricte2/f/52/meetings/114;"";""
125;;;;;;2;https://decidim.sabadell.cat/assemblies/conselldeldistricte2?assembly_slug=conselldeldistricte2;52;Consell del Districte 2;Consejo de Distrito 2;<p>Sessió del dia 24 de maig de 2018.</p>;<p>Sesión del día 24 de mayo de 2018.</p>;2018-05-24 19:00:00;2018-05-24 21:00:00;0;0;;Carretera de Prats de Lluçanès, 16-34, 08208, Sabadell;Centre Cívic de la Creu Alta - Cal Balsach;Centro Civico de la Creu Alta - Cal Balsach;SBD-MEET-2018-05-125;0;2;0;https://decidim.sabadell.cat/assemblies/conselldeldistricte2/f/52/meetings/125;"";""
130;;;;;;2;https://decidim.sabadell.cat/assemblies/conselldeldistricte2?assembly_slug=conselldeldistricte2;52;Consell del Districte 2;Consejo de Distrito 2;<p>Sessió del dia 21 de juny de 2018.</p>;<p>Sesión del dia 21 de junio de 2018.</p>;2018-06-21 19:00:00;2018-06-21 21:00:00;0;0;;Plaça del Primer de Maig, 1, 08208 Sabadell;Centre Cívic de Can Puiggener;Centro Cívico de Can Puiggener;SBD-MEET-2018-06-130;0;2;0;https://decidim.sabadell.cat/assemblies/conselldeldistricte2/f/52/meetings/130;"";""
133;;;;;;2;https://decidim.sabadell.cat/assemblies/conselldeldistricte2?assembly_slug=conselldeldistricte2;52;Consell del Districte 2;"";<p>Sessió del dia 4 d'octubre de 2018.</p>;"";2018-10-04 19:00:00;2018-10-04 21:00:00;0;0;;Carretera de Prats de Lluçanès, 16-34, 08208, Sabadell;Centre Cívic de la Creu Alta - Cal Balsach;"";SBD-MEET-2018-10-133;0;4;0;https://decidim.sabadell.cat/assemblies/conselldeldistricte2/f/52/meetings/133;"";""
159;;;;;;2;https://decidim.sabadell.cat/assemblies/conselldeldistricte2?assembly_slug=conselldeldistricte2;52;Consell del Districte 2;Consejo de Distrito 2;<p>Sessió del dia 13 de desembre de 2018.</p>;<p>Sesión del día 13 de diciembre de 2018.</p>;2018-12-13 19:00:00;2018-12-13 21:00:00;0;0;;Carretera de Prats de Lluçanès, 16-34, 08208, Sabadell;Centre Cívic de la Creu Alta - Cal Balsach;Centro Civico de la Creu Alta - Cal Balsach;SBD-MEET-2018-12-159;0;4;0;https://decidim.sabadell.cat/assemblies/conselldeldistricte2/f/52/meetings/159;"";""
115;;;;;;3;https://decidim.sabadell.cat/assemblies/conselldeldistricte3?assembly_slug=conselldeldistricte3;53;Consell del Districte 3;Consejo de Distrito 3;<p>Sessió del dia 13 de febrer de 2018.</p>;<p>Sesión del día 13 de febrero de 2018.</p>;2018-02-13 19:00:00;2018-02-13 21:00:00;0;0;;carrer d'Arousa, 2, 08207, Sabadell;Centre Cívic de Ca n'Oriac;Centro Cívico de Ca n'Oriac;SBD-MEET-2018-05-115;0;2;0;https://decidim.sabadell.cat/assemblies/conselldeldistricte3/f/53/meetings/115;"";""
116;;;;;;3;https://decidim.sabadell.cat/assemblies/conselldeldistricte3?assembly_slug=conselldeldistricte3;53;Consell del Districte 3;Consejo de Distrito 3;<p>Sessió del dia 17 d'abril de 2018.</p>;<p>Sesión del día 17 de abril de 2018.</p>;2018-04-17 19:00:00;2018-04-17 21:00:00;0;0;;carrer d'Arousa, 2, 08207, Sabadell;Centre Civic de Ca n'Oriac;Centro Civico de Ca n'Oriac;SBD-MEET-2018-05-116;0;3;0;https://decidim.sabadell.cat/assemblies/conselldeldistricte3/f/53/meetings/116;"";""
128;;;;;;3;https://decidim.sabadell.cat/assemblies/conselldeldistricte3?assembly_slug=conselldeldistricte3;53;Consell del Districte 3;Consejo de Distrito 3;<p>Sessió del dia 12 de juny del 2018.</p>;<p>Sesión del día 12 de junio de 2018.</p>;2018-06-12 19:00:00;2018-06-12 21:00:00;0;0;;carrer d'Arousa, 2, 08207, Sabadell;Centre Cívic de Ca n'Oriac;Centro Cívico de ca n'Oriac;SBD-MEET-2018-06-128;0;3;1;https://decidim.sabadell.cat/assemblies/conselldeldistricte3/f/53/meetings/128;"";""
117;;;;;;4;https://decidim.sabadell.cat/assemblies/conselldeldistricte4?assembly_slug=conselldeldistricte4;54;Consell del Districte 4;Consejo de Distrito 4;<p>Sessió del dia 14 de febrer de 2018.</p>;<p>Sesión del día 14 de febrero de 2018.</p>;2018-02-14 19:00:00;2018-02-14 21:00:00;0;0;;Avinguda d'Estrasburg, 82;Centre Cívic de Can Llong - Castellarnau;Centro Cívico de Can Llong - Castellarnau;SBD-MEET-2018-05-117;0;2;0;https://decidim.sabadell.cat/assemblies/conselldeldistricte4/f/54/meetings/117;"";""
118;;;;;;4;https://decidim.sabadell.cat/assemblies/conselldeldistricte4?assembly_slug=conselldeldistricte4;54;Consell del Districte 4;Consejo de Distrito 4;<p>Sessió del dia 18 d'abril de 2018.</p>;<p>Sesión del día 18 de abril de 2018.</p>;2018-04-18 19:00:00;2018-04-18 21:00:00;0;0;;C. de Lusitània, 3, 08206, Sabadell;Centre Cívic de la Concòrdia;Centro Cívico de la Concòrdia;SBD-MEET-2018-05-118;0;5;0;https://decidim.sabadell.cat/assemblies/conselldeldistricte4/f/54/meetings/118;"";""
129;;;;;;4;https://decidim.sabadell.cat/assemblies/conselldeldistricte4?assembly_slug=conselldeldistricte4;54;Consell del Districte 4;Consejo de Distrito 4;<p>Sessió del dia 13 de juny de 2018.</p>;<p>Sesión del día 13 de juniio de 2018.</p>;2018-06-13 19:00:00;2018-06-13 21:00:00;0;0;;Carrer de Sant Isidor, 51, 08206, Sabadell;Centre Cívic de Can Rull;Centro Cívico de Can Rull;SBD-MEET-2018-06-129;0;2;1;https://decidim.sabadell.cat/assemblies/conselldeldistricte4/f/54/meetings/129;"";""
132;;;;;;4;https://decidim.sabadell.cat/assemblies/conselldeldistricte4?assembly_slug=conselldeldistricte4;54;Consell del Districte 4;Consejo de Distrito 4;<p>Sessió del dia 12 de setembre de 2018.</p>;<p>Sesión del día 12 de setiembre de 2018.</p>;2018-09-12 19:00:00;2018-09-12 21:00:00;0;0;;Avinguda d'Estrasburg, 82, 08206, Sabadell;Centre Cívic de Can Llong - Castellarnau;Centro Cívico de Can Llong - Castellarnau;SBD-MEET-2018-09-132;0;2;0;https://decidim.sabadell.cat/assemblies/conselldeldistricte4/f/54/meetings/132;"";""
137;;;;;;4;https://decidim.sabadell.cat/assemblies/conselldeldistricte4?assembly_slug=conselldeldistricte4;54;Consell del Districte 4;"";<p>Sessió del dia 6 de novembre de2 2018.</p>;<p>Sesión del día 6 de noviembre de 2018.</p>;2018-11-06 19:00:00;2018-11-06 21:00:00;0;0;;Carrer de Sant Isidor, 51, 08206, Sabadell;Centre Cívic de Can Rull;Centro Cívico de Can Rull;SBD-MEET-2018-10-137;0;3;0;https://decidim.sabadell.cat/assemblies/conselldeldistricte4/f/54/meetings/137;"";""
157;;;;;;4;https://decidim.sabadell.cat/assemblies/conselldeldistricte4?assembly_slug=conselldeldistricte4;54;Consell del Districte 4;Consejo de Distrito 4;<p>Sessió del dia 19 de desembre del 2018.</p>;<p>Sesión del día 19 de diciembre de 2018.</p>;2018-12-19 19:00:00;2018-12-19 21:00:00;0;0;;Carrer de Lusitània, 3, 08206, Sabadell;Centre Cívic de la Concòrdia;Centro Cívico de la Concórdia;SBD-MEET-2018-12-157;0;6;0;https://decidim.sabadell.cat/assemblies/conselldeldistricte4/f/54/meetings/157;"";""
119;;;;;;5;https://decidim.sabadell.cat/assemblies/conselldeldistricte5?assembly_slug=conselldeldistricte5;55;Consell del Districte 5;Consejo de Distrito 5;<p>Sessió del dia 7 de febrer de 2018.</p>;<p>Sesión del día 7 de febrero de 2018.</p>;2018-02-07 19:00:00;2018-02-07 21:00:00;0;0;;Plaça del Treball, 1;Centre Cívic de Gràcia;Centro Cívico de Gràcia;SBD-MEET-2018-05-119;0;3;0;https://decidim.sabadell.cat/assemblies/conselldeldistricte5/f/55/meetings/119;"";""
120;;;;;;5;https://decidim.sabadell.cat/assemblies/conselldeldistricte5?assembly_slug=conselldeldistricte5;55;Consell del Districte 5;Consejo de Distrito 5;<p>Sessió del dia 11 d'abril de 2018.</p>;<p>Sesión del día 11 de abril de 2018.</p>;2018-04-11 19:00:00;2018-04-11 21:00:00;0;0;;Plaça del Pla de l'Amor, 2 08205 Sabadell;Casal Cívic Arraona - Els Merinals - Julio Regalado;Casal Cívico Arraona - Els Merinals - Julio Regalado;SBD-MEET-2018-05-120;0;6;0;https://decidim.sabadell.cat/assemblies/conselldeldistricte5/f/55/meetings/120;"";""
127;;;;;;5;https://decidim.sabadell.cat/assemblies/conselldeldistricte5?assembly_slug=conselldeldistricte5;55;Consell del Districte 5;Consejo del Distrito 5;<p>Sessió del dia 6 de juny de 2018.</p>;<p>Sesión del día 6 de junio de 2018.</p>;2018-06-06 19:00:00;2018-06-06 21:00:00;0;0;;Plaça del Treball, 1;Centre Cívic de Gràcia;Centro Cívico de Gracia;SBD-MEET-2018-05-127;0;4;0;https://decidim.sabadell.cat/assemblies/conselldeldistricte5/f/55/meetings/127;"";""
135;;;;;;5;https://decidim.sabadell.cat/assemblies/conselldeldistricte5?assembly_slug=conselldeldistricte5;55;Consell del Districte 5;Consejo de Distrito 5;<p>Sessió del dia 10 d'octubre de 2018.</p>;<p>Sesión del día 10 de octubre de 2018.</p>;2018-10-10 19:00:00;2018-10-10 21:00:00;0;0;;Plaça del Treball, 1;Centre Cívic de Gràcia;Centro Cívico de Gracia;SBD-MEET-2018-10-135;0;5;0;https://decidim.sabadell.cat/assemblies/conselldeldistricte5/f/55/meetings/135;"";""
138;;;;;;5;https://decidim.sabadell.cat/assemblies/conselldeldistricte5?assembly_slug=conselldeldistricte5;55;Consell del Districte 5;Consejo de Distrito 5;<p>Sessió del dia 7 de novembre del 2018.</p>;<p>Sesión del día 7 de noviembre de 2018.</p>;2018-11-07 19:30:00;2018-11-07 21:30:00;0;0;;Plaça del Pla de l'Amor, 2, 08205, Sabadell;Casal Cívic Arraona Merinals Can Gambús;Casal Cívicio Arraona Merinals Can Gambús;SBD-MEET-2018-10-138;0;2;0;https://decidim.sabadell.cat/assemblies/conselldeldistricte5/f/55/meetings/138;"";""
143;;;;;;5;https://decidim.sabadell.cat/assemblies/conselldeldistricte5?assembly_slug=conselldeldistricte5;55;Consell del Districte 5;Consejo de Distrito 5;<p>Sessió del dia 12 de desembre de 2018.</p>;<p>Sesión del día 12 de diciembre de 2018.</p>;2018-12-12 19:00:00;2018-12-12 21:00:00;0;0;;Plaça del Treball, 1;Centre Cívic de Gràcia;Centro Civico de Gracia;SBD-MEET-2018-12-143;0;6;0;https://decidim.sabadell.cat/assemblies/conselldeldistricte5/f/55/meetings/143;"";""
122;;;;;;6;https://decidim.sabadell.cat/assemblies/conselldeldistricte6?assembly_slug=conselldeldistricte6;56;Consell del Districte 6;Consejo de Distrito 6;<p>Sessió del dia 12 de març del 2018.</p>;<p>Sesión del día 12 de marzo de 2018.</p>;2018-03-12 19:00:00;2018-03-12 21:00:00;0;0;;Passeig dels Almogàvers, 49, 08204, Sabadell;Biblioteca del Sud;Biblioteca del Sur;SBD-MEET-2018-05-122;0;4;0;https://decidim.sabadell.cat/assemblies/conselldeldistricte6/f/56/meetings/122;"";""
121;;;;;;6;https://decidim.sabadell.cat/assemblies/conselldeldistricte6?assembly_slug=conselldeldistricte6;56;Consell del Districte 6;Consejo de Distrito 6;<p>Sessió del dia 15 de gener de 2018.</p>;<p>Sesión del día 15 de enero de 2018.</p>;2018-01-15 19:00:00;2018-01-15 21:00:00;0;0;;Passeig dels Almogàvers, 49, 08204, Sabadell;Biblioteca del Sud;Biblioteca del Sud;SBD-MEET-2018-05-121;0;3;0;https://decidim.sabadell.cat/assemblies/conselldeldistricte6/f/56/meetings/121;"";""
124;;;;;;6;https://decidim.sabadell.cat/assemblies/conselldeldistricte6?assembly_slug=conselldeldistricte6;56;Consell del Districte 6;Consejo de Distrito 6;<p>Sessió del dia 22 de maig de 2018.</p>;<p>Sesión del día 22 de mayo de 2018.</p>;2018-05-22 19:00:00;2018-05-22 21:00:00;0;0;;Passeig dels Almogàvers, 49, 08204, Sabadell;Biblioteca del Sud;Biblioteca del Sur;SBD-MEET-2018-05-124;0;2;0;https://decidim.sabadell.cat/assemblies/conselldeldistricte6/f/56/meetings/124;"";""
123;;;;;;7;https://decidim.sabadell.cat/assemblies/conselldeldistricte7?assembly_slug=conselldeldistricte7;57;Consell del Districte 7;Consejo de Distrito 7;<p>Sessió del dia 10 d'abril de 2018.</p>;<p>Sesión del día 10 de abril de 2018.</p>;2018-04-10 18:00:00;2018-04-10 20:00:00;0;0;;Plaça de Montcortès, 1, 08202, Sabadell;Centre Cívic de Torre-romeu;Centro Civico de Torre-romeu;SBD-MEET-2018-05-123;0;3;0;https://decidim.sabadell.cat/assemblies/conselldeldistricte7/f/57/meetings/123;"";""
139;;;;;;20;https://decidim.sabadell.cat/processes/peps?participatory_process_slug=peps;63;Districtes 2-3-4;"";<p>Auditori del Centre Cívic de Ca n'Oriac</p>;"";2018-11-20 19:00:00;2018-11-20 20:30:00;0;0;;Carrer d'Arousa, 2;Carrer d'Arousa, 2, 08207, Sabadell;"";SBD-MEET-2018-11-139;0;0;0;https://decidim.sabadell.cat/processes/peps/f/63/meetings/139;"";""
140;;;;;;20;https://decidim.sabadell.cat/processes/peps?participatory_process_slug=peps;63;Districtes 6-7;"";<p>Biblioteca del Sud</p>;"";2018-11-22 18:30:00;2018-11-22 20:00:00;0;0;;Pg. dels Almogàvers, 49;Pg. dels Almogàvers, 49, 08204, Sabadell;"";SBD-MEET-2018-11-140;0;0;0;https://decidim.sabadell.cat/processes/peps/f/63/meetings/140;"";""
141;;;;;;20;https://decidim.sabadell.cat/processes/peps?participatory_process_slug=peps;63;Districtes 1-5;"";<p>Casal Pere Quart</p>;"";2018-12-13 18:30:00;2018-12-13 20:00:00;0;0;;Rambla, 69;Rambla, 69, 08202, Sabadell;"";SBD-MEET-2018-11-141;0;0;2;https://decidim.sabadell.cat/processes/peps/f/63/meetings/141;"";""
202;;;;;;8;https://decidim.sabadell.cat/assemblies/CanLlong?assembly_slug=CanLlong;85;Sessió de treball;"";<p>Decidim el barri que volem</p>;"";2017-12-19 18:00:00;2017-12-19 20:00:00;0;0;;Av. d'Estrasburg, 82, 08206 Sabadell;Centre Cívic de Can Llong;"";SBD-MEET-2019-05-202;0;0;0;https://decidim.sabadell.cat/assemblies/CanLlong/f/85/meetings/202;"";""
203;;;;;;8;https://decidim.sabadell.cat/assemblies/CanLlong?assembly_slug=CanLlong;85;Sessió de treball;"";<p>Decidim el barri que volem: Retorn dels resultats de la sessió del 19-12-17</p>;"";2018-02-19 18:00:00;2018-02-19 20:00:00;0;0;;Av. d'Estrasburg, 82, 08206 Sabadell;Centre Cívic de Can Llong;"";SBD-MEET-2019-05-203;0;0;0;https://decidim.sabadell.cat/assemblies/CanLlong/f/85/meetings/203;"";""
204;;;;;;8;https://decidim.sabadell.cat/assemblies/CanLlong?assembly_slug=CanLlong;85;Sessió de treball;"";"<p>Ordre del dia:
</p><p class=""MsoNormal"">1- Proposta de funcionament de l'assemblea.</p><p class=""MsoNormal"">2- Proposta de temes del barri a tractar.</p><p class=""MsoNormal"">3- Torn obert de paraules</p><p>

</p>";"";2018-04-09 18:00:00;2018-04-09 20:00:00;0;0;;Av. d'Estrasburg, 82, 08206 Sabadell;Centre Cívic de Can Llong;"";SBD-MEET-2019-05-204;0;0;0;https://decidim.sabadell.cat/assemblies/CanLlong/f/85/meetings/204;"";""
205;;;;;;8;https://decidim.sabadell.cat/assemblies/CanLlong?assembly_slug=CanLlong;85;Sessió de treball;"";"<p class=""MsoNormal"">En aquesta sessió treballarem el tema de la mobilitat al barri (transit, transport públic,...)&nbsp;</p><p>

</p>";"";2018-05-29 18:00:00;2018-05-29 20:00:00;0;0;;Av. d'Estrasburg, 82, 08206 Sabadell;Centre Civic de Can Llong;"";SBD-MEET-2019-05-205;0;0;0;https://decidim.sabadell.cat/assemblies/CanLlong/f/85/meetings/205;"";""
206;;;;;;8;https://decidim.sabadell.cat/assemblies/CanLlong?assembly_slug=CanLlong;85;Sessió de treball;"";"<ul><li>Ordre del dia:&nbsp;&nbsp;&nbsp;&nbsp;&nbsp;&nbsp;&nbsp;&nbsp;
1.- Temes pendents de tractar en relació a la Mobilitat del barri&nbsp;&nbsp;&nbsp;&nbsp;&nbsp;&nbsp;&nbsp;&nbsp;&nbsp;&nbsp;
2.- Valoració de la proposta de càrregues i descàrregues</li><li>3.- Torn obert de paraules</li></ul><p>

</p>";"";2018-07-09 18:00:00;2018-07-09 20:00:00;0;0;;Av. d'Estrasburg, 82, 08206 Sabadell;Centre Cívic de Can Llong;"";SBD-MEET-2019-05-206;0;0;0;https://decidim.sabadell.cat/assemblies/CanLlong/f/85/meetings/206;"";""
207;;;;;;8;https://decidim.sabadell.cat/assemblies/CanLlong?assembly_slug=CanLlong;85;Sessió de treball;"";"<p><strong>Ordre del dia:</strong>
</p><ul><li>Retorn d’actuacions en relació a la Mobilitat del barri(càrregues i descàrregues, nova línia autobús &nbsp;L-11)
</li><li>Parc d’Odessa. Actuació rosegadors. </li><li>Projecte de la Plaça Lisboa
</li><li>Propostes d’intervenció a la llosa de la C-58 </li></ul>";"";2018-10-23 18:00:00;2018-10-23 20:00:00;0;0;;Av. d'Estrasburg, 82, 08206 Sabadell;Centre Cívic de Can Llong;"";SBD-MEET-2019-05-207;0;0;0;https://decidim.sabadell.cat/assemblies/CanLlong/f/85/meetings/207;"";""
208;;;;;;8;https://decidim.sabadell.cat/assemblies/CanLlong?assembly_slug=CanLlong;85;Sessió de treball;"";"<p>Ordre del dia:
</p><ol style=""margin-top:0cm"" start=""1"" type=""1""><li class=""MsoNormal"" style=""mso-list:l0 level1 lfo1"">Definició de l’espai anomenat Llosa de la C-58</li></ol><p>

</p>";"";2019-02-11 18:30:00;2019-02-11 20:00:00;0;0;;Av. d'Estrasburg, 82, 08206 Sabadell;Centre Cívic de Can Llong;"";SBD-MEET-2019-05-208;0;0;0;https://decidim.sabadell.cat/assemblies/CanLlong/f/85/meetings/208;"";""
209;;;;;;9;https://decidim.sabadell.cat/assemblies/taulamerinals?assembly_slug=taulamerinals;86;Sessió de treball;"";<p>Ordre del dia:</p><p>1.- Aprovació de l'acta anterior (30/01/19)</p><p>2.- Alçament de la reixa de la Pista Vermella</p><p>3.- Aprovació de les normes d'ús de la Pista Vermella</p><p>4.- Valoració de l'actuació de pintar un camp de futbol a la plaça del Pla de l'Amor</p><p>5.- Proposta de nova edició de Sabadellencs del Món. Proposta activitats i accions conjuntes per dinamitzar el bon ús de la pista</p><p>6.- Torn obert de paraules</p>;"";2019-05-30 17:30:00;2019-05-30 19:30:00;0;0;;Plaça del Pla de l'Amor, 2, 08205 Sabadell;Casal Cívic Arraona-Els Merinals;"";SBD-MEET-2019-05-209;0;0;0;https://decidim.sabadell.cat/assemblies/taulamerinals/f/86/meetings/209;"";""
213;;;;;;11;https://decidim.sabadell.cat/assemblies/formacio260619?assembly_slug=formacio260619;91;Constitució taula;"";<p>Es nomenaran els i les vocals q formaran part de la taula</p>;"";2019-06-26 10:00:00;2019-06-26 14:00:00;0;0;;Plaça Sant Roc,  1, 08201 Sabadell;Ajuntament de Sabadell;"";SBD-MEET-2019-06-213;0;0;0;https://decidim.sabadell.cat/assemblies/formacio260619/f/91/meetings/213;"";""
214;;;;;;10;https://decidim.sabadell.cat/assemblies/agoranord?assembly_slug=agoranord;97;Sessió de treball;"";"<p>ORDRE DEL DIA
</p><p>1. Presentació de l’alcaldessa, de la tinenta d’alcaldessa
de l’àrea de Feminisme, Benestar animal i Participació, i del regidor del
districte.
</p><p class=""MsoNormal"">2. Temes pendents.</p><p>

</p>";"";2019-07-03 19:00:00;2019-07-03 21:00:00;0;0;;Ronda Navacerrada, 58, 08207 Sabadell;Espai polivalent del Parc del Nord;"";SBD-MEET-2019-07-214;0;0;0;https://decidim.sabadell.cat/assemblies/agoranord/f/97/meetings/214;"";""
