id;category/id;category/name/fr;scope/id;scope/name/fr;parent/id;title/fr;description/fr;start_date;end_date;status/id;status/key;status/name/fr;progress;created_at;url;component/id;proposal_urls
7;42;Culture et détente en plein air;90;🌿 Cette proposition porte sur plusieurs parcs;;2 - Des hamacs dans les parcs du Val-de-Marne;"<p>Le projet consiste à aménager des espaces de détente pour pouvoir installer des hamacs. Les usagers et usagères des parcs concernés pourront profiter des hamacs installés sur des piquets, dans des zones de fraîcheur des parcs.&nbsp;Ce projet nécessite toutefois que des agents soient présents pour gérer le prêt de hamacs.</p><p>Parcs concernés :</p><ul><li>Espace Naturel de la Pierre-Fitte</li><li>Espace Naturel de la Plaine des Bordes</li><li>Parc des Cormailles</li></ul><p>Délai de réalisation&nbsp;: De trois à cinq ans</p>";;;7;4;Réalisation du projet;50.0;2020-09-02 10:20:18 +0200;http://participer.valdemarne.fr/processes/budgetcitoyen/f/86/results/7;86;""
17;48;Sensibilisation des publics à l'écologie et au vivre-ensemble;90;🌿 Cette proposition porte sur plusieurs parcs;;💖 19 - Développer la signalétique sur les enjeux écologiques et de gestion dans les parcs du Val-de-Marne;"<p>Les parcs du Val-de-Marne présentent des enjeux et points d'intérêts écologique et historique très importants et fascinants. Ce projet consiste à mettre en valeur ces éléments en produisant une signalétique dédiée et spécifique à chaque parc. Ce projet permettrait aux Val-de-Marnais et Val-de-Marnaises de découvrir plus en profondeur le patrimoine écologique et historique des parcs qu'ils fréquentent régulièrement.</p><p><strong>Parc(s) concerné(s) : </strong>Tous les parcs</p><p><strong>Délai de réalisation</strong> : Deux ans maximum</p><p><strong>Condition de réalisation</strong> : Réalisation d'une étude préalable</p><p><em>💖 Ce projet est l'un des ""coups de coeur"" du Laboratoire citoyen.</em></p>";;;7;4;Réalisation du projet;25.0;2020-09-07 12:04:00 +0200;http://participer.valdemarne.fr/processes/budgetcitoyen/f/86/results/17;86;""
6;41;Biodiversité préservée dans nos parcs;90;🌿 Cette proposition porte sur plusieurs parcs;;💖53 - Des parasols naturels dans les parcs du Val-de-Marne;"<p>Ce projet consiste à planter davantage d'arbres dans les parcs du Val-de-Marne. Les arbres feront ainsi office de parasols naturels mais aussi de refuges pour la biodiversité, de puits de carbone et permettront de rafraîchir les espaces durant l'été.</p><p>Parc(s) concerné(s)&nbsp;: Tous les parcs</p><p>Délai de réalisation&nbsp;: Jusqu'à cinq ans</p><p><em>💖 Ce projet est l'un des ""coups de coeur"" du Laboratoire citoyen.</em></p>";;;5;3;Conception du projet;30.0;2020-09-02 10:19:14 +0200;http://participer.valdemarne.fr/processes/budgetcitoyen/f/86/results/6;86;""
29;45;Jeux d'enfants et jeux de fraîcheur;82;Parc des Lilas (Vitry-sur-Seine);;62 - Développer et améliorer les aires de jeux du parc des Lilas;<p>Le projet consiste à remplacer les aires de jeux actuelles par de nouvelles plus attrayantes et résistantes, et éventuellement en ajouter d'autres dans le parc, là où l'espace et les usages le permettent.</p><p><strong>Parc(s) concerné(s)</strong> : Parc des Lilas</p><p><strong>Délai de réalisation</strong> : Un an maximum</p>;;;7;4;Réalisation du projet;30.0;2020-09-07 13:27:41 +0200;http://participer.valdemarne.fr/processes/budgetcitoyen/f/86/results/29;86;""
18;49;Sport et activités physiques pour tous.tes;85;Parc du Plateau (Champigny-sur-Marne);;95 - Des équipements de musculation ou de fitness dans le parc du Plateau;<p>Le projet consiste à aménager un espace de street workout, constitué d'agrès sportifs, dans le parc du Plateau. Ce type de structure a déjà été installé dans d'autres parcs départementaux et rencontre un réel succès. Dans le parc du Plateau, l'aménagement pourrait être réalisé au pied du belvédère, sur l'ancienne calcine végétalisée, à proximité du collège.</p><p><strong>Parc(s) concerné(s)</strong> : Parc du Plateau</p><p><strong>Délai de réalisation</strong> : Un an maximum</p>;;;7;4;Réalisation du projet;60.0;2020-09-07 12:05:01 +0200;http://participer.valdemarne.fr/processes/budgetcitoyen/f/86/results/18;86;""
8;42;Culture et détente en plein air;90;🌿 Cette proposition porte sur plusieurs parcs;;1 - Des boîtes à livres dans les parcs du Val-de-Marne;"<p>Le projet consiste à installer des boîtes à livres dans les parcs du département afin de permettre une circulation libre et gratuite de livres entre les habitants du quartier. Chacune et chacun pourrait y déposer des livres ou en prendre, sans contrepartie.</p><p>Parc(s) concerné(s)&nbsp;: Tous les parcs</p><p>Délai de réalisation&nbsp;: Un an maximum</p>";;;6;2;Lancement du projet;15.0;2020-09-02 10:21:23 +0200;http://participer.valdemarne.fr/processes/budgetcitoyen/f/86/results/8;86;""
28;46;Lieux éco-partagés;82;Parc des Lilas (Vitry-sur-Seine);;💖 25 - Accompagner le développement de l'agriculture urbaine dans le parc des Lilas;"<p>Le parc des Lilas est concerné par plusieurs projets d'agriculture urbaine, déjà développés ou en devenir. Ce projet consiste à poursuivre la dynamique d'agriculture urbaine initiée dans le parc des Lilas, en accompagnant le développement de nouveaux espaces dédiés à l'agriculture urbaine via par exemple l'installation d'équipements ou la réalisation d'études de qualité des sols. Ce projet se distingue des jardins familiaux déjà présents sur le parc des Lilas.</p><p><strong>Parc(s) concerné(s) </strong>: Parc des Lilas</p><p><strong>Délai de réalisation</strong> : Deux ans maximum</p><p><em>💖Ce projet est l'un des ""coups de coeur"" du Laboratoire citoyen.</em></p>";;;6;2;Lancement du projet;15.0;2020-09-07 12:29:46 +0200;http://participer.valdemarne.fr/processes/budgetcitoyen/f/86/results/28;86;""
14;43;Energies renouvelables;90;🌿 Cette proposition porte sur plusieurs parcs;;💖 23 - Des vélos pour recharger ses appareils électroniques dans un parc du Val-de-Marne;"<p>Ce projet consiste à étudier l'installation de vélos statiques permettant de recharger son téléphone portable, à l'image de ce qui peut se faire dans certaines gares. Ce projet devra être réalisé dans un parc urbain, là où son utilisation serait justifiée.</p><p><strong>Parc(s) concerné(s) </strong>: Ce projet devra être réalisé dans un parc urbain qui reste à déterminer au regard de l'opportunité de chaque site.</p><p><strong>Délai de réalisation</strong> : Un an maximum</p><p><em>💖Ce projet est l'un des ""coups de coeur"" du Laboratoire citoyen.</em></p>";;;7;4;Réalisation du projet;70.0;2020-09-07 11:58:12 +0200;http://participer.valdemarne.fr/processes/budgetcitoyen/f/86/results/14;86;""
11;47;Place des animaux dans nos parcs;81;Parc des Hautes-Bruyères (Villejuif);;💖37 - Une ferme urbaine dans le parc des Hautes-Bruyères;"<p>Ce projet consiste à développer une activité de ferme urbaine dans le parc des Hautes-Bruyères. La ferme devra être de taille modérée tout en incluant un espace compost, un espace poulailler et un espace de culture. Il devra être pris en charge par une association via la signature d'une convention et éventuellement d'une charte. Ce projet est issu d'une fusion entre plusieurs propositions relatives à l'agriculture urbaine dans le parc des Hautes-Bruyères.</p><p><strong>Parc(s) concerné(s)</strong> : Parc des Hautes-Bruyères</p><p><strong>Délai de réalisation</strong> : Deux ans maximum</p><p><strong>Condition de réalisation</strong> : Partenariat extérieur et réalisation d'une étude technique</p><p>💖<em>Ce projet est l'un des ""coups de coeur"" du Laboratoire citoyen.</em></p>";;;6;2;Lancement du projet;15.0;2020-09-07 11:47:00 +0200;http://participer.valdemarne.fr/processes/budgetcitoyen/f/86/results/11;86;""
12;41;Biodiversité préservée dans nos parcs;90;🌿 Cette proposition porte sur plusieurs parcs;;49 - Des nichoirs et hôtels à insectes dans les parcs du Val-de-Marne;<p>La préservation de la nature en ville et notamment des oiseaux et des insectes est un enjeu très important dans les parcs du Val-de-Marne. De plus, les hôtels à insectes permettent à tous les publics d’observer des espèces qu’ils ne verraient probablement pas sinon. C’est un formidable outil de sensibilisation à la biodiversité, qui complète les animations déjà proposées. Le projet consiste à réaliser un diagnostic des nichoirs et hôtels à insectes existants, puis à en installer dans les parcs où cela s'avère pertinent.</p><p><strong>Parc(s) concerné(s) </strong>: Tous les parcs</p><p><strong>Délai de réalisation</strong> : Un an maximum</p><p><strong>Condition de réalisation</strong> : Réalisation d'un diagnostic préalable</p>;;;7;4;Réalisation du projet;40.0;2020-09-07 11:55:07 +0200;http://participer.valdemarne.fr/processes/budgetcitoyen/f/86/results/12;86;""
15;44;Espaces de convivialité retrouvés;78;Parc de la Plage Bleue (Valenton);;112 - Améliorer les sanitaires dans le parc de la Plage Bleue;<p>Ce projet consiste à remplacer les sanitaires situés à l'est du parc de la Plage Bleue au niveau des kiosques, par de nouveaux sanitaires automatiques et plus pratiques, directement aménagés dans l'un des kiosques.</p><p><strong>Parc(s) concerné(s) </strong>: Parc de la Plage Bleue</p><p><strong>Délai de réalisation</strong> : Un an maximum</p>;;;6;2;Lancement du projet;15.0;2020-09-07 12:00:38 +0200;http://participer.valdemarne.fr/processes/budgetcitoyen/f/86/results/15;86;""
16;45;Jeux d'enfants et jeux de fraîcheur;85;Parc du Plateau (Champigny-sur-Marne);;61 - Développer les aires de jeux dans le parc du Plateau;<p>Le parc du Plateau dispose déjà de plusieurs aires de jeux. Une dalle béton, située au nord de la partie basse du parc et anciennement occupée par l'une d'entre elles est aujourd'hui inoccupée. Le projet consisterait donc à déposer cette dalle afin de libérer le paysage, et à installer une aire de jeux pour petits dans un espace plus opportun.</p><p><strong>Parc(s) concerné(s)</strong> : Parc du Plateau</p><p><strong>Délai de réalisation</strong> : Deux ans maximum</p>;;;6;2;Lancement du projet;15.0;2020-09-07 12:02:36 +0200;http://participer.valdemarne.fr/processes/budgetcitoyen/f/86/results/16;86;""
13;49;Sport et activités physiques pour tous.tes;90;🌿 Cette proposition porte sur plusieurs parcs;;90 - Développer les équipements pour vélo dans les parcs du Val-de-Marne;"<p>Ce projet a pour objectif d'améliorer l'accueil des vélos dans les parcs du Val-de-Marne en aménageant des abris ou des râteliers pour vélos aux entrées et sorties des parcs qui accueillent de nombreux cyclistes.</p><p><strong>Parc(s) concerné(s) </strong>: Domaine des Marmousets, Parc du Rancy, Coulée Verte Bièvre-Lilas</p><p><strong>Délai de réalisation</strong> : Deux ans maximum&nbsp;&nbsp;</p>";;;6;2;Lancement du projet;15.0;2020-09-07 11:56:55 +0200;http://participer.valdemarne.fr/processes/budgetcitoyen/f/86/results/13;86;""
30;45;Jeux d'enfants et jeux de fraîcheur;82;Parc des Lilas (Vitry-sur-Seine);;67 - Des fontaines à eau potable dans le parc des Lilas;<p>Ce projet consiste à installer plusieurs fontaines à eau potable sur les Grands Mails du parc des Lilas. Ces fontaines permettront aux usagères et aux usagers des parcs de pouvoir se rafraîchir facilement et sainement.</p><p><strong>Parc(s) concerné(s)</strong> : Parc des Lilas</p><p><strong>Délai de réalisation</strong> : Un an maximum</p>;;;6;2;Lancement du projet;15.0;2020-09-07 14:05:01 +0200;http://participer.valdemarne.fr/processes/budgetcitoyen/f/86/results/30;86;""
21;49;Sport et activités physiques pour tous.tes;85;Parc du Plateau (Champigny-sur-Marne);;88 - Un nouveau skate-parc dans le parc du Plateau;<p>Le projet consiste à réaménager un skate-parc dans le parc du Plateau, là où l'ancien skate-parc a été retiré. Ce projet devra toutefois attendre la fin des travaux du Grand Paris Express pour être conçu dans une démarche globale de réaménagement du site.</p><p><strong>Parc(s) concerné(s)</strong> : Parc du Plateau</p><p><strong>Délai de réalisation</strong> : A partir de la fin des travaux du Grand Paris express</p><p><strong>Condition de mise en oeuvre</strong> : Réalisation d'une étude et disponibilité du site</p>;;;6;2;Lancement du projet;15.0;2020-09-07 12:13:18 +0200;http://participer.valdemarne.fr/processes/budgetcitoyen/f/86/results/21;86;""
26;44;Espaces de convivialité retrouvés;82;Parc des Lilas (Vitry-sur-Seine);;110 - Ajouter les toilettes dans le parc des Lilas;<p>Le parc des Lilas souffre aujourd'hui d'un manque de sanitaires, ce qui engendre des problèmes de gestion et de propreté. Ce projet consiste donc à remédier à cette situation en installant des toilettes supplémentaires et automatiques.</p><p><strong>Parc(s) concerné(s)</strong> : Parc des Lilas</p><p><strong>Délai de réalisation</strong> : Deux ans maximum</p>;;;6;2;Lancement du projet;15.0;2020-09-07 12:26:44 +0200;http://participer.valdemarne.fr/processes/budgetcitoyen/f/86/results/26;86;""
27;49;Sport et activités physiques pour tous.tes;76;Parc de la Roseraie du Val-de-Marne (l'Haÿ-les-Roses);;💖98 - Améliorer l'accessibilité des personnes à mobilité réduite dans le parc de la Roseraie du Val-de-Marne;"<p>Le projet consiste à améliorer l'accessibilité du parc de la Roseraie aux personnes à mobilité réduite, et en particulier aux enfants. Cela inclurait le reprise de certains cheminements, la reprise des sols des aires de jeux et l'adaptation de certaines zones de jeu en ajoutant des jeux complémentaires PMR.</p><p><strong>Parc(s) concerné(s)</strong> : Parc de la Roseraie du Val-de-Marne</p><p><strong>Délai de réalisation</strong> : Deux ans maximum</p><p><strong>Condition de réalisation</strong> : Réalisation d'une étude technique</p><p>💖<em>Ce projet est l'un des ""coups de coeur"" du Laboratoire citoyen.</em></p>";;;6;2;Lancement du projet;15.0;2020-09-07 12:28:31 +0200;http://participer.valdemarne.fr/processes/budgetcitoyen/f/86/results/27;86;""
24;45;Jeux d'enfants et jeux de fraîcheur;84;Parc du Morbras (Sucy-en-Brie);;71 - Des jeux d'eau dans le Parc du Morbras;<p>Ce projet consiste à aménager un espace de jeux d'eau pour les petits à proximité de l'aire de jeux actuelle, située en bordure du Morbras dont l'eau pourait être utilisée pour les jeux.</p><p><strong>Parc(s) concerné(s)</strong> : Parc du Morbras</p><p><strong>Délai de réalisation</strong> : Deux ans maximum</p>;;;6;2;Lancement du projet;15.0;2020-09-07 12:24:13 +0200;http://participer.valdemarne.fr/processes/budgetcitoyen/f/86/results/24;86;""
20;49;Sport et activités physiques pour tous.tes;90;🌿 Cette proposition porte sur plusieurs parcs;;76 - Une continuité cyclable dans le Parc de la Plage Bleue et sur les parcs alentours;"<p>Ces trois parcs départementaux forment une&nbsp;coulée verte, entrecoupée de routes départementales. La présence du vélo y est aujourd'hui autorisée mais au rythme des piétons. Le projet a pour objectif d'identifier une continuité à la fois pédestre, cyclable mais aussi écologique entre ces trois parcs. Le projet consiste donc en la création d'une signalétique particulière aux entrées des parcs, en le marquage au sol des zones cyclables et en l'amélioration des traversées de chaussées.</p><p><strong>Parc(s) concerné(s) </strong>: Parc de la Plage Bleue, Parc du Champs Saint-Julien, Parc de la Saussaie-Pidoux</p><p><strong>Délai</strong> : Deux ans maximum</p><p><strong>Condition de réalisation </strong>: Réalisation d'une étude technique&nbsp;</p>";;;6;2;Lancement du projet;15.0;2020-09-07 12:12:04 +0200;http://participer.valdemarne.fr/processes/budgetcitoyen/f/86/results/20;86;""
25;49;Sport et activités physiques pour tous.tes;84;Parc du Morbras (Sucy-en-Brie);;78 - Un parcours sportif dans le parc du Morbras;<p>Le projet consiste à aménager un parcours sportif dans le parc du Morbras. Différents agrès thématiques (exercices pour les bras, les jambes, la respiration, les étirements...) peuvent être installés et disséminés dans le parc. Le parcours devra être aménagé de manière à avoir un impact écologique minime.</p><p><strong>Parc(s) concerné(s)</strong> : Parc du Morbras</p><p><strong>Délai de réalisation</strong> : Un an maximum</p>;;;6;2;Lancement du projet;15.0;2020-09-07 12:25:35 +0200;http://participer.valdemarne.fr/processes/budgetcitoyen/f/86/results/25;86;""
22;45;Jeux d'enfants et jeux de fraîcheur;86;Parc du Rancy (Bonneuil-sur-Marne);;57 - Développer les jeux pour les enfants (tranche d'âge 5-10 ans) dans le parc du Rancy;<p>Ce projet consiste à compléter les aires de jeux du parc du Rancy afin de créer un espace de jeux pour les enfants de cinq à dix ans, tout en favorisant les aménagements pour les parents (assises, etc.).</p><p><strong>Parc(s) concerné(s)</strong> : Parc du Rancy</p><p><strong>Délai de réalisation</strong> : Un an maximum</p>;;;6;2;Lancement du projet;15.0;2020-09-07 12:19:21 +0200;http://participer.valdemarne.fr/processes/budgetcitoyen/f/86/results/22;86;""
23;45;Jeux d'enfants et jeux de fraîcheur;85;Parc du Plateau (Champigny-sur-Marne);;69 - Des brumisateurs dans le parc du Plateau;<p>Ce projet consiste à installer des brumisateurs dans le parc du Plateau, afin de permettre aux usagères et aux usagers de se rafraîchir lors des périodes de chaleur. Un dispositif permettant d'économiser la consommation d'eau sera étudié.</p><p><strong>Parc(s) concerné(s)</strong> : Parc du Plateau</p><p><strong>Délai de réalisation</strong> : Un an maximum</p><p><strong>Condition de mise en œuvre</strong> : Réalisation d'une étude concernant la consommation d'eau et les normes sanitaires</p>;;;6;2;Lancement du projet;15.0;2020-09-07 12:20:36 +0200;http://participer.valdemarne.fr/processes/budgetcitoyen/f/86/results/23;86;""
33;44;Espaces de convivialité retrouvés;88;Parc du Champ-Saint-Julien (Valenton);;117 - Ajouter des assises dans le parc de la Plage Bleue;<p>Ce projet consiste à ajouter des assises dans le parc de la Plage Bleue, d'une part au niveau de l'aire de jeux des versants, afin de créer un espace de convivialité, et d'autre part aux abords de l'espace de glisse.</p><p><strong>Parc(s) concerné(s) </strong>: Parc de la Plage Bleue</p><p><strong>Délai de réalisation</strong> : Un an maximum</p>;;;7;4;Réalisation du projet;30.0;2020-09-07 14:08:44 +0200;http://participer.valdemarne.fr/processes/budgetcitoyen/f/86/results/33;86;""
32;49;Sport et activités physiques pour tous.tes;78;Parc de la Plage Bleue (Valenton);;94 - Des équipements de musculation et de fitness dans le parc de la Plage Bleue;<p>Le parc de la Plage Bleue dispose aujourd'hui de nombreux équipements sportifs. Le projet consiste à améliorer l'existant en développant l'espace de street workout présent à proximité de l'espace de glisse. Il est aujourd'hui assez petit et mériterait d'être remplacé.</p><p><strong>Parc(s) concerné(s) </strong>: Parc de la Plage Bleue</p><p><strong>Délai de réalisation</strong> : Un an maximum</p>;;;6;2;Lancement du projet;15.0;2020-09-07 14:07:24 +0200;http://participer.valdemarne.fr/processes/budgetcitoyen/f/86/results/32;86;""
35;49;Sport et activités physiques pour tous.tes;86;Parc du Rancy (Bonneuil-sur-Marne);;91 - Des équipements de musculation ou de fitness dans le parc du Rancy;<p>Le projet consiste à aménager un espace de street workout, constitué d'agrès sportifs, dans le parc du Rancy. Ce type de structure a déjà été installé dans d'autres parcs départementaux et rencontre un réel succès. Cet aménagement pourrait être réalisé à l'emplacement de l'ancienne aire de jeux bleue.</p><p><strong>Parc(s) concerné(s)</strong> : Parc du Rancy</p><p><strong>Délai de réalisation</strong> : Un an maximum</p>;;;6;2;Lancement du projet;15.0;2020-09-07 14:17:21 +0200;http://participer.valdemarne.fr/processes/budgetcitoyen/f/86/results/35;86;""
34;42;Culture et détente en plein air;90;🌿 Cette proposition porte sur plusieurs parcs;;3 - Une exposition mobile pour les parcs du Val-de-Marne;<p>Le projet a pour objectif de réaliser une exposition mobile, qui pourrait être installée de parc en parc. L'idée est d'imprimer l'exposition sur des bâches qui pourront ensuite être installées provisoirement sur des grilles ou autre support. Ce projet permettra de sensibiliser le public aux enjeux écologiques du patrimoine vert du département.</p><p><strong>Parc(s) concerné(s) :</strong> Tous les parcs</p><p><strong>Délai de réalisation : </strong>Deux ans maximum</p>;;;6;2;Lancement du projet;15.0;2020-09-07 14:09:56 +0200;http://participer.valdemarne.fr/processes/budgetcitoyen/f/86/results/34;86;""
31;43;Energies renouvelables;85;Parc du Plateau (Champigny-sur-Marne);;21 - De l'éclairage solaire dans le parc du Plateau;<p>Ce projet consiste à remplacer une partie des candélabres du parc du Plateau par des luminaires à énergie solaire. Une zone spécifique sera identifiée dans le parc pour commencer par une expérimentation. Ce projet permettrait une autosuffisance partielle de l'éclairage du parc.</p><p><strong>Parc(s) concerné(s)</strong> : Parc du Plateau</p><p><strong>Délai de réalisation</strong> : Cinq ans maximum</p><p><strong>Condition de réalisation</strong> : Réalisation d'une étude technique</p>;;;6;2;Lancement du projet;15.0;2020-09-07 14:06:15 +0200;http://participer.valdemarne.fr/processes/budgetcitoyen/f/86/results/31;86;""
56;45;Jeux d'enfants et jeux de fraîcheur;81;Parc des Hautes-Bruyères (Villejuif);;64 - Développer et améliorer les aires de jeux du parc des Hautes-Bruyères;"<p>Il existe déjà des aires de jeux dans le parc des Hautes-Bruyères. Ce projet consiste à améliorer l'existant en les complétant, voire à en ajouter d'autres. L'idée générale est d'améliorer l'expérience de jeu des enfants tout en permettant aux parents de les accompagner dans de bonnes conditions.</p><p><strong>Parc(s) concerné(s) </strong>: Parc des Hautes-Bruyères</p><p><strong>Délai de réalisation</strong> : Deux ans maximum&nbsp;</p>";;;6;2;Lancement du projet;15.0;2020-09-07 15:14:10 +0200;http://participer.valdemarne.fr/processes/budgetcitoyen/f/86/results/56;86;""
36;49;Sport et activités physiques pour tous.tes;84;Parc du Morbras (Sucy-en-Brie);;92 - Des équipements de musculation ou de fitness dans le parc du Morbras;<p>Le projet consiste à aménager un espace de street workout, constitué d'agrès sportifs, dans le parc du Morbas. Ce type de structure a déjà été installé dans d'autres parcs départementaux et rencontre un réel succès. Cet aménagement pourrait être réalisé dans la continuité de l'aire de jeux actuelle située en bordure du Morbras, dans la partie inférieure du parc.</p><p><strong>Parc(s) concerné(s) </strong>: Parc du Morbras</p><p><strong>Délai de réalisation</strong> : Un an maximum</p>;;;6;2;Lancement du projet;15.0;2020-09-07 14:18:28 +0200;http://participer.valdemarne.fr/processes/budgetcitoyen/f/86/results/36;86;""
45;41;Biodiversité préservée dans nos parcs;76;Parc de la Roseraie du Val-de-Marne (l'Haÿ-les-Roses);;💖 54 - Planter des arbres fruitiers dans le parc de la Roseraie du Val-de-Marne;"<p>Le parc de la Roseraie présente un paysage patrimonial unique qui se doit d'être préservé. Des arbres et bosquets fruitiers existent déjà dans le parc, mais ceux-ci gagneraient à être développés ou mieux présentés, afin de favoriser leur production et leur accessibilité au public. L'objectif étant que les usagères et les usagers puissent cueillir directement sur les arbres et arbustes dans le parc.</p><p><strong>Parc(s) concerné(s)</strong> : Parc de la Roseraie du Val-de-Marne</p><p><strong>Délai de réalisation</strong> : Un an maximum</p><p><em>💖Ce projet est l'un des ""coups de coeur"" du Laboratoire citoyen.</em></p>";;;7;4;Réalisation du projet;60.0;2020-09-07 14:48:08 +0200;http://participer.valdemarne.fr/processes/budgetcitoyen/f/86/results/45;86;""
42;47;Place des animaux dans nos parcs;82;Parc des Lilas (Vitry-sur-Seine);;💖41 - Du pâturage d'alpagas dans le parc des Lilas;"<p>Le projet consiste à mettre à disposition un espace dans le parc des Lilas pour accueillir un élevage d'alpagas. Ce projet nécessitera de signer une convention avec une structure externe proposant ce type de pâturage.</p><p><strong>Parc(s) concerné(s)</strong> : Parc des Lilas</p><p><strong>Délai de réalisation</strong> : Deux ans maximum</p><p><strong>Condition de réalisation</strong> : Partenariat extérieur avec une structure spécialisée dans l'éco-pâturage d'alpagas</p><p>💖<em>Ce projet est l'un des ""coups de coeur"" du Laboratoire citoyen.</em></p>";;;6;2;Lancement du projet;15.0;2020-09-07 14:36:26 +0200;http://participer.valdemarne.fr/processes/budgetcitoyen/f/86/results/42;86;""
40;49;Sport et activités physiques pour tous.tes;82;Parc des Lilas (Vitry-sur-Seine);;80 - Un parcours sportif dans le parc des Lilas;<p>Le projet consiste à aménager un parcours sportif dans le parc des Lilas. Différents agrès thématiques (exercices pour les bras, les jambes, la respiration, les étirements...) peuvent être installés et disséminés dans le parc. Le parcours devra être aménagé de manière à avoir un impact écologique minime.</p><p><strong>Parc(s) concerné(s)</strong> : Parc des Lilas</p><p><strong>Délai de réalisation</strong> : Un an maximum</p>;;;6;2;Lancement du projet;15.0;2020-09-07 14:30:26 +0200;http://participer.valdemarne.fr/processes/budgetcitoyen/f/86/results/40;86;""
44;45;Jeux d'enfants et jeux de fraîcheur;80;Parc des Cormailles (Ivry-sur-Seine);;72 - Réaménager l'aire de jeux d'eau du parc des Cormailles (Maurice Thorez);<p>L'aire de jeux d'eau pour enfants du parc des Cormailles (dans la partie Maurice Thorez) est actuellement à l'arrêt car l'aspect sanitaire de l'équipement actuel n'est pas satisfaisant. Le projet consiste donc à réaménager cette aire, afin d'installer de nouveaux dispositifs plus sûrs, tout en gardant l'objectif de rafraîchissement de l'aire de jeux.</p>;;;6;2;Lancement du projet;15.0;2020-09-07 14:46:28 +0200;http://participer.valdemarne.fr/processes/budgetcitoyen/f/86/results/44;86;""
39;45;Jeux d'enfants et jeux de fraîcheur;86;Parc du Rancy (Bonneuil-sur-Marne);;68 - Des fontaines à eau potable dans le parc du Rancy;<p>Ce projet consiste à installer une fontaine à eau potable dans le parc du Rancy. Cette fontaine permettra aux usagères et aux usagers du parc de pouvoir se rafraîchir facilement et sainement.</p><p><strong>Parc(s) concerné(s)</strong> : Parc du Rancy</p><p><strong>Délai de réalisation</strong> : Un an maximum</p>;;;6;2;Lancement du projet;15.0;2020-09-07 14:29:19 +0200;http://participer.valdemarne.fr/processes/budgetcitoyen/f/86/results/39;86;""
46;47;Place des animaux dans nos parcs;81;Parc des Hautes-Bruyères (Villejuif);;40 - Du pâturage de moutons dans le parc des Hautes-Bruyères;<p>Ce projet consiste à développer un partenariat avec une structure dédiée à l'éco-pâturage d'espaces verts par des moutons, dans le parc des Hautes-Bruyères. Ce projet permettrait à la fois d'entretenir les espaces verts du parc et de sensibiliser le public à l'éco-pâturage.</p><p><strong>Parc(s) concerné(s)</strong> : Parc des Hautes-Bruyères</p><p><strong>Délai de réalisation</strong> : Deux ans maximum</p><p><strong>Condition de réalisation</strong> : Partenariat extérieur avec une structure dédiée</p>;;;6;2;Lancement du projet;15.0;2020-09-07 14:49:13 +0200;http://participer.valdemarne.fr/processes/budgetcitoyen/f/86/results/46;86;""
37;46;Lieux éco-partagés;85;Parc du Plateau (Champigny-sur-Marne);;💖 34 - Un jardin partagé accessible à toutes et tous dans le parc du Plateau;"<p>Ce projet consiste à développer une activité de jardin partagé dans le parc du Plateau. Un récupérateur d'eaux pluviales pourra être installé. Le jardin devra être géré et animé par une association à but non lucratif et accessible au public. Une convention et éventuellement une charte devront être rédigées et signées entre l'association et le département. Un travail devra être mené pour trouver un site opportun dans le parc pouvant accueillir ce projet.</p><p><strong> Parc(s) concerné(s)</strong> : Parc du Plateau</p><p><strong>Délai de mise en œuvre</strong> : Deux ans maximum</p><p><strong>Condition de mise en œuvre</strong> : Gestion et animation par une association</p><p><em>💖Ce projet est l'un des ""coups de coeur"" du Laboratoire citoyen. </em></p>";;;6;2;Lancement du projet;15.0;2020-09-07 14:19:30 +0200;http://participer.valdemarne.fr/processes/budgetcitoyen/f/86/results/37;86;""
43;45;Jeux d'enfants et jeux de fraîcheur;81;Parc des Hautes-Bruyères (Villejuif);;75 - Des jeux de société géants dans le parc des Hautes-Bruyères;<p>Ce projet consiste à diversifier l'offre de jeux pour les usagères et aux usagers du parc des Hautes-Bruyères en aménageant des jeux de société géants. C'est par exemple l'installation de jeux de plateau de taille humaine.</p><p><strong>Parc(s) concerné(s) </strong>: Parc des Hautes-Bruyères</p><p><strong>Délai de réalisation</strong> : Deux ans maximum</p><p><strong>Condition de réalisation</strong> : Réalisation d'une étude</p>;;;6;2;Lancement du projet;15.0;2020-09-07 14:45:17 +0200;http://participer.valdemarne.fr/processes/budgetcitoyen/f/86/results/43;86;""
41;44;Espaces de convivialité retrouvés;84;Parc du Morbras (Sucy-en-Brie);;109 - Améliorer les toilettes dans le parc du Morbras;<p>Ce projet a pour objectif de rénover les toilettes situées près de l'accueil du Parc du Morbas, afin d'en faire des sanitaires automatiques.</p><p><strong>Parc(s) concerné(s)</strong> : Parc du Morbras</p><p><strong>Délai de réalisation</strong> : Un an maximum</p>;;;6;2;Lancement du projet;15.0;2020-09-07 14:35:04 +0200;http://participer.valdemarne.fr/processes/budgetcitoyen/f/86/results/41;86;""
38;48;Sensibilisation des publics à l'écologie et au vivre-ensemble;81;Parc des Hautes-Bruyères (Villejuif);;💖 10 - Un parcours sensoriel et accessible à toutes et tous dans le parc des Hautes-Bruyères;"<p>Le projet consiste à compléter le réaménagement actuel des cinq placettes du parc des Hautes-Bruyères en créant un parcours sensoriel et pédagogique sur le thème des cinq sens. A chaque placette correspondrait un sens particulier. Les usagères et usagers pourraient ainsi se balader d'un sens à l'autre dans le parc.</p><p><strong>Parc(s) concerné(s)</strong> : Parc des Hautes-Bruyères</p><p><strong>Délai de réalisation</strong> : Un an maximum</p><p><em>💖 Ce projet est l'un des ""coup de coeur"" du Laboratoire citoyen.</em></p>";;;6;2;Lancement du projet;15.0;2020-09-07 14:28:10 +0200;http://participer.valdemarne.fr/processes/budgetcitoyen/f/86/results/38;86;""
53;44;Espaces de convivialité retrouvés;74;Espace naturel de la Pierre-Fitte (Villeneuve-le-Roi);;💖108 - Des toilettes écologiques dans l'Espace Naturel Sensible de la Pierre-Fitte;"<p>Ce projet consiste à aménager des toilettes écologiques dans l'ENS de la Pierre-Fitte. Toutefois un dispositif permettant un entretien peu contraignant devra être trouvé. Cette proposition permettrait ainsi d'expérimenter un type de toilettes peu impactant pour l'environnement et en accord avec les enjeux écologiques du site.</p><p><strong>Parc(s) concerné(s) </strong>: Espace Naturel de la Pierre-Fitte</p><p><strong>Délai de réalisation</strong> : Deux ans maximum</p><p><strong>Condition de réalisation</strong> : réalisation d'une étude technique</p><p>💖<em>Ce projet est l'un des ""coups de coeur"" du Laboratoire citoyen.</em></p>";;;6;2;Lancement du projet;40.0;2020-09-07 15:04:16 +0200;http://participer.valdemarne.fr/processes/budgetcitoyen/f/86/results/53;86;""
52;46;Lieux éco-partagés;78;Parc de la Plage Bleue (Valenton);;💖 31 - Un jardin partagé accessible à toutes et tous dans le parc de la Plage Bleue;"<p>Ce projet consiste à créer un jardin partagé derrière l'accueil du parc de la Plage Bleue.&nbsp;Un récupérateur d'eaux pluviales pourra être installé. Le jardin devra être entretenu et géré par une association à but non lucratif, qui devra laisser l'espace ouvert au public lorsqu'un membre sera présent sur site. Le partenariat devra être formalisé par la signature d'une convention et éventuellement d'une charte.</p><p><strong>Parc(s) concerné(s)</strong> : Parc de la Plage Bleue</p><p><strong>Délai de réalisation</strong> : Deux ans maximum</p><p><strong>Condition de réalisation</strong> : Gestion et entretien par une association</p><p><em>💖Ce projet est l'un des ""coups de coeur"" du Laboratoire citoyen.</em></p>";;;6;2;Lancement du projet;15.0;2020-09-07 15:03:09 +0200;http://participer.valdemarne.fr/processes/budgetcitoyen/f/86/results/52;86;""
54;49;Sport et activités physiques pour tous.tes;76;Parc de la Roseraie du Val-de-Marne (l'Haÿ-les-Roses);;79 - Un parcours sportif dans le parc de la Roseraie du Val-de-Marne;<p>Le projet consiste à aménager un parcours sportif dans le parc de la Roseraie, en installant ça-et-là des agrès métalliques (barres de traction, etc.) discrets et peu impactants visuellement. Le parc de la Roseraie est un site patrimonial dont le paysage doit être préservé en limitant l'ajout d'équipements.</p><p><strong>Parc(s) concerné(s) </strong>: Parc de la Roseraie du Val-de-Marne</p><p><strong>Délai de réalisation </strong>: Un an maximum</p><p><strong>Condition de réalisation :</strong> Réalisation d'une étude technique</p>;;;6;2;Lancement du projet;15.0;2020-09-07 15:05:26 +0200;http://participer.valdemarne.fr/processes/budgetcitoyen/f/86/results/54;86;""
55;49;Sport et activités physiques pour tous.tes;83;Parc du Coteau de Bièvre (Arcueil et Gentilly);;💖100 - Améliorer l'accessibilité des personnes à mobilité réduite dans le parc du Coteau de Bièvre;"<p>Le projet consiste à aménager la partie haute du parc du Coteau afin de créer une boucle accessible aux personnes à mobilité réduite autour du stade Géo André. Cette zone n'est aujourd'hui que&nbsp;partiellement accessible.</p><p><strong>Parc(s) concerné(s)</strong> : Parc du Coteau de Bièvre</p><p><strong>Délai de réalisation</strong> : Un an maximum</p><p><strong>Condition de mise en œuvre</strong> : Réalisation d'une étude technique</p><p>💖 <em>Ce projet est l'un des ""coups de coeur"" du Laboratoire citoyen.</em></p>";;;6;2;Lancement du projet;15.0;2020-09-07 15:12:30 +0200;http://participer.valdemarne.fr/processes/budgetcitoyen/f/86/results/55;86;""
48;48;Sensibilisation des publics à l'écologie et au vivre-ensemble;84;Parc du Morbras (Sucy-en-Brie);;13 - Un ponton pédagogique pour la mare du parc du Morbras;<p>Il y a plusieurs mares dans le parc du Morbras. Le projet consiste à installer un ponton accessible au grand public sur la grande mare comme support pédagogique pour expliquer la vie d’une mare.</p><p><strong>Parc(s) concerné(s) </strong>: Parc du Morbras</p><p><strong>Délai de réalisation</strong> : Deux ans maximum</p>;;;6;2;Lancement du projet;15.0;2020-09-07 14:52:16 +0200;http://participer.valdemarne.fr/processes/budgetcitoyen/f/86/results/48;86;""
49;48;Sensibilisation des publics à l'écologie et au vivre-ensemble;90;🌿 Cette proposition porte sur plusieurs parcs;;16 - Des panneaux d'information sur la santé dans les parcs du Val-de-Marne;<p>Le projet consiste à réaliser un panneau informatif sur la pratique du sport dans les parcs du Val-de-Marne. Ce panneau pourrait être situé à l'entrée d'un parc pour informer les usagères et les usagers sur les possibilités de pratique du sport dans le parc, et donner quelques conseils.</p><p><strong>Parc(s) concerné(s)</strong> : A déterminer en fonction de l'opportunité de chaque site</p><p><strong>Délai de réalisation</strong> : Deux ans maximum</p>;;;6;2;Lancement du projet;15.0;2020-09-07 14:53:56 +0200;http://participer.valdemarne.fr/processes/budgetcitoyen/f/86/results/49;86;""
50;45;Jeux d'enfants et jeux de fraîcheur;86;Parc du Rancy (Bonneuil-sur-Marne);;58 - Développer les jeux pour les tout-petits (moins de 5 ans) dans le parc du Rancy;<p>Ce projet consiste à adapter les aires de jeux du parc du Rancy afin de créer un espace de jeux pour les tout-petits (enfants de moins de cinq ans), tout en favorisant les aménagements pour les parents (assises, etc.).</p><p><strong>Parc(s) concerné(s) </strong>: Parc du Rancy</p><p><strong>Délai de réalisation</strong> : Un an maximum</p>;;;6;2;Lancement du projet;15.0;2020-09-07 15:00:55 +0200;http://participer.valdemarne.fr/processes/budgetcitoyen/f/86/results/50;86;""
51;49;Sport et activités physiques pour tous.tes;86;Parc du Rancy (Bonneuil-sur-Marne);;💖101 - Améliorer l'accessibilité du parc du Rancy pour les personnes à mobilité réduite;"<p>Ce projet consiste à améliorer l'accessibilité du parc du Rancy aux personnes à mobilité réduite en travaillant sur l'entrée principale du parc, un cheminement interne au parc et sur les assises.</p><p><strong>Parc(s) concerné(s)</strong> : Parc du Rancy</p><p><strong>Délai de réalisation</strong> : Deux ans maximum</p><p>💖<em>Ce projet est l'un des ""coups de coeur"" du Laboratoire citoyen.</em></p>";;;6;2;Lancement du projet;15.0;2020-09-07 15:01:53 +0200;http://participer.valdemarne.fr/processes/budgetcitoyen/f/86/results/51;86;""
9;41;Biodiversité préservée dans nos parcs;90;🌿 Cette proposition porte sur plusieurs parcs;;50 - Des ruches dans les parcs du Val-de-Marne;"<p>Le projet consiste à installer des ruches dans les parcs du Val-de-Marne en respectant les normes de sécurité et sans perturber l'équilibre écologique des milieux. Le nombre de ruches est de plus en plus élevé dans la région et le phénomène de concurrence avec les autres insectes pollinisateurs s'intensifie. Aussi, tous les parcs ne sont pas opportuns pour accueillir des ruches, il conviendra donc de réaliser une étude de faisabilité pour élaborer une liste de sites potentiels. Par ailleurs&nbsp;les ruches devront être entretenues par une apicultrice ou un apiculteur via une convention avec le département.</p><p><strong>Parc(s) concerné(s)&nbsp;</strong>: Tous les parcs</p><p><strong>Délai de réalisation&nbsp;</strong>: Deux ans maximum</p><p><strong>Condition de mise en oeuvre&nbsp;</strong>: Réalisation d'une étude de faisabilité et gestion par un apiculteur ou une apicultrice par convention</p>";;;6;2;Lancement du projet;15.0;2020-09-02 10:22:37 +0200;http://participer.valdemarne.fr/processes/budgetcitoyen/f/86/results/9;86;""
19;44;Espaces de convivialité retrouvés;90;🌿 Cette proposition porte sur plusieurs parcs;;💖104 - Internet dans les Parcs de la Roseraie, des Lilas et de la Plage Bleue;"<p>Ce projet vise à mettre en place des zones de wifi gratuit dans les parcs de la Roseraie, de la Plage Bleue et des Lilas. La&nbsp;zone&nbsp;se situerait à proximité de&nbsp;l'espace&nbsp;d'accueil du&nbsp;parc concerné, là ou le point d'émission wifi serait installé.</p><p>Cela permettraient de maintenir la majorité des espaces du parc hors des émissions. Cette solution a fait l'objet de nombreuses discussions entre les jeunes du Laboratoire citoyen qui considèrent qu'il&nbsp;est important de pouvoir accéder gratuitement à internet dans les espaces verts départementaux, tout en plaçant la tranquillité au coeur de leurs préoccupations.</p><p>Ce projet est proposé pour trois parcs très fréquentés dans un premier temps, et pourrait être étendu sur d'autres espaces s'il&nbsp;s'avère être une réussite.</p><p><strong>Parc(s) concerné(s) </strong>: Parc de la Roseraie du Val-de-Marne, Parc de la Plage Bleue, Parc des Lilas</p><p><strong>Délai de réalisation</strong> : Deux ans maximum</p><p><strong>Condition de réalisation</strong> : Réalisation d'une étude technique</p><p>💖<em>Ce projet est l'un des ""coups de coeur"" du Laboratoire citoyen.</em></p>";;;6;2;Lancement du projet;15.0;2020-09-07 12:08:33 +0200;http://participer.valdemarne.fr/processes/budgetcitoyen/f/86/results/19;86;""
47;46;Lieux éco-partagés;84;Parc du Morbras (Sucy-en-Brie);;💖 33 - Un jardin partagé pédagogique dans le parc du Morbras;"<p>Ce projet consiste à développer une activité de jardin partagé pédagogique dans le parc du Morbras. Un récupérateur d'eaux pluviales pourra être installé. Ce jardin aura pour but de sensibiliser les usagères et les usagers au jardinage et à l'écologie, en profitant notamment de la proximité avec le centre d'animation. Aussi, le jardin devra être géré et animé par une association à but non lucratif et accessible au public. Une convention et éventuellement une charte devront être rédigées et signées entre l'association et le Département. Un travail devra être mené pour trouver un site opportun dans le parc pouvant accueillir ce projet.</p><p><strong>Parc(s) concerné(s)</strong> : Parc du Morbras</p><p><strong>Délai de mise en œuvre</strong> : Deux ans maximum</p><p><strong>Condition de mise en œuvre</strong> : Gestion et animation par une association</p><p><em>💖Ce projet est l'un des ""coups de coeur"" du Laboratoire citoyen. </em></p>";;;6;2;Lancement du projet;15.0;2020-09-07 14:50:37 +0200;http://participer.valdemarne.fr/processes/budgetcitoyen/f/86/results/47;86;""
10;49;Sport et activités physiques pour tous.tes;78;Parc de la Plage Bleue (Valenton);;💖 96 - Une patinoire - espace de glisse écologique - au parc de la Plage Bleue;"<p>Le parc de la Plage Bleue a été aménagé il y a plusieurs années afin de proposer aux usagères et aux usagers de nombreuses activités de loisirs. L’installation d’une patinoire amovible avait à l’époque été envisagée à proximité du bâtiment d’accueil, là où des jets d’eau sont situés aujourd’hui. L’espace est aujourd’hui toujours adapté à l’installation d’une patinoire éphémère. Ce projet a donc pour objectif de poursuivre la démarche afin d’installer une patinoire amovible l’hiver.&nbsp;Celle-ci serait constituée de plaques en plastique afin d’éviter l'utilisation de glace qui nécessiterait une consommation d'énergie très&nbsp;importante&nbsp;(procédé utilisé dans les patinoires traditionnelles pour garder la&nbsp;glace en état), et serait démontée au retour des beaux jours pour laisser la place aux jets d’eaux actuellement découverts toute l’année.</p><p>Un tel projet permettrait de développer et de diversifier l’offre de loisirs et d’animation du parc de la Plage Bleue, tout en limitant l’empreinte carbone de l’équipement.</p><p>Parc(s) concerné(s)&nbsp;: Parc de la Plage Bleue</p><p>Délai de réalisation&nbsp;: Deux ans maximum</p><p>Condition de mise en oeuvre&nbsp;: Partenariat avec une structure extérieure pour assurer la gestion (prêt des patins, etc.)</p><p>💖<em>Ce projet est l'un des ""coups de coeur"" du Laboratoire citoyen.</em></p>";;;6;2;Lancement du projet;15.0;2020-09-02 10:23:42 +0200;http://participer.valdemarne.fr/processes/budgetcitoyen/f/86/results/10;86;""
