id;category/id;category/name;scope/id;scope/name;participatory_space/id;participatory_space/url;component/id;title/fr;description/fr;start_time;end_time;attendees;contributions;organizations;address;location/fr;reference;comments;attachments;followers;url;related_proposals;related_results
1;;;;;3;http://participez.nanterre.fr/processes/nanterre-plan-climat?participatory_process_slug=nanterre-plan-climat;6;Événement de clôture de la concertation Nant'Air ;"<p>Cette rencontre marque la fin de la concertation ""Nant'Air en action pour le climat"" et sera l'occasion de présenter le livret recensant les bonnes pratiques des nanterrien·ne·s au quotidien. </p>";2018-12-01 13:00:00;2018-12-01 17:00:00;0;0;;20 rue Stalingrad 92000 Nanterre;Agora, maison des initiatives citoyennes de la ville de Nanterre;participez.nanterre.fr-MEET-2018-11-1;0;1;6;http://participez.nanterre.fr/processes/nanterre-plan-climat/f/6/meetings/1;"";""
4;;;;;1;http://participez.nanterre.fr/processes/budget-participatif-2019?participatory_process_slug=budget-participatif-2019;12;Permamence Budget Participatif 2019;<ul><li>Vous avez une idée pour votre quartier ou la ville et souhaitez être accompagné pour la transformer au projet à déposer au Budget Participatif 2019 ? </li><li>Votre projet est déjà bien énoncé et vous souhaitez le déposer directement sur la plateforme ? </li><li>Vous avez des questions sur les modalités du budget participatif ? </li></ul><p><br></p><p>Venez nous rencontrer à l'Agora et discutons-en ensemble ! </p>;2018-12-13 17:00:00;2018-12-13 19:30:00;0;0;;Agora, 20 rue Stalingrad 92000 Nanterre;AGORA, maison des initiatives citoyennes de la ville de Nanterre;participez.nanterre.fr-MEET-2018-12-4;0;0;28;http://participez.nanterre.fr/processes/budget-participatif-2019/f/12/meetings/4;"";""
5;;;;;1;http://participez.nanterre.fr/processes/budget-participatif-2019?participatory_process_slug=budget-participatif-2019;12;Permamence Budget Participatif 2019;<ul><li>Vous avez une idée pour votre quartier ou la ville et souhaitez être accompagné pour la transformer au projet à déposer au Budget Participatif 2019 ? </li><li>Votre projet est déjà bien énoncé et vous souhaitez le déposer directement sur la plateforme ? </li><li>Vous avez des questions sur les modalités du budget participatif ? </li></ul><p><br></p><p>Venez nous rencontrer à l'Agora et discutons-en ensemble ! </p>;2018-12-19 14:00:00;2018-12-19 19:00:00;0;0;;Agora, 20 rue Stalingrad 92000 Nanterre;AGORA, maison des initiatives citoyennes de la ville de Nanterre;participez.nanterre.fr-MEET-2018-12-5;0;0;28;http://participez.nanterre.fr/processes/budget-participatif-2019/f/12/meetings/5;"";""
6;;;;;1;http://participez.nanterre.fr/processes/budget-participatif-2019?participatory_process_slug=budget-participatif-2019;12;Permamence Budget Participatif 2019;<ul><li>Vous avez une idée pour votre quartier ou la ville et souhaitez être accompagné pour la transformer au projet à déposer au Budget Participatif 2019 ? </li><li>Votre projet est déjà bien énoncé et vous souhaitez le déposer directement sur la plateforme ? </li><li>Vous avez des questions sur les modalités du budget participatif ? </li></ul><p><br></p><p>Venez nous rencontrer à l'Agora et discutons-en ensemble ! </p>;2019-01-03 14:00:00;2019-01-03 19:00:00;0;0;;Agora, 20 rue Stalingrad 92000 Nanterre;AGORA, maison des initiatives citoyennes de la ville de Nanterre;participez.nanterre.fr-MEET-2018-12-6;0;0;28;http://participez.nanterre.fr/processes/budget-participatif-2019/f/12/meetings/6;"";""
3;;;3;;1;http://participez.nanterre.fr/processes/budget-participatif-2019?participatory_process_slug=budget-participatif-2019;12;Conseil de quartier Chemin de l'Île du 5 décembre 2018;<p>Rendez-vous mercredi 5 décembre 2018 à 19h </p><p>Salle polyvalente de la Maison du chemin de l'île au 57 boulevard du général Leclerc</p><p><br></p><p>De 19h à 19h30 : présentation du projet SMAC'Île, retenu dans le cadre du budget participatif 2018</p><p>Ordre du jour : </p><ul><li>Point d'étape sur les budgets participatifs : la mise en œuvre des projets votés en juin 2018 et les modalités de lancement de la nouvelle campagne 2019</li><li>Présentation du projet d'aménagement de l'avenue Jules Quentin</li><li>Point d’information sur le chantier du futur centre commercial et sur les chantiers des programmes de logements aux abords de la cité Komarov</li></ul><p><br></p><p>Un pot convivial est proposé à la fin du conseil de quartier. </p><p><br></p>;2018-12-05 18:00:00;2018-12-05 20:00:00;0;0;;57 boulevard du général Leclerc 92000 nanterre;Maison du chemin de l'Île;participez.nanterre.fr-MEET-2018-11-3;0;1;29;http://participez.nanterre.fr/processes/budget-participatif-2019/f/12/meetings/3;"";""
2;;;;;1;http://participez.nanterre.fr/processes/budget-participatif-2019?participatory_process_slug=budget-participatif-2019;12;Retrouvez le Budget Participatif à la Ferme Géante !;"<p>Profitez de l'installation de la Ferme Géante en centre ville de Nanterre pour venir rencontrer les équipes de la Vie Citoyenne qui vous présenteront les démarches et vous accompagnerons sur la plateforme Participez-nanterre.fr</p><p>Retrouvez-nous sur le stand  ""Budget participatif 2019"" !</p><p><br></p><p>Vendredi 23 novembre de 17h à 19h </p><p>Samedi 24 novembre de 11h à 15h</p>";2018-11-23 16:00:00;2018-11-24 14:00:00;0;0;;Parc des anciennes Mairies de Nanterre, 92000 Nanterre;Stand Budget Participatif 2019;participez.nanterre.fr-MEET-2018-11-2;0;0;28;http://participez.nanterre.fr/processes/budget-participatif-2019/f/12/meetings/2;"";""
7;;;;;1;http://participez.nanterre.fr/processes/budget-participatif-2019?participatory_process_slug=budget-participatif-2019;12;Permamence Budget Participatif 2019;<ul><li>Vous avez une idée pour votre quartier ou la ville et souhaitez être accompagné pour la transformer au projet à déposer au Budget Participatif 2019 ? </li><li>Votre projet est déjà bien énoncé et vous souhaitez le déposer directement sur la plateforme ? </li><li>Vous avez des questions sur les modalités du budget participatif ? </li></ul><p><br></p><p>Venez nous rencontrer à l'Agora et discutons-en ensemble ! </p>;2019-01-09 14:00:00;2019-01-09 19:00:00;0;0;;Agora, 20 rue Stalingrad 92000 Nanterre;AGORA, maison des initiatives citoyennes de la ville de Nanterre;participez.nanterre.fr-MEET-2018-12-7;0;0;28;http://participez.nanterre.fr/processes/budget-participatif-2019/f/12/meetings/7;"";""
8;;;;;1;http://participez.nanterre.fr/processes/budget-participatif-2019?participatory_process_slug=budget-participatif-2019;12;Permamence Budget Participatif 2019;<ul><li>Vous avez une idée pour votre quartier ou la ville et souhaitez être accompagné pour la transformer au projet à déposer au Budget Participatif 2019 ? </li><li>Votre projet est déjà bien énoncé et vous souhaitez le déposer directement sur la plateforme ? </li><li>Vous avez des questions sur les modalités du budget participatif ? </li></ul><p><br></p><p>Venez nous rencontrer à l'Agora et discutons-en ensemble ! </p>;2019-01-12 09:00:00;2019-01-12 11:30:00;0;0;;Agora, 20 rue Stalingrad 92000 Nanterre;AGORA, maison des initiatives citoyennes de la ville de Nanterre;participez.nanterre.fr-MEET-2018-12-8;0;0;29;http://participez.nanterre.fr/processes/budget-participatif-2019/f/12/meetings/8;"";""
9;;;5;;1;http://participez.nanterre.fr/processes/budget-participatif-2019?participatory_process_slug=budget-participatif-2019;12;Transformation du parc sud - Réunion d'Information;"<p>Ce temps d'échanges est l'occasion d'en savoir plus sur les projets en cours sur le quartier et d'en discuter directement avec les partenaires de la rénovation urbaine. </p><ul><li>Stands d’information animé par les partenaires</li><li>Pole restauration animé par authenticité</li><li>Jeu de piste animé par l’association les diamants pour découvrir en famille les éléments du projet (lots à gagner)</li></ul><p><br></p><p>L'occasion également de se renseigner sur le budget participatif 2019. </p><p><br></p><p>Moment convivial et en famille ouvert à tous les habitants du quartier. &nbsp;</p>";2018-12-14 18:00:00;2018-12-14 20:00:00;0;0;;allée des trois musiciens 92000 nanterre;École Pablo Picasso;participez.nanterre.fr-MEET-2018-12-9;0;0;28;http://participez.nanterre.fr/processes/budget-participatif-2019/f/12/meetings/9;"";""
10;;;4;;1;http://participez.nanterre.fr/processes/budget-participatif-2019?participatory_process_slug=budget-participatif-2019;12;Conseil de quartier Parc Nord du 20 décembre 2018;<p>Profitez du conseil de quartier du jeudi 20 décembre pour découvrir le budget participatif 2019.  </p><p><br></p><p>à partir de 19h, à la mairie de quartier des Terrasses, 215 Terrasses de l’Arche.</p>;2018-12-20 18:00:00;2018-12-20 20:00:00;0;0;;215 terrasses de l'Arche, 92000 Nanterre ;Mairie de quartier des Terrasses ;participez.nanterre.fr-MEET-2018-12-10;0;0;28;http://participez.nanterre.fr/processes/budget-participatif-2019/f/12/meetings/10;"";""
11;;;;;1;http://participez.nanterre.fr/processes/budget-participatif-2019?participatory_process_slug=budget-participatif-2019;12;Budget Participatif 2019 - Mode d'Emploi ;<p>Vous souhaitez en savoir plus sur le budget participatif : Modalités, projets en cours, prochaines étapes ? </p><p>Ce rendez-vous est fait pour vous. </p><ul><li>Découvrez le budget participatif 2019</li><li>Rencontrez des porteurs de projets </li><li>Partagez vos idées pour votre quartier et pour la ville</li></ul><p><br></p>;2019-01-09 18:30:00;2019-01-09 20:30:00;0;0;;20 rue Stalingrad 92000 Nanterre;Agora, maison des initiatives citoyennes;participez.nanterre.fr-MEET-2018-12-11;0;0;28;http://participez.nanterre.fr/processes/budget-participatif-2019/f/12/meetings/11;"";""
18;;;;;1;http://participez.nanterre.fr/processes/budget-participatif-2019?participatory_process_slug=budget-participatif-2019;12;Présentation des projets 2019 soumis au vote !;<p>Temps de rencontre et d'échanges autour des projets qui concernent toute la ville retenus dans le cadre du budget participatif 2019 et soumis au vote des habitant·e·s entre le 17 et le 27 juin.</p><p>Les porteurs de projets pourront vous présenter leur initiative et leur engagement. L'équipe de l'Agora pourra également vous accompagner dans la découverte de la plateforme participez.nanterre.fr (inscription, gestion de l'espace personnel et participation aux dispositifs en cours). </p>;2019-06-19 16:30:00;2019-06-19 19:30:00;0;0;;20 rue Stalingrad 92000 Nanterre;Agora, maison des initiatives citoyennes;participez.nanterre.fr-MEET-2019-05-18;0;0;32;http://participez.nanterre.fr/processes/budget-participatif-2019/f/12/meetings/18;"";""
21;;;4;;1;http://participez.nanterre.fr/processes/budget-participatif-2019?participatory_process_slug=budget-participatif-2019;12;Conseil de quartier PARC NORD;"<p>Le conseil de quartier se tiendra à la <strong>Mairie de quartier des Terrasses au 215 terrasse de l'Arche à partir de 19h. </strong></p><p><br></p><p>Les votes pour les projets du Budget Participatif 2019 seront accessibles de 8h à 15h<strong><u> à la mairie de quartier des terrasses.</u></strong></p><p>Pour rappel, vous pouvez voter pour <strong>un projet ""Toute ville"" </strong>et pour <strong>un projet proposé dans votre quartier.</strong></p><p>7 projets sont proposés dans le quartier du Parc Nord : <a href=""https://participez.nanterre.fr/processes/budget-participatif-2019/f/63/projects?utf8=%E2%9C%93&amp;filter%5Bsearch_text%5D=&amp;filter%5Bscope_id%5D%5B%5D=4&amp;filter%5Bcategory_id%5D=&amp;filter%5Brandom_seed%5D="" target=""_blank"">Voir les projets</a></p>";2019-06-27 17:00:00;2019-06-27 19:00:00;0;0;;215 terrasses de l'Arche 92000 Nanterre;Mairie de quartier les Terrasses;participez.nanterre.fr-MEET-2019-06-21;0;0;28;http://participez.nanterre.fr/processes/budget-participatif-2019/f/12/meetings/21;"";""
22;;;5;;1;http://participez.nanterre.fr/processes/budget-participatif-2019?participatory_process_slug=budget-participatif-2019;12;Conseil de quartier PARC SUD;"<p>Le conseil de quartier se tiendra à <strong>l'Espace Jeunesse 118 ter, avenue Pablo Picasso à partir de 18h30. </strong></p><p><br></p><p>Les votes pour les projets du Budget Participatif 2019 seront accessibles de 8h à 15h à la <strong>Mairie du Parc au 118, avenue Pablo Picasso. </strong></p><p>Pour rappel, vous pouvez voter pour <strong>un projet ""Toute ville"" </strong>et pour <strong>un projet proposé dans votre quartier.</strong></p><p>7 projets sont proposés dans le quartier PARC SUD : <a href=""https://participez.nanterre.fr/processes/budget-participatif-2019/f/63/projects?utf8=%E2%9C%93&amp;filter%5Bsearch_text%5D=&amp;filter%5Bscope_id%5D%5B%5D=5&amp;filter%5Bcategory_id%5D=&amp;filter%5Brandom_seed%5D="" target=""_blank"">Voir les projets</a></p>";2019-06-27 16:30:00;2019-06-27 19:00:00;0;0;;118 ter, avenue Pablo Picasso 92000 Nanterre;Espace Jeunesse;participez.nanterre.fr-MEET-2019-06-22;0;0;28;http://participez.nanterre.fr/processes/budget-participatif-2019/f/12/meetings/22;"";""
20;;;7;;1;http://participez.nanterre.fr/processes/budget-participatif-2019?participatory_process_slug=budget-participatif-2019;12;Conseil de quartier PLATEAU / MONT-VALÉRIEN;"<p>Le conseil de quartier se fera à la <u>salle de quartier du Mont Valérien, 207, rue Paul Vaillant Couturier à partir de 19h.</u></p><p><br></p><p>Les votes pour les projets du Budget Participatif 2019 seront accessibles <strong><u>de 8h à 15h à la mairie de quartier du Mont Valérien.</u></strong> </p><p>Pour rappel, vous pouvez voter pour <strong>un projet ""Toute ville"" </strong>et pour <strong>un projet proposé dans votre quartier.</strong> </p><p>Deux projets sont proposés dans le quartier du Plateau Mont-Valérien : <a href=""https://participez.nanterre.fr/processes/budget-participatif-2019/f/63/projects?utf8=%E2%9C%93&amp;filter%5Bsearch_text%5D=&amp;filter%5Bscope_id%5D%5B%5D=7&amp;filter%5Bcategory_id%5D=&amp;filter%5Brandom_seed%5D="" target=""_blank"">Voir les deux projets</a></p><p> </p>";2019-06-27 17:00:00;2019-06-27 19:00:00;0;0;;207 rue Paul Vaillant Couturier 92000 Nanterre;Mairie de Quartier Plateau / Mont-Valérien ;participez.nanterre.fr-MEET-2019-06-20;0;0;28;http://participez.nanterre.fr/processes/budget-participatif-2019/f/12/meetings/20;"";""
19;;;;;1;http://participez.nanterre.fr/processes/budget-participatif-2019?participatory_process_slug=budget-participatif-2019;12;Conseil de quartier CENTRE;"<p>Sur Invitation d'Odette Siméon-Puyfagès en présence des élu·e·s de quartier.</p><p>À l'ordre du jour :</p><ul><li>budget participatif :  projets du quartier déposés et retenus en 2019 et vote</li><li>présentation du projet d'implantation d'une brasserie dans la grange Silvy.</li></ul><p><br></p><p><strong>Les votes seront accessibles de 16h à 18h à l'Agora</strong></p><p><br></p><p><a href=""https://participez.nanterre.fr/processes/budget-participatif-2019/f/63/projects?utf8=%E2%9C%93&amp;filter%5Bsearch_text%5D=&amp;filter%5Bscope_id%5D%5B%5D=1&amp;filter%5Bcategory_id%5D=&amp;filter%5Brandom_seed%5D="" target=""_blank""><strong>Voir les 7 projets du quartier Centre</strong></a></p>";2019-06-27 17:00:00;2019-06-27 19:00:00;0;0;;20 rue Stalingrad 92000 Nanterre;Agora, maison des initiatives citoyennes;participez.nanterre.fr-MEET-2019-05-19;0;0;30;http://participez.nanterre.fr/processes/budget-participatif-2019/f/12/meetings/19;"";""
25;;;2;;1;http://participez.nanterre.fr/processes/budget-participatif-2019?participatory_process_slug=budget-participatif-2019;12;Conseil de quartier LA BOULE / CHAMPS-PIERREUX;"<p>Le conseil de quartier se tiendra dans le <strong>préau de l'école Joliot Curie - 15, rue de la côte des Amandiers - à partir de 19h</strong></p><p><br></p><p>Les votes pour les projets du Budget Participatif 2019 seront accessibles de 11h30 à 17h30 à <strong>l'Hôtel de Ville - place du 8 mai 1945 et devant l'école Joliot-Curie de 16h à 19h. </strong></p><p>Pour rappel, vous pouvez voter pour <strong>un projet ""Toute ville"" </strong>et pour <strong>un projet proposé dans votre quartier.</strong></p><p>Deux projets sont proposés dans le quartier LA BOULE CHAMPS-PIERREUX : <a href=""https://participez.nanterre.fr/processes/budget-participatif-2019/f/63/projects?utf8=%E2%9C%93&amp;filter%5Bsearch_text%5D=&amp;filter%5Bscope_id%5D%5B%5D=2&amp;filter%5Bcategory_id%5D=&amp;filter%5Brandom_seed%5D="" target=""_blank"">Voir les projets</a></p>";2019-06-27 17:00:00;2019-06-27 19:00:00;0;0;;15, rue de la côte des Amandiers 92000 Nanterre;Préau de l'école Joliot-Curie;participez.nanterre.fr-MEET-2019-06-25;0;0;28;http://participez.nanterre.fr/processes/budget-participatif-2019/f/12/meetings/25;"";""
24;;;9;;1;http://participez.nanterre.fr/processes/budget-participatif-2019?participatory_process_slug=budget-participatif-2019;12;Conseil de quartier VIEUX PONT;"<p>Le conseil de quartier se tiendra dans<strong><u> l'École primaire Sayad au 56 Rue Abdelmalek Sayad à partir de 19h.</u></strong></p><p><br></p><p>Les votes pour les projets du Budget Participatif 2019 seront accessibles de 9h-12h puis de 13h30-18h<strong><u> à la mairie de quartier du chemin de l'île (8 avenue du général Leclerc) et devant de l'école primaire Sayad à partir de 16h jusqu'à 19h</u></strong></p><p>Pour rappel, vous pouvez voter pour <strong>un projet ""Toute ville"" </strong>et pour <strong>un projet proposé dans votre quartier.</strong></p><p>Trois projets sont proposés dans le quartier Vieux-Pont : <a href=""https://participez.nanterre.fr/processes/budget-participatif-2019/f/63/projects?utf8=%E2%9C%93&amp;filter%5Bsearch_text%5D=&amp;filter%5Bscope_id%5D%5B%5D=9&amp;filter%5Bcategory_id%5D=&amp;filter%5Brandom_seed%5D="" target=""_blank"">Voir les projets</a></p>";2019-06-27 17:00:00;2019-06-27 19:00:00;0;0;;56 Rue Abdelmalek Sayad 92000 nanterre;École primaire Sayad;participez.nanterre.fr-MEET-2019-06-24;0;0;28;http://participez.nanterre.fr/processes/budget-participatif-2019/f/12/meetings/24;"";""
23;;;3;;1;http://participez.nanterre.fr/processes/budget-participatif-2019?participatory_process_slug=budget-participatif-2019;12;Conseil de quartier CHEMIN DE L'ÎLE;"<p>Le conseil de quartier se tiendra à la <strong>Maison du Chemin de l'Ile au 61, boulevard du Général Leclerc  à partir de 19h30</strong></p><p><br></p><p>Les votes pour les projets du Budget Participatif 2019 seront accessibles de8h à 15h <strong><u> à la mairie de quartier du Chemin de l'Île </u></strong>au 8, avenue du Général Leclerc</p><p>Pour rappel, vous pouvez voter pour <strong>un projet ""Toute ville"" </strong>et pour <strong>un projet proposé dans votre quartier.</strong></p><p>6 projets sont proposés dans le quartier Chemin de l'Ile : <a href=""https://participez.nanterre.fr/processes/budget-participatif-2019/f/63/projects?utf8=%E2%9C%93&amp;filter%5Bsearch_text%5D=&amp;filter%5Bscope_id%5D%5B%5D=3&amp;filter%5Bcategory_id%5D=&amp;filter%5Brandom_seed%5D="" target=""_blank"">Voir les projets</a></p>";2019-06-27 17:30:00;2019-06-27 19:00:00;0;0;;61 boulevard du général leclerc 92000 nanterre;Maison du Chemin de l'île;participez.nanterre.fr-MEET-2019-06-23;0;0;28;http://participez.nanterre.fr/processes/budget-participatif-2019/f/12/meetings/23;"";""
26;;;10;;1;http://participez.nanterre.fr/processes/budget-participatif-2019?participatory_process_slug=budget-participatif-2019;12;Conseil de quartier UNIVERSITÉ;"<p>Le conseil de quartier se tiendra dans la <strong>salle des Terrasses de l'Université au 75, terrasses de l'université à partir de 19h. </strong></p><p>Les votes pour les projets du Budget Participatif 2019 seront accessibles de 11h30 à 17h30 à l<strong>'Hôtel de Ville - place du 8 mai 1945. </strong></p><p>Pour rappel, vous pouvez voter pour <strong>un projet ""Toute ville"" </strong>et pour <strong>un projet proposé dans votre quartier.</strong></p><p>6 projets sont proposés dans le quartier Université : <a href=""https://participez.nanterre.fr/processes/budget-participatif-2019/f/63/projects?utf8=%E2%9C%93&amp;filter%5Bsearch_text%5D=&amp;filter%5Bscope_id%5D%5B%5D=10&amp;filter%5Bcategory_id%5D=&amp;filter%5Brandom_seed%5D="" target=""_blank"">Voir les projets</a></p>";2019-06-27 17:00:00;2019-06-27 19:00:00;0;0;;75, terrasses de l'université 92000 Nanterre;Salle des Terrasses d'Université;participez.nanterre.fr-MEET-2019-06-26;0;0;28;http://participez.nanterre.fr/processes/budget-participatif-2019/f/12/meetings/26;"";""
27;;;6;;1;http://participez.nanterre.fr/processes/budget-participatif-2019?participatory_process_slug=budget-participatif-2019;12;Conseil de quartier PETIT NANTERRE;"<p>Le conseil de quartier se tiendra dans la <strong><u>salle polyvalente de la maison de l'enfance au 30, rue des Aubépines à partir de 19h</u></strong></p><p><br></p><p>Les votes pour les projets du Budget Participatif 2019 seront accessibles 8h à 15h à la<strong> Mairie du Petit Nanterre au 4, place des Muguets</strong></p><p>Pour rappel, vous pouvez voter pour <strong>un projet ""Toute ville"" </strong>et pour <strong>un projet proposé dans votre quartier.</strong></p><p>6 projets sont proposés dans le quartier du Petit Nanterre : <a href=""https://participez.nanterre.fr/processes/budget-participatif-2019/f/63/projects?utf8=%E2%9C%93&amp;filter%5Bsearch_text%5D=&amp;filter%5Bscope_id%5D%5B%5D=6&amp;filter%5Bcategory_id%5D=&amp;filter%5Brandom_seed%5D="" target=""_blank"">Voir les projets</a></p>";2019-06-27 17:00:00;2019-06-27 19:00:00;0;0;;30, rue des Aubépines 92000 Nanterre;Salle polyvalente de la maison de l'enfance;participez.nanterre.fr-MEET-2019-06-27;0;0;28;http://participez.nanterre.fr/processes/budget-participatif-2019/f/12/meetings/27;"";""
28;;;8;;1;http://participez.nanterre.fr/processes/budget-participatif-2019?participatory_process_slug=budget-participatif-2019;12;Conseil de quartier RÉPUBLIQUE;"<p>Les votes pour les projets du Budget Participatif 2019 seront accessibles de 11h30 à 17h30 <strong><u>à l'hôtel de Ville - place du 8 mai 1945 et de 16h à 19h devant le Centre de Loisirs Rouget de l'Isle.</u></strong></p><p><strong>Le conseil de quartier se tiendra au Centre de loisirs Rouget de Lisle - 20, rue Rouget de Lisle - à partir de 19h</strong></p><p><br></p><p>Pour rappel, vous pouvez voter pour <strong>un projet ""Toute ville"" </strong>et pour <strong>un projet proposé dans votre quartier.</strong></p><p>Trois projets sont proposés dans le quartier du République :  <a href=""https://participez.nanterre.fr/processes/budget-participatif-2019/f/63/projects?utf8=%E2%9C%93&amp;filter%5Bsearch_text%5D=&amp;filter%5Bscope_id%5D%5B%5D=8&amp;filter%5Bcategory_id%5D=&amp;filter%5Brandom_seed%5D="" target=""_blank"">Voir les projets</a></p>";2019-06-27 17:00:00;2019-06-27 19:00:00;0;0;;20, rue Rouget de L'isle 92000 nanterre;Centre de loisirs Rouget de l'Isle;participez.nanterre.fr-MEET-2019-06-28;0;0;28;http://participez.nanterre.fr/processes/budget-participatif-2019/f/12/meetings/28;"";""
30;2;;1;;1;http://participez.nanterre.fr/processes/budget-participatif-2019?participatory_process_slug=budget-participatif-2019;12;"Projet ""Marché du Centre : ZERO PLASTIQUE"" - Rendez-vous pour une distribution de sacs en coton ";"<p>Projet lauréat de l'édition 2019 du budget participatif de la ville de Nanterre</p><p><a href=""https://participez.nanterre.fr/processes/budget-participatif-2019/f/63/projects/13"" target=""_blank"">Voir le descriptif du projet </a></p><p>Dans le cadre de la semaine européenne de la réduction des déchets, venez rencontrer les porteuses du projet  "" Marché du Centre, zéro plastique"". Elles animeront un stand de sensibilisation sur la place du marché ainsi qu'une distribution de sacs en coton dans le but de limiter le plastique sur les marchés Nanterriens. </p><p>Appel à participation : Les porteuses du projets sont à la recherches de bénévoles dynamiques et souriants pour aller à la rencontre des habitant·e·s. Manifestez vous auprès du stand ZÉRO PLASTIQUE du Centre </p>";2019-11-21 07:30:00;2019-11-21 12:30:00;0;0;;Place du Marché ;Marché du quartier quartier Centre ;participez.nanterre.fr-MEET-2019-11-30;0;0;28;http://participez.nanterre.fr/processes/budget-participatif-2019/f/12/meetings/30;"";""
31;2;;1;;1;http://participez.nanterre.fr/processes/budget-participatif-2019?participatory_process_slug=budget-participatif-2019;12;"Projet ""Marché du Centre : ZERO PLASTIQUE"" - Rendez-vous pour une distribution de sacs en coton ";"<p>Projet lauréat de l'édition 2019 du budget participatif de la ville de Nanterre</p><p><a href=""https://participez.nanterre.fr/processes/budget-participatif-2019/f/63/projects/13"" target=""_blank"">Voir le descriptif du projet </a></p><p>Dans le cadre de la semaine européenne de la réduction des déchets, venez rencontrer les porteuses du projet  "" Marché du Centre, zéro plastique"". Elles animeront un stand de sensibilisation sur la place du marché ainsi qu'une distribution de sacs en coton dans le but de limiter le plastique sur les marchés Nanterriens. </p><p>Appel à participation : Les porteuses du projets sont à la recherches de bénévoles dynamiques et souriants pour aller à la rencontre des habitant·e·s. Manifestez vous auprès du stand ZÉRO PLASTIQUE du Centre </p>";2019-11-24 07:30:00;2019-11-24 12:30:00;0;0;;Place du Marché ;Marché du quartier quartier Centre ;participez.nanterre.fr-MEET-2019-11-31;0;0;28;http://participez.nanterre.fr/processes/budget-participatif-2019/f/12/meetings/31;"";""
29;2;;1;;1;http://participez.nanterre.fr/processes/budget-participatif-2019?participatory_process_slug=budget-participatif-2019;12;"Projet ""Marché du Centre : ZERO PLASTIQUE"" - Rendez-vous pour une distribution de sacs en coton ";"<p><strong>Projet lauréat de l'édition 2019 du budget participatif de la ville de Nanterre</strong></p><p><a href=""https://participez.nanterre.fr/processes/budget-participatif-2019/f/63/projects/13"" target=""_blank""><strong>Voir le descriptif du projet </strong></a></p><p>Dans le cadre de la semaine européenne de la réduction des déchets, venez rencontrer les porteuses du projet  "" Marché du Centre, zéro plastique"". Elles animeront un stand de sensibilisation sur la place du marché ainsi qu'une distribution de sacs en coton dans le but de limiter le plastique sur les marchés Nanterriens. </p><p>Appel à participation : Les porteuses du projets sont à la recherches de bénévoles dynamiques et souriants pour aller à la rencontre des habitant·e·s. Manifestez vous auprès du stand ZÉRO PLASTIQUE du Centre </p>";2019-11-19 07:30:00;2019-11-19 12:30:00;0;0;;Place du Marché ;Marché du quartier quartier Centre ;participez.nanterre.fr-MEET-2019-11-29;0;0;28;http://participez.nanterre.fr/processes/budget-participatif-2019/f/12/meetings/29;"";""
17;;;;;17;http://participez.nanterre.fr/processes/parc-anciennes-mairies-2019?participatory_process_slug=parc-anciennes-mairies-2019;47;Réunion publique - Présentation du schéma directeur d'aménagement;"<p><strong>Cette réunion a pour objectif de présenter le projet au plus grand nombre d'habitant·e·s intéressé·e·s.</strong></p><p>La concertation, débutée le 9 janvier 2019 sous la forme d’ateliers réunissant les membres des commissions locales environnement et espaces publics, s'est ensuite tenue sur la plateforme <em>participez.nanterre.fr</em>, entre le 8 février et le 8 mars 2019. Une deuxième réunion des commissions locales  a été également proposée le 17 avril 2019.</p><p>Dans cette continuité, cette réunion publique consistera à faire le bilan de la concertation et à&nbsp;présenter le schéma directeur d’aménagement, c'est à dire les orientations prises pour les futurs aménagements, ainsi que les prochaines étapes du projet (planning des travaux, retours sur les fouilles archéologiques prévues)</p>";2019-05-27 17:00:00;2019-05-27 19:00:00;0;0;;20 rue Stalingrad 92000 Nanterre;Agora, maison des initiatives citoyennes;participez.nanterre.fr-MEET-2019-05-17;0;1;8;http://participez.nanterre.fr/processes/parc-anciennes-mairies-2019/f/47/meetings/17;"";""
12;;;;;17;http://participez.nanterre.fr/processes/parc-anciennes-mairies-2019?participatory_process_slug=parc-anciennes-mairies-2019;47;Réunion du lancement de la concertation ;<p><strong>Objectifs de la rencontre :</strong> Présentation du projet et travail en format ateliers. </p><p><br></p><p><strong>Atelier 1</strong> - Le besoin de plus de nature en ville, plus d'espaces verts accessibles à l'ensemble des habitant·e·s/ la lutte contre les îlots de chaleur et la place de l'eau</p><p><strong>Atelier 2</strong> - Expression libre </p><p><strong>Atelier 3 </strong>- Le renforcement des espaces ludiques pour les enfants / la nécessité d'avoir des sols perméables ou semi-perméables (espace de jeux et de circulation)</p><p><strong>Atelier 4</strong> - La prise en compte des dépôts de projets dans le cadre du budget participatif 2018 </p><p>Le compte-rendu en pièce jointe de ce rendez-vous reprend la synthèse des échanges de chacun des ateliers. </p><p><br></p><p><br></p>;2019-01-09 18:00:00;2019-01-09 20:00:00;27;0;"Commissions Locales Environnement et Ecologie Urbaine (CLEEU)
Aménagements et Transports (CLAT)
Collectif de quartier Centre";20 rue Stalingrad 92000 Nanterre;Agora, maison des initiatives citoyennes de la ville de Nanterre;participez.nanterre.fr-MEET-2019-01-12;0;1;7;http://participez.nanterre.fr/processes/parc-anciennes-mairies-2019/f/47/meetings/12;http://participez.nanterre.fr/processes/parc-anciennes-mairies-2019/f/50/proposals/193, http://participez.nanterre.fr/processes/parc-anciennes-mairies-2019/f/50/proposals/192, http://participez.nanterre.fr/processes/parc-anciennes-mairies-2019/f/50/proposals/194, http://participez.nanterre.fr/processes/parc-anciennes-mairies-2019/f/50/proposals/195, http://participez.nanterre.fr/processes/parc-anciennes-mairies-2019/f/50/proposals/196, http://participez.nanterre.fr/processes/parc-anciennes-mairies-2019/f/50/proposals/197, http://participez.nanterre.fr/processes/parc-anciennes-mairies-2019/f/50/proposals/198, http://participez.nanterre.fr/processes/parc-anciennes-mairies-2019/f/50/proposals/199, http://participez.nanterre.fr/processes/parc-anciennes-mairies-2019/f/50/proposals/200, http://participez.nanterre.fr/processes/parc-anciennes-mairies-2019/f/50/proposals/201;""
15;;;;;17;http://participez.nanterre.fr/processes/parc-anciennes-mairies-2019?participatory_process_slug=parc-anciennes-mairies-2019;47;2ème réunion des commissions CLEEU et CLAT,  du collectif de quartier Centre  et des partenaires associés;<p>Retour sur la concertation en ligne et présentation du schéma directeur d'aménagement</p><p>Présentation des prochaines étapes du projet</p>;2019-04-17 17:00:00;2019-04-17 19:00:00;0;0;;20 rue Stalingrad 92000 Nanterre;Agora, maison des initiatives citoyennes de la ville de Nanterre;participez.nanterre.fr-MEET-2019-04-15;0;0;7;http://participez.nanterre.fr/processes/parc-anciennes-mairies-2019/f/47/meetings/15;"";""
33;;;1;;2;http://participez.nanterre.fr/processes/budget-participatif-2018?participatory_process_slug=budget-participatif-2018;51;Inauguration Boîte à livres du Quartier République;"<p>Projet lauréat du budget participatif 2018</p><p><a href=""https://participez.nanterre.fr/processes/budget-participatif-2018/f/15/results/37"" target=""_blank"">Voir le descriptif du projet</a></p><p>Rendez-vous le samedi 23 novembre 2019 à 10h30 10.30 à l’angle rue Becquet- rue Dr Pierre</p>";2019-11-23 09:30:00;2019-11-23 10:00:00;0;0;;rue Becquet 92000 Nanterre;à l'angle de la rue Becquet et Dr Pierre;participez.nanterre.fr-MEET-2019-11-33;0;0;11;http://participez.nanterre.fr/processes/budget-participatif-2018/f/51/meetings/33;"";""
32;47;;1;;2;http://participez.nanterre.fr/processes/budget-participatif-2018?participatory_process_slug=budget-participatif-2018;51;Inauguration du jardin partagé Les Amandiers / Quartier Centre;"<p>Projet lauréat du budget participatif 2018 : jardin partagé des Amandiers porté par l’amicale des locataires Amandiers, situé à proximité du 49 Joliot-Curie</p><p><a href=""https://participez.nanterre.fr/processes/budget-participatif-2018/f/15/results/41"" target=""_blank"">Descriptif du projet déposé </a></p><p><br></p><p><strong>Rendez-vous le 9 novembre 2019 à 11h </strong></p><p>En présence du président de l’amicale et de quelques associés-jardiniers, de la directrice générale de l’office municipal&nbsp;HLM, Mme Monge, du Maire, de l’élue en charge de l’animation du conseil de quartier Centre, Mme Siméon-Puyfagès, de membres du collectif.</p>";2019-11-09 10:00:00;2019-11-09 11:30:00;0;0;;49 rue Joliot-Curie 92000 Nanterre;à proximité du 49 rue Joliot-Curie;participez.nanterre.fr-MEET-2019-11-32;0;0;11;http://participez.nanterre.fr/processes/budget-participatif-2018/f/51/meetings/32;"";""
34;;;8;;2;http://participez.nanterre.fr/processes/budget-participatif-2018?participatory_process_slug=budget-participatif-2018;51;Inauguration Jardin partagé Anatole France quartier République;"<p>Projet lauréat du budget participatif 2018 </p><p><a href=""https://participez.nanterre.fr/processes/budget-participatif-2018/f/15/results/36"" target=""_blank"">Voir le descriptif du projet </a></p><p>Rendez-vous le samedi 23 novembre 2019 à 13h30 au coeur de la cité Anatole France en présence du CRAF et de l'association l'Univercel et de son triporteur pour le projet de «&nbsp;magasin éphémère presque gratuit&nbsp;», projet lauréat 2018 du budget participatif également </p>";2019-11-23 12:30:00;2019-11-23 15:00:00;0;0;;cité Anatole France 92000 Nanterre;au coeur de la cité Anatole France;participez.nanterre.fr-MEET-2019-11-34;0;0;11;http://participez.nanterre.fr/processes/budget-participatif-2018/f/51/meetings/34;"";""
47;;;4;;23;http://participez.nanterre.fr/processes/jardin-arlequin-2020?participatory_process_slug=jardin-arlequin-2020;85;"Exposition  ""Du mobilier dans mon jardin""";<p><strong>Venez découvir via une exposition dans le Jardin de l'Arlequin les 3 projets de construction de mobilier urbain proposés ! </strong></p><p><strong>Une belle occasion également de s'informer sur les projets de rénovation des tours Aillaud en cours et de découvrir les contributions des habitantes et des habitants, et plus particulièrement, des jeunes du quartier. </strong></p><p>Intervenant·e·s et partenaires du projet :</p><ul><li>COLOCO,</li><li>Les plastikeuses</li><li>Atelier 49,</li><li>Association des 4 chemins,</li><li>mission de quartier,</li><li>Altarea Cogedim</li></ul><p><br></p><p>Participantes et participants :</p><ul><li>Jeunes du quartier</li><li>Habitantes et habitants du quartier</li></ul>;2020-07-20 12:00:00;2020-10-23 16:00:00;0;0;;123 avenue Pablo Picasso 92000 Nanterre;Jardin de l'arlequin;participez.nanterre.fr-MEET-2020-09-47;0;6;9;http://participez.nanterre.fr/processes/jardin-arlequin-2020/f/85/meetings/47;"";""
39;;;;;23;http://participez.nanterre.fr/processes/jardin-arlequin-2020?participatory_process_slug=jardin-arlequin-2020;85;Atelier de co-conception du mobilier;<p><strong>OBJECTIF DE L'ATELIER </strong></p><p>Définir avec les habitant·e·s le cadre de conception du mobilier </p><ol><li>Présentation des intervenant·e·s du projet</li><li>Histoire des Tours Aillaud, et des espaces extérieurs</li><li>Présentation du chantier réalisé entre novembre 2019 et janvier 2020</li><li>Atelier mobilier : les assises</li><li>Atelier hôtel à insectes</li><li>Collations et échanges</li></ol><p><br></p><p><strong>INTERVENANTS : </strong></p><ul><li>COLOCO, </li><li>Les plastikeuses</li><li>Atelier 49,</li><li>Association des 4 chemins, </li><li>mission de quartier, </li><li>Altarea Cogedim</li></ul><p><br></p><p><strong>PARTICIPANT·E·S : </strong></p><ul><li>Habitant·e·s des Tours Aillaud</li><li>Association Authenti-cité</li><li>Régie de quartier </li><li>Association des 4 chemins</li></ul>;2020-03-11 13:00:00;2020-03-11 16:00:00;0;0;;123 avenue pablo picasso 92000 Nanterre;Jardin de l'Arlequin;participez.nanterre.fr-MEET-2020-07-39;0;2;8;http://participez.nanterre.fr/processes/jardin-arlequin-2020/f/85/meetings/39;"";""
38;;;;;23;http://participez.nanterre.fr/processes/jardin-arlequin-2020?participatory_process_slug=jardin-arlequin-2020;85;"Atelier ""Jardins de connaissances""";<p><strong>Un atelier avec les habitant·e·s sur la question des plantations du jardin et des actions en cours. </strong></p><ol><li>Présentation des intervenants du projets </li><li>Rappel de l’inscription du projet et retour sur le travail réalisé de novembre 2019 à janvier 2020 par les jeunes travailleurs de l’association des 4 chemins</li><li>Explications et échanges sur le travail mené par le BE Réalisation Environnement et la régie EV en 2007-2010</li><li>Transmission et sensibilisation sur l’histoire des jardins médicinaux et transmission des vertus des plantes</li><li>Composition des jardins de connaissances sur 2 zones </li><li>Collations et échanges</li></ol><p><br></p><p><strong><u>INTERVENANTS : </u></strong></p><ul><li>COLOCO,</li><li>Régie des Espaces Verts de la ville de Nanterre,</li><li>Bureau Étude Réalisation et Environnement, </li><li>mission de quartier, </li><li>Altarea Cogedim</li></ul><p><br></p><p><strong><u>PARTICIPANTS :</u></strong></p><ul><li>Habitants des Tours Aillaud</li><li>Association Authenti-cité</li><li>Régie de quartier</li></ul>;2020-02-19 13:00:00;2020-02-19 16:00:00;0;0;;123 avenue pablo picasso 92000 Nanterre;Jardin de l'Arlequin;participez.nanterre.fr-MEET-2020-07-38;0;2;8;http://participez.nanterre.fr/processes/jardin-arlequin-2020/f/85/meetings/38;"";""
36;;;;;23;http://participez.nanterre.fr/processes/jardin-arlequin-2020?participatory_process_slug=jardin-arlequin-2020;85;Diagnostic en marchant avec les habitant·e·s;<p><strong>Rencontre animée par COLOCO (paysagiste missionné pour l'aménagement du jardin). </strong></p><ul><li>Diagnostic des usages quotidiens, échanges et ressentis avec les habitant·e·s </li><li>Relevé des envies et définition du travail des jeunes travailleurs sur le mois de décembre</li><li>définir les premières intentions d'usage du jardin</li></ul><p><br></p>;2019-11-23 09:00:00;2019-11-23 12:00:00;0;0;;123 avenue pablo picasso 92000 Nanterre ;Jardin de l'Arlequin, allée de l'arlequin 92000 Nanterre ;participez.nanterre.fr-MEET-2020-06-36;0;0;8;http://participez.nanterre.fr/processes/jardin-arlequin-2020/f/85/meetings/36;"";""
40;;;;;24;http://participez.nanterre.fr/processes/icu2020?participatory_process_slug=icu2020;100;Micro-Trottoir : à l'écoute de vos pratiques !;"<p><strong>Samedi 29  2020, le bureau d’étude spécialisé E6 Consulting viendra à la rencontre des habitantes et des habitants sous la forme d'un micro-trottoir à partir de 10h.&nbsp;</strong></p><p>Le parcours débutera au&nbsp;Marché de la gare, pour se poursuivre jusqu’au Stade Gabriel Péri et finir dans le parc André Malraux.&nbsp;&nbsp;</p><p><br></p><p><strong><u>L’objectif ? </u></strong></p><p>Découvrir vos pratiques pour vous rafraîchir lors d’épisodes de fortes chaleurs, les endroits que vous fréquentez ou évitez à cette occasion, ou encore&nbsp;si vous êtes plutôt brumisateur ou sieste à l’ombre des arbres.&nbsp;&nbsp;</p><p>Toutes vos réponses contribueront à construire les aménagements de demain et rendre la Ville toujours plus agréable !&nbsp;&nbsp;</p><p><br></p><p><strong><em>Il ne s'agit pas d'une rencontre à laquelle vous pouvez vous inscrire pour y participer. Le bureau d'étude réalisera de mini-entretiens avec les habitantes et les habitants rencontré·e·s sur le parcours prévisionnel.</em></strong></p>";2020-08-29 08:00:00;2020-08-29 15:00:00;0;0;;3-7 Avenue Henri Martin, 92000 Nanterre;Marché de la gare, Nanterre;participez.nanterre.fr-MEET-2020-08-40;0;1;9;http://participez.nanterre.fr/processes/icu2020/f/100/meetings/40;"";""
41;;;;;24;http://participez.nanterre.fr/processes/icu2020?participatory_process_slug=icu2020;100;Balade urbaine / Quartier Vieux Pont ;"<p><strong>Dans le cadre de l’étude sur les îlots de chaleur et de fraîcheur urbains menée par la Ville, venez prendre part aux « balades thermiques » animées par le bureau d’étude spécialisé E6 Consulting.&nbsp;</strong></p><p><br></p><p>Avez-vous déjà remarqué que lorsque vous passez d’un&nbsp;endroit&nbsp;frais à un endroit chaud, vous trouviez ce dernier encore plus chaud ?&nbsp;&nbsp;</p><p>Vendredi 18 septembre à&nbsp;16h30, venez découvrir à&nbsp;travers un parcours de 3km (durée&nbsp;d’environ une heure)&nbsp;dans le quartier du Vieux-Pont ouvert à tous et toutes. </p><p>Comment les propriétés physiques des matériaux, la morphologie urbaine, la présence de végétation ou d’eau mais aussi&nbsp;l’activité humaine,&nbsp;peuvent impacter&nbsp;votre ressenti thermique au quotidien. Faites nous part du votre à cette&nbsp;occasion, redécouvrez votre quartier sous l’angle de l’invisible et posez vos questions sur le phénomène et comment s’en prévenir !&nbsp;</p><p><strong>Inscription obligatoire et limitée à 20 personnes directement via la plateforme. </strong></p><p><strong>Conditions d'inscription : </strong></p><ul><li>Inscription uniquement via cette plateforme (cliquer sur le bouton à droite de la page ""Participer à la rencontre"")</li><li>Inscription obligatoire et limitée à 20 personnes par balade directement via la plateforme.</li><li>Port du masque obligatoire et respect de la distanciation sociale (1.5 m minimum) durant toute la balade.&nbsp;</li></ul><p><br></p><p><em>L'adresse exacte du point de rendez-vous vous sera communiquée 72h avant par mail (adresse mail à fournir lors de votre inscription). </em></p>";2020-09-18 14:00:00;2020-09-18 15:00:00;4;0;"Mission transition écologique de la Ville de Nanterre
Bureau d'étude E6 Nepsen";80 rue Thomas Lemaître, 92000 Nanterre;A proximité du carrefour avec la rue Boileau;participez.nanterre.fr-MEET-2020-08-41;0;1;9;http://participez.nanterre.fr/processes/icu2020/f/100/meetings/41;"";""
43;;;;;24;http://participez.nanterre.fr/processes/icu2020?participatory_process_slug=icu2020;100;Balade urbaine / Quartier République ;"<p><strong>Dans le cadre de l’étude sur les îlots de chaleur et de fraîcheur urbains menée par la Ville, venez prendre part aux « balades thermiques » animées par le bureau d’étude spécialisé E6 Consulting.&nbsp;</strong></p><p><em>Avez-vous déjà remarqué que lorsque vous passez d’un&nbsp;endroit&nbsp;frais à un endroit chaud, vous trouviez ce dernier encore plus chaud ?&nbsp;&nbsp;</em></p><p><strong>Samedi 19 septembre 2020 à 10h,</strong>&nbsp;venez découvrir à&nbsp;travers un parcours de 3km (durée&nbsp;d’environ une heure)&nbsp;dans le quartier République ouvert à tous et toutes.</p><p><em>Comment les propriétés physiques des matériaux, la morphologie urbaine, la présence de végétation ou d’eau mais aussi&nbsp;l’activité humaine,&nbsp;peuvent impacter&nbsp;votre ressenti thermique au quotidien. Faites nous part du votre à cette&nbsp;occasion, redécouvrez votre quartier sous l’angle de l’invisible et posez vos questions sur le phénomène et comment s’en prévenir !&nbsp;</em></p><p><strong>Inscription obligatoire et limitée à 20 personnes directement via la plateforme.</strong></p><p><strong>Conditions d'inscription : </strong></p><ul><li>Inscription uniquement via cette plateforme (cliquer sur le bouton à droite de la page ""Participer à la rencontre"")</li><li>Inscription obligatoire et limitée à 20 personnes par balade directement via la plateforme.</li><li>Port du masque obligatoire et respect de la distanciation sociale (1.5 m minimum) durant toute la balade.&nbsp;</li></ul><p><br></p><p><strong>L'adresse exacte du point de rendez-vous vous sera communiquée 72h avant par mail (adresse mail à fournir lors de votre inscription). </strong></p>";2020-09-19 08:00:00;2020-09-19 09:00:00;12;0;"Mission transition écologique de la Ville de Nanterre
Bureau d'étude E6 Nepsen";28 avenue de la République, 92000 Nanterre;Devant l'Alimentation Générale;participez.nanterre.fr-MEET-2020-08-43;0;1;9;http://participez.nanterre.fr/processes/icu2020/f/100/meetings/43;"";""
42;;;;;24;http://participez.nanterre.fr/processes/icu2020?participatory_process_slug=icu2020;100;Balade urbaine / Quartier Chemin de l'Île;"<p><strong>Dans le cadre de l’étude sur les îlots de chaleur et de fraîcheur urbains menée par la Ville, venez prendre part aux « balades thermiques » animées par le bureau d’étude spécialisé E6 Consulting.&nbsp;</strong></p><p><br></p><p>Avez-vous déjà remarqué que lorsque vous passez d’un&nbsp;endroit&nbsp;frais à un endroit chaud, vous trouviez ce dernier encore plus chaud ?&nbsp;&nbsp;</p><p><strong>Vendredi 18 septembre à&nbsp;17h30,</strong> venez découvrir à&nbsp;travers un parcours de 3km (durée&nbsp;d’environ une heure)&nbsp;dans le quartier du Chemin de l'Île ouvert à tous et toutes.</p><p>Comment les propriétés physiques des matériaux, la morphologie urbaine, la présence de végétation ou d’eau mais aussi&nbsp;l’activité humaine,&nbsp;peuvent impacter&nbsp;votre ressenti thermique au quotidien. Faites nous part du votre à cette&nbsp;occasion, redécouvrez votre quartier sous l’angle de l’invisible et posez vos questions sur le phénomène et comment s’en prévenir !&nbsp;</p><p><strong>Inscription obligatoire et limitée à 20 personnes directement via la plateforme.</strong></p><p><br></p><p><strong><u>Conditions d'inscription : </u></strong></p><ul><li>Inscription uniquement via cette plateforme (cliquer sur le bouton à droite de la page ""Participer à la rencontre"")</li><li>Inscription obligatoire et limitée à 20 personnes par balade directement via la plateforme.</li><li>Port du masque obligatoire et respect de la distanciation sociale (1.5 m minimum) durant toute la balade.&nbsp;</li></ul><p><br></p><p>L'adresse exacte du point de rendez-vous vous sera communiquée 72h avant par mail (adresse mail à fournir lors de votre inscription). </p>";2020-09-18 15:30:00;2020-09-18 16:30:00;8;0;"Mission transition écologique de la Ville de Nanterre
Bureau d'étude E6 Nepsen";28 avenue de la république, 92000 Nanterre;Devant l'Alimentation Générale;participez.nanterre.fr-MEET-2020-08-42;0;1;11;http://participez.nanterre.fr/processes/icu2020/f/100/meetings/42;"";""
46;;;;;24;http://participez.nanterre.fr/processes/icu2020?participatory_process_slug=icu2020;100;Balade urbaine / Quartier du Parc Nord;"<p><strong>Dans le cadre de l’étude sur les îlots de chaleur et de fraîcheur urbains menée par la Ville, venez prendre part aux « balades thermiques » animées par le bureau d’étude spécialisé E6 Consulting.&nbsp;</strong></p><p><em>Avez-vous déjà remarqué que lorsque vous passez d’un&nbsp;endroit&nbsp;frais à un endroit chaud, vous trouviez ce dernier encore plus chaud ?&nbsp;&nbsp;</em></p><p>Samedi 19 septembre à 14h30, venez découvrir à&nbsp;travers un parcours de 3km (durée&nbsp;d’environ une heure)&nbsp;dans le quartier du Parc Nord ouvert à tous et toutes.</p><p>Comment les propriétés physiques des matériaux, la morphologie urbaine, la présence de végétation ou d’eau mais aussi&nbsp;l’activité humaine,&nbsp;peuvent impacter&nbsp;votre ressenti thermique au quotidien. Faites nous part du votre à cette&nbsp;occasion, redécouvrez votre quartier sous l’angle de l’invisible et posez vos questions sur le phénomène et comment s’en prévenir !&nbsp;</p><p>Inscription obligatoire et limitée à 20 personnes directement via la plateforme.</p><p><strong>Conditions d'inscription :</strong></p><ul><li>Inscription uniquement via cette plateforme (cliquer sur le bouton à droite de la page ""Participer à la rencontre"")</li><li>Inscription obligatoire et limitée à 20 personnes par balade directement via la plateforme.</li><li>Port du masque obligatoire et respect de la distanciation sociale (1.5 m minimum) durant toute la balade.&nbsp;</li></ul><p><br></p><p><strong>L'adresse exacte du point de rendez-vous vous sera communiquée 72h avant par mail (adresse mail à fournir lors de votre inscription).</strong></p>";2020-09-19 12:30:00;2020-09-19 13:30:00;4;0;"Mission transition écologique de la Ville de Nanterre
Bureau d'étude E6 Nepsen";1-15 esplanade Charles de Gaulle, 92000 Nanterre;Sortie RER;participez.nanterre.fr-MEET-2020-08-46;0;1;10;http://participez.nanterre.fr/processes/icu2020/f/100/meetings/46;"";""
45;;;;;24;http://participez.nanterre.fr/processes/icu2020?participatory_process_slug=icu2020;100;Balade urbaine / Quartier du Parc Sud;"<p><strong>Dans le cadre de l’étude sur les îlots de chaleur et de fraîcheur urbains menée par la Ville, venez prendre part aux « balades thermiques » animées par le bureau d’étude spécialisé E6 Consulting.&nbsp;</strong></p><p><em>Avez-vous déjà remarqué que lorsque vous passez d’un&nbsp;endroit&nbsp;frais à un endroit chaud, vous trouviez ce dernier encore plus chaud ?&nbsp;&nbsp;</em></p><p><strong>Samedi 19 septembre à 13h,</strong> venez découvrir à&nbsp;travers un parcours de 3km (durée&nbsp;d’environ une heure)&nbsp;dans le quartier du Parc Sud ouvert à tous et toutes.</p><p>Comment les propriétés physiques des matériaux, la morphologie urbaine, la présence de végétation ou d’eau mais aussi&nbsp;l’activité humaine,&nbsp;peuvent impacter&nbsp;votre ressenti thermique au quotidien. Faites nous part du votre à cette&nbsp;occasion, redécouvrez votre quartier sous l’angle de l’invisible et posez vos questions sur le phénomène et comment s’en prévenir !&nbsp;</p><p><strong>Inscription obligatoire et limitée à 20 personnes directement via la plateforme.</strong></p><p><strong>Conditions d'inscription :</strong></p><ul><li>Inscription uniquement via cette plateforme (cliquer sur le bouton à droite de la page ""Participer à la rencontre"".</li><li>Inscription obligatoire et limitée à 20 personnes par balade directement via la plateforme.</li><li>Port du masque obligatoire et respect de la distanciation sociale (1.5 m minimum) durant toute la balade.&nbsp;</li></ul><p><br></p><p><strong>L'adresse exacte du point de rendez-vous vous sera communiquée 72h avant par mail (adresse mail à fournir lors de votre inscription).</strong></p>";2020-09-19 11:00:00;2020-09-19 12:00:00;8;0;"Mission transition écologique - Ville de Nanterre
Bureau d'études E6 NEPSEN";118 avenue Pablo Picasso, 92000 Nanterre;Mairie de quartier;participez.nanterre.fr-MEET-2020-08-45;0;1;10;http://participez.nanterre.fr/processes/icu2020/f/100/meetings/45;"";""
44;;;;;24;http://participez.nanterre.fr/processes/icu2020?participatory_process_slug=icu2020;100;Balade urbaine / Quartier de La Boule;"<p><strong>Dans le cadre de l’étude sur les îlots de chaleur et de fraîcheur urbains menée par la Ville, venez prendre part aux « balades thermiques » animées par le bureau d’étude spécialisé E6 Consulting.&nbsp;</strong></p><p><em>Avez-vous déjà remarqué que lorsque vous passez d’un&nbsp;endroit&nbsp;frais à un endroit chaud, vous trouviez ce dernier encore plus chaud ?&nbsp;&nbsp;</em></p><p><strong>Samedi 19 septembre 2020 à 11h30,</strong>&nbsp;venez découvrir à&nbsp;travers un parcours de 3km (durée&nbsp;d’environ une heure)&nbsp;dans le quartier de La Boule ouvert à tous et toutes.</p><p><em>Comment les propriétés physiques des matériaux, la morphologie urbaine, la présence de végétation ou d’eau mais aussi&nbsp;l’activité humaine,&nbsp;peuvent impacter&nbsp;votre ressenti thermique au quotidien. Faites nous part du votre à cette&nbsp;occasion, redécouvrez votre quartier sous l’angle de l’invisible et posez vos questions sur le phénomène et comment s’en prévenir !&nbsp;</em></p><p><strong>Conditions d'inscription : </strong></p><ul><li>Inscription uniquement via cette plateforme (cliquer sur le bouton à droite de la page ""Participer à la rencontre"")</li><li>Inscription obligatoire et limitée à 20 personnes par balade directement via la plateforme.</li><li>Port du masque obligatoire et respect de la distanciation sociale (1.5 m minimum) durant toute la balade.&nbsp;</li></ul><p><br></p><p><strong>L'adresse exacte du point de rendez-vous vous sera communiquée 72h avant par mail (adresse mail à fournir lors de votre inscription). </strong></p>";2020-09-19 09:30:00;2020-09-19 10:30:00;12;0;"Mission transition écologique de la Ville de Nanterre
Bureau d'études E6 NEPSEN";136 Avenue Frederic et Irene Joliot Curie, 92000 Nanterre;Devant le palais des sports;participez.nanterre.fr-MEET-2020-08-44;0;1;12;http://participez.nanterre.fr/processes/icu2020/f/100/meetings/44;"";""
