id;category/id;category/name/ca;category/name/es;category/name/en;scope/id;scope/name/ca;scope/name/es;scope/name/en;participatory_space/id;participatory_space/url;component/id;title/ca;body/ca;state;reference;answer/ca;answer/es;answer/en;supports;endorsements/total_count;endorsements/user_endorsements;comments;attachments;followers;published_at;url;meeting_urls;related_proposals;is_amend;original_proposal/title;original_proposal/url;title/es;body/es
1536;;"";"";"";;"";"";"";126;http://decidim-montmelo.diba.cat/processes/pressupostosparticipatius?participatory_process_slug=pressupostosparticipatius;477;Un Skatepark a Montmeló;Portem molts anys que els joves demanen un skatepark I sempre s'els ha denegat la proposta.;rejected;montmelo-PROP-2019-05-1536;<p>Aquesta proposta es correspon amb una de les propostes que ha fet la ciutadania. Hi pot donar suport del 8 de juny al 8 de juliol perquè quedi entre les propostes finalistes.</p><p>Gràcies per la teva participació</p>;<p>Su propuesta se corresponde con una de las propuestas hechas por la ciudadania. Puede darle soporte del 8 de Junio al 8 de Julio para que quede entre las propuestas finalistas.</p><p>Gracias por su participación</p>;"";0;1;Sonia;0;0;19;2019-05-22 22:53:42 UTC;http://decidim-montmelo.diba.cat/processes/pressupostosparticipatius/f/477/proposals/1536;"";"";false;;;;
1424;;"";"";"";;"";"";"";126;http://decidim-montmelo.diba.cat/processes/pressupostosparticipatius?participatory_process_slug=pressupostosparticipatius;477;Accesibilitat a l'avinguda del mil·lenari;"S'ha de millorar l'estat de les voreres i suprimir les barreres arquitectòniques.

-Reparació del paviment de les voreres aixecades per les arrels de l'arbrat.
-Col·locació de mobiliari urbà per fer més amable l'entorn.
-Suprimir les barreres arquitectòniques en la confluència Mercè Rodoreda amb Avinguda del Mil·lenari.";accepted;montmelo-PROP-2019-04-1424;"";"";"";2;1;Basber;0;0;18;2019-04-15 10:04:27 UTC;http://decidim-montmelo.diba.cat/processes/pressupostosparticipatius/f/477/proposals/1424;"";"";false;;;;
1361;;"";"";"";;"";"";"";126;http://decidim-montmelo.diba.cat/processes/pressupostosparticipatius?participatory_process_slug=pressupostosparticipatius;477;Senyalització de camins;"Millora de l'estat dels camins municipals, creació de barreres de seguretat, creació de noves connexions, cartells informatius i senyalitzacions.

-Arranjament i senyalització dels camins, l'anella verda i el seu enllaç amb les vies peatonals i ciclistes dels municipis veïns.";accepted;montmelo-PROP-2019-04-1361;"";"";"";2;0;"";0;0;18;2019-04-11 10:13:43 UTC;http://decidim-montmelo.diba.cat/processes/pressupostosparticipatius/f/477/proposals/1361;"";"";false;;;;
1396;;"";"";"";;"";"";"";126;http://decidim-montmelo.diba.cat/processes/pressupostosparticipatius?participatory_process_slug=pressupostosparticipatius;477;Pisos per allotjament d'urgència i inclusió social;"Presetar el servei d'acolliment residencial destinat a cobrir les necessitats de les persones i les unitats de convivència residents al municipi en situació d'exclusió social i/o residencial per motius econòmics o d'urgència social i per aquelles situacions especials i d'emergència derivades de la pèrdua o del risc de pèrdua d'habitatge, o altres situacions similars com ara l'habitatge precari, el sobreocupat o l'infrahabitatge.

-Remodelació de dos espais per acondicionar-los com habitatge per atendre casos d'exclusió social i/o residencial.";accepted;montmelo-PROP-2019-04-1396;"";"";"";12;0;"";0;0;20;2019-04-12 10:01:09 UTC;http://decidim-montmelo.diba.cat/processes/pressupostosparticipatius/f/477/proposals/1396;"";"";false;;;;
1418;;"";"";"";;"";"";"";126;http://decidim-montmelo.diba.cat/processes/pressupostosparticipatius?participatory_process_slug=pressupostosparticipatius;477;Pancarta amb el nom de Montmeló i direcció circuit;Durant les carreres de F1 i GP de motos posar pancarta grossa perquè la gent que vingui a través del tren es desviï cap el carrer Major i no passi per la llosa;withdrawn;montmelo-PROP-2019-04-1418;"";"";"";0;0;"";1;0;18;2019-04-14 17:23:23 UTC;http://decidim-montmelo.diba.cat/processes/pressupostosparticipatius/f/477/proposals/1418;"";"";false;;;;
1421;;"";"";"";;"";"";"";126;http://decidim-montmelo.diba.cat/processes/pressupostosparticipatius?participatory_process_slug=pressupostosparticipatius;477;Calefacció als vestuaris de la piscina municipal;"Els vestuaris de la piscina municipal es van adequar per a ser utilitzats tot l'any tant pel futbol i el pàdel. Actualment no disposa de calefacció.

-Instal·lar calefacció.";accepted;montmelo-PROP-2019-04-1421;"";"";"";3;0;"";0;0;18;2019-04-15 09:50:42 UTC;http://decidim-montmelo.diba.cat/processes/pressupostosparticipatius/f/477/proposals/1421;"";"";false;;;;
1422;;"";"";"";;"";"";"";126;http://decidim-montmelo.diba.cat/processes/pressupostosparticipatius?participatory_process_slug=pressupostosparticipatius;477;Adequació tèrmica i acústica de la pista coberta del Pau Casals;"Millora de les condicions d'ús de l'equipamet per a facilitar la utilització diversa de les entitats esportives i el centre escolar.

-Realitzar un estudi acústic de l'equipament.
-Instal·lació de cortines separadores fono-absorbents.
-Realitzar un estudi tèrmic.
-Implementar una solució.";accepted;montmelo-PROP-2019-04-1422;"";"";"";19;0;"";0;0;18;2019-04-15 09:54:39 UTC;http://decidim-montmelo.diba.cat/processes/pressupostosparticipatius/f/477/proposals/1422;"";"";false;;;;
1423;;"";"";"";;"";"";"";126;http://decidim-montmelo.diba.cat/processes/pressupostosparticipatius?participatory_process_slug=pressupostosparticipatius;477;Instal·lació d'una nova megafonia al camp de futbol municipal;"Les activitats esportives (presentacions dels equips, prèvies dels partits,...) que es realitzen al camp de futbol municipal necessiten d'equip de so. Altres activitats de caràcter cultural que s'hi puguin fer, requereixen de megafonia.

-Adquisició d'equip de so adequat a l'espai per a qualsevol suport digital. Micròfons amb i sense cables.";accepted;montmelo-PROP-2019-04-1423;<p>La teva proposta compleix amb els requisits.</p><p>Gràcies per la teva participació.</p>;<p>Su propuesta cumple con los requisitos</p><p>Gracias por su participación.</p>;"";1;0;"";0;0;18;2019-04-15 10:01:33 UTC;http://decidim-montmelo.diba.cat/processes/pressupostosparticipatius/f/477/proposals/1423;"";"";false;;;;
1425;;"";"";"";;"";"";"";126;http://decidim-montmelo.diba.cat/processes/pressupostosparticipatius?participatory_process_slug=pressupostosparticipatius;477;Adequació de la rotonda cruïlla de l'Avinguda del Mil·lenari amb Carrer del Timbaler del Bruc;"S'ha d'adequar l'espai per fer-lo més segur.

-Reforma de l'actual rotonda, adequar-la a l'espai, centrar-la en relació al carrer del Timbaler del Bruc, fer-la amb poc peralt (rigola que surti del mateix paviment actual i situar en el centre un espai enjardinat amb bordó de granit amb llums de leds incrustades).";accepted;montmelo-PROP-2019-04-1425;"";"";"";6;0;"";1;0;19;2019-04-15 10:07:48 UTC;http://decidim-montmelo.diba.cat/processes/pressupostosparticipatius/f/477/proposals/1425;"";"";false;;;;
1426;;"";"";"";;"";"";"";126;http://decidim-montmelo.diba.cat/processes/pressupostosparticipatius?participatory_process_slug=pressupostosparticipatius;477;Tanca de protecció a la rotonda del Vial de Ronda;"S'ha de millorar la seguretat.

-Execució de tanca tubular de protecció a les voreres de la rotonda.";accepted;montmelo-PROP-2019-04-1426;"";"";"";0;1;Judith;0;0;18;2019-04-15 10:08:49 UTC;http://decidim-montmelo.diba.cat/processes/pressupostosparticipatius/f/477/proposals/1426;"";"";false;;;;
1427;;"";"";"";;"";"";"";126;http://decidim-montmelo.diba.cat/processes/pressupostosparticipatius?participatory_process_slug=pressupostosparticipatius;477;Creació d'una nova zona per a la pràctica del skateboard;"Donar resposta a les propostes sorgides del Pla Local de Joventut 2015-2018.

-Executar obres per a la creació d'un skatepark a la zona situada entre la Ronda del Pedregar i l'AP-7.
-Trasllat de les rampes existents a la Plaça de la Constitució al nou espai.
-Adquirir nous elements segons projecte PM Arquitectes.";accepted;montmelo-PROP-2019-04-1427;"";"";"";21;2;vicente , Judith;4;0;22;2019-04-15 10:18:49 UTC;http://decidim-montmelo.diba.cat/processes/pressupostosparticipatius/f/477/proposals/1427;"";"";false;;;;
1428;;"";"";"";;"";"";"";126;http://decidim-montmelo.diba.cat/processes/pressupostosparticipatius?participatory_process_slug=pressupostosparticipatius;477;Supressió de les barreres arquitectòniques al cementiri vell;"S'ha de garantir l'accessibilitat a tots els nivells i serveis del cementiri i acondicionar les zones enjardinades del recinte.

-Execució de rampes per a superar els diferents nivells.
-Realització de nou paviment des de l'entrada lateral per a possibilitar l'accés als nivells superiors.
-Realització d'una rampa d'accés al 1r nivell des de l'aparcament.";accepted;montmelo-PROP-2019-04-1428;"";"";"";2;0;"";0;0;19;2019-04-15 10:28:15 UTC;http://decidim-montmelo.diba.cat/processes/pressupostosparticipatius/f/477/proposals/1428;"";"";false;;;;
1429;;"";"";"";;"";"";"";126;http://decidim-montmelo.diba.cat/processes/pressupostosparticipatius?participatory_process_slug=pressupostosparticipatius;477;Arranjament de Les Tres Creus;"Creació d'un aparcament específic per a l'us turístic del jaciment de Monts Observans, creació d'un mirador amb plànol o maqueta informativa del turó de Les Tres Creus, millora del monuments de Les Tres Creus, adaptació i millora dels turons, senyalització dels punts d'interés i itinerari.

-Arranjament del monument de Les Tres Creus, del mirador i d'alguns camins d'accés,  si s'escau.";accepted;montmelo-PROP-2019-04-1429;"";"";"";1;4;Pili, Cristian, Maria, Judith;1;0;18;2019-04-15 10:30:35 UTC;http://decidim-montmelo.diba.cat/processes/pressupostosparticipatius/f/477/proposals/1429;"";"";false;;;;
1430;;"";"";"";;"";"";"";126;http://decidim-montmelo.diba.cat/processes/pressupostosparticipatius?participatory_process_slug=pressupostosparticipatius;477;Senyalització informativa pública i privada;"Millorar la senyalització informativa d'espais públics i privats d'interés col·lectiu arrel de la nova mobilitat del municipi (centre de salut, ajuntament, equipaments esportius, biblioteca popular, espais culturals, centres escolars, aparcaments públics, farmàcies, notaria, hotels,...).

-Col·locació de nova retolació informativa.";accepted;montmelo-PROP-2019-04-1430;"";"";"";0;1;Unió de Botiguers i Comerciants de Montmeló;0;0;18;2019-04-15 10:33:33 UTC;http://decidim-montmelo.diba.cat/processes/pressupostosparticipatius/f/477/proposals/1430;"";"";false;;;;
1434;;"";"";"";;"";"";"";126;http://decidim-montmelo.diba.cat/processes/pressupostosparticipatius?participatory_process_slug=pressupostosparticipatius;477;Residencia 3 edad en torreta;Lo que sea necesario, desconozco su coste pero si se quiere se puede hacer. ;rejected;montmelo-PROP-2019-04-1434;<p>La teva proposta no és viable econòmicament d'acord amb el pressupost d'inversions assignats i la limitació econòmica per proposta (màxim 150.000€) i el cost del projecte genera despeses en futurs pressupostos.</p><p>Gràcies per la teva participació.</p>;<p>Su propuesta no es viable económicamente de acuerdo con el presupuesto de inversiones asignados y la limitación económica por propuesta (máximo 150.000€) y el coste del proyecto genera gastos en los futuros presupuestos.</p><p>Gracias por su participación.</p>;"";0;0;"";4;0;22;2019-04-24 11:59:18 UTC;http://decidim-montmelo.diba.cat/processes/pressupostosparticipatius/f/477/proposals/1434;"";"";false;;;;
1435;;"";"";"";;"";"";"";126;http://decidim-montmelo.diba.cat/processes/pressupostosparticipatius?participatory_process_slug=pressupostosparticipatius;477;Millora del Parc de la  Plaça Gran de Montmeló;"Proposta d'inversió:
Millora del parc de la Plaça Gran
 
Justificació de la proposta:

 Els parcs de Montmeló són uns dels llocs on més famílies passen estones d'esbarjo amb els infants, tot i que ja s'estan millorant molts parcs, també seria interessant pensar amb la millora del la Plaça Gran, tant amb jocs, com a zones verdes per gaudir de les tardes i  de l'espai.

Descripció de la proposta (explicació detallada de la proposta):

•	Jocs pintats al terra on el nens i les nenes puguin jugar a moure's
•	Espai d'esbarjo on els nens i nenes afavoreixin la creativitat e 
        imaginació
•	Millorar les zones verdes
•	Gronxadors per diferents edats

Destinataris de la proposta:
 
Població infantil  de Montmeló
";accepted;montmelo-PROP-2019-04-1435;<p>La teva proposta compleix amb els requisits.</p><p>Gràcies per la teva participació.</p>;<p>Su propuesta cumple con los requisitos</p><p>Gracias por su participación.</p>;"";11;0;"";0;1;18;2019-04-24 17:55:04 UTC;http://decidim-montmelo.diba.cat/processes/pressupostosparticipatius/f/477/proposals/1435;"";"";false;;;;
1436;;"";"";"";;"";"";"";126;http://decidim-montmelo.diba.cat/processes/pressupostosparticipatius?participatory_process_slug=pressupostosparticipatius;477;Plafons informatius municipals;"*Realitzar un estudi de l'estat, ubicació i ús dels plafons que hi ha actualment.
*Proposar estudi i cost d'instal·lació de plafons municipals electrònics on les entitats puguin fer les seves propostes d'activitats, convocatòries...
*Proposar els 4/5 llocs estratègics d'ubicació.
*Elaborar un reglament amb les normes d'ús.
";accepted;montmelo-PROP-2019-04-1436;<p>La teva proposta compleix amb els requisits.</p><p>Gràcies per la teva participació.</p>;<p>Su propuesta cumple con los requisitos</p><p>Gracias por su participación.</p>;"";4;0;"";0;1;19;2019-04-25 16:43:34 UTC;http://decidim-montmelo.diba.cat/processes/pressupostosparticipatius/f/477/proposals/1436;"";"";false;;;;
1440;;"";"";"";;"";"";"";126;http://decidim-montmelo.diba.cat/processes/pressupostosparticipatius?participatory_process_slug=pressupostosparticipatius;477;Adequació de la Sala d'activitats dirigides del pavelló;"Temàtica:  esport I salud
Població: joves I adults
És necessari adequar la sala d'activitats dirigides:  espai,  material,  ventilació, etc. Som cada cop més els inscrits I la sala s'ens ha quedat antiga i petita. ";accepted;montmelo-PROP-2019-04-1440;<p>La teva proposta compleix amb els requisits.</p><p>Gràcies per la teva participació.</p>;<p>Su propuesta cumple con los requisitos</p><p>Gracias por su participación.</p>;"";21;7;Núria, Lorena , Irene, Soraya, Nuria , Elisabet, Judith;4;0;26;2019-04-30 19:10:09 UTC;http://decidim-montmelo.diba.cat/processes/pressupostosparticipatius/f/477/proposals/1440;"";"";false;;;;
1448;;"";"";"";;"";"";"";126;http://decidim-montmelo.diba.cat/processes/pressupostosparticipatius?participatory_process_slug=pressupostosparticipatius;477;"Col.locació de ""badenes"" al carrer de la verneda del congost";"S`hauria de col.locar ""badenes"" al costat de cada pas de vianants per reduir la velocitat dels vehicles que circulan i d'aquesta manera evitar incidents i accidents al carrer de la verneda del congost i vial de ronda, ja que a vegades la velocitat dels vehicles es elevada i amb un control de velocitat no es suficient. D'aquesta manera evitarien accidents.";accepted;montmelo-PROP-2019-05-1448;<p>La teva proposta compleix amb els requisits.</p><p>Gràcies per la teva participació.</p>;<p>Su propuesta cumple con los requisitos</p><p>Gracias por su participación.</p>;"";5;1;Roser;0;0;18;2019-05-03 11:16:57 UTC;http://decidim-montmelo.diba.cat/processes/pressupostosparticipatius/f/477/proposals/1448;"";"";false;;;;
1449;;"";"";"";;"";"";"";126;http://decidim-montmelo.diba.cat/processes/pressupostosparticipatius?participatory_process_slug=pressupostosparticipatius;477;Asfaltar la plaça Frederica Montseny per zona d'aparcaments;"A la zona del pavelló aparquen molts cotxes, ja que a la zona hi ha molts blocs de pisos, a més de les activitats que es realitzen al pavelló.
Aquesta zona sempre està plena de cotxes, i la plaça que seria molt útil per més aparcaments, no es troba en molt bones condicions. 
Asfaltar la zona i pintar les places d’aparcament per un bon ordre d’entrada i sortida de cotxes i places senyalitzades per aparcar de forma correcte, ajudaria a aquesta zona.
";accepted;montmelo-PROP-2019-05-1449;<p>La teva proposta compleix amb els requisits.</p><p>Gràcies per la teva participació.</p>;<p>Su propuesta cumple con los requisitos</p><p>Gracias por su participación.</p>;"";3;0;"";0;0;19;2019-05-06 12:10:25 UTC;http://decidim-montmelo.diba.cat/processes/pressupostosparticipatius/f/477/proposals/1449;"";"";false;;;;
1453;;"";"";"";;"";"";"";126;http://decidim-montmelo.diba.cat/processes/pressupostosparticipatius?participatory_process_slug=pressupostosparticipatius;477;Polideportivo Pau Casals;Aislar térmica y sonoramente el techo de este polideportivo.que los que les dan uso saben de la problemática que genera lo mal que se hizo en un principio.;rejected;montmelo-PROP-2019-05-1453;"<p>La seva proposta ja ha estat proposada per un altre usuari.</p><p><span style=""font-size: inherit; color: inherit;"">Gràcies per la teva participació.</span></p>";<p>Su propuesta ya ha estado propuesta por otro usuario. </p><p>Gracias por su participación.</p><p><br></p>;"";2;0;"";0;0;19;2019-05-07 14:24:15 UTC;http://decidim-montmelo.diba.cat/processes/pressupostosparticipatius/f/477/proposals/1453;"";"";false;;;;
1454;;"";"";"";;"";"";"";126;http://decidim-montmelo.diba.cat/processes/pressupostosparticipatius?participatory_process_slug=pressupostosparticipatius;477;Parque de calistenia y street workout (ejercicio en la calle);"Cada vez hay más gente que le gusta practicar deporte al aire libre.
Los recintos de calistenia o street workout constituyen gimnasios al aire libre donde el deportista entrena realizando múltiples ejercicios o estiramientos empleando el peso de su propio cuerpo.

El parque consistiría en diversos sistemas de barras y estructuras dispuestas para la realización de diversos ejercicios.

Estos recintos transmiten un estilo de vida saludable y son aptos tanto para hombres como mujeres da partir de los 14 años.";accepted;montmelo-PROP-2019-05-1454;<p>La teva proposta compleix amb els requisits.</p><p>Gràcies per la teva participació.</p>;<p>Su propuesta cumple con los requisitos</p><p>Gracias por su participación.</p>;"";17;0;"";2;1;19;2019-05-08 09:44:08 UTC;http://decidim-montmelo.diba.cat/processes/pressupostosparticipatius/f/477/proposals/1454;"";"";false;;;;
1455;;"";"";"";;"";"";"";126;http://decidim-montmelo.diba.cat/processes/pressupostosparticipatius?participatory_process_slug=pressupostosparticipatius;477;Cubierta de pista  polideportiva colegio Sant Jordi;"La cubierta de la pista polideportiva del colegio Sant Jordi supone una mejora tanto para los alumnos del colegió, que podrán realizar las sesiones de educación física, sin temer por las inclemencias metereológicas. 
Como para el resto de la ciudadania, ya que al ser un espacio público abierto a todos los ciudadanos, todos dispondremos de una espacio  donde poder practicar deporte esos días que las condiciones meteorológicas NO lo permiten. 
Actualmente no se dispone  en pueblo de una instalación de estas características, ya que tanto el pabellón, como la pista de Pau Casals son completamente cerradas y no están abiertas al público en general.

Es un proyecto de gran envergadura, pero que beneficia a todo el pueblo y que bien realizado puede ser viable tanto técnica como económicamente.";rejected;montmelo-PROP-2019-05-1455;"<p>La seva proposta ha estat valorada pels serveis municipals i s'ha estimat un cost més elevat del previst pels pressupostos participatius d'enguany.&nbsp;Tenint en compte els&nbsp;suports que ha obtingut, es tindrà en compte el projecte per a properes inversions.</p><p>Gràcies per la seva participació. </p>";<p>Su propuesta cumple con los requisitos</p><p>Gracias por su participación.</p>;"";33;0;"";0;1;21;2019-05-08 10:09:21 UTC;http://decidim-montmelo.diba.cat/processes/pressupostosparticipatius/f/477/proposals/1455;"";"";false;;;;
1456;;"";"";"";;"";"";"";126;http://decidim-montmelo.diba.cat/processes/pressupostosparticipatius?participatory_process_slug=pressupostosparticipatius;477;Portes automàtiques a la Biblioteca Municipal;Actualment la Biblioteca Municipal no disposa de portes automàtiques d'entrada i per consegüent és complicat accedir-hi ja sigui o bé amb cotxets de infant, cadires de rodes, crosses, etc.;accepted;montmelo-PROP-2019-05-1456;<p>La teva proposta compleix amb els requisits.</p><p>Gràcies per la teva participació.</p>;<p>Su propuesta cumple con los requisitos</p><p>Gracias por su participación.</p>;"";9;0;"";0;0;19;2019-05-09 07:50:04 UTC;http://decidim-montmelo.diba.cat/processes/pressupostosparticipatius/f/477/proposals/1456;"";"";false;;;;
1458;;"";"";"";;"";"";"";126;http://decidim-montmelo.diba.cat/processes/pressupostosparticipatius?participatory_process_slug=pressupostosparticipatius;477;Reforma del bosc de l'aplec;"Actualment el bosc de l'aplec (situat entre C/ Ramón y Cajal, C/ Cervantes i Ronda del Turó de la Bandera) està molt descuidat i ofereix en general un aspecte molt trist i poc acollidor. Això ho demostra sobretot el fet que pràcticament només rep les visites  dels ciutadans amb gossos que els passegen en aquesta zona.
Per tant, la meva proposta seria que s'arreglés de forma que es convertís en un parc acollidor per exemple  amb la zona verda ben arreglada, zona de pícnic, parc infantil, zona de calistenia i pipí can perquè els ciutadans amb gossos puguin seguir visitant-lo.";accepted;montmelo-PROP-2019-05-1458;<p>La teva proposta compleix amb els requisits.</p><p>Gràcies per la teva participació.</p>;<p>Su propuesta cumple con los requisitos</p><p>Gracias por su participación.</p>;"";12;1;Yolanda Bou Fernández ;0;0;19;2019-05-09 08:39:09 UTC;http://decidim-montmelo.diba.cat/processes/pressupostosparticipatius/f/477/proposals/1458;"";"";false;;;;
1460;;"";"";"";;"";"";"";126;http://decidim-montmelo.diba.cat/processes/pressupostosparticipatius?participatory_process_slug=pressupostosparticipatius;477;Vigilància ,al llocs problematic del.pople !;"Posar camaras per gravar  ,amb els llocs problematics del pople .
Sempre es bo ,pel ciutadà  ,sentirse segu ,";accepted;montmelo-PROP-2019-05-1460;<p>La teva proposta compleix amb els requisits.</p><p>Gràcies per la teva participació.</p>;<p>Su propuesta cumple con los requisitos</p><p>Gracias por su participación.</p>;"";30;2;MARIA PILAR , Judith;0;0;19;2019-05-09 12:07:12 UTC;http://decidim-montmelo.diba.cat/processes/pressupostosparticipatius/f/477/proposals/1460;"";"";false;;;;
1461;;"";"";"";;"";"";"";126;http://decidim-montmelo.diba.cat/processes/pressupostosparticipatius?participatory_process_slug=pressupostosparticipatius;477;Creació i zona esportiva a la esplanada del Passeig Miquel Biada;Caldria millorar el descampat del costat de l’antiga estació. D’una banda, les graderies s’haurien de perfeccionar, ja que tenen una gran alçada y manquen de mesures de seguretat. D’altra banda, es podria asfaltar la sorra i convertir-la en una zona esportiva en mig del poble per els joves del municipi. Per exemple, incorporant porteries o cistelles de bàsquet. ;accepted;montmelo-PROP-2019-05-1461;<p>La teva proposta compleix amb els requisits.</p><p>Gràcies per la teva participació.</p>;<p>Su propuesta cumple con los requisitos</p><p>Gracias por su participación.</p>;"";4;0;"";0;0;19;2019-05-09 14:22:30 UTC;http://decidim-montmelo.diba.cat/processes/pressupostosparticipatius/f/477/proposals/1461;"";"";false;;;;
1462;;"";"";"";;"";"";"";126;http://decidim-montmelo.diba.cat/processes/pressupostosparticipatius?participatory_process_slug=pressupostosparticipatius;477;Instalación de refugios para murciélagos;"Combatir la plaga de mosquito tigre derivada de la cervania del rio y enfermedades que transmiten.

-Colocar casetas-refugio en postes o arboles en el límite del rio o cercanias para promover la existencia de murcielagos que se alimenten del mosquito tigre y evitar su plaga.";accepted;montmelo-PROP-2019-05-1462;<p>La teva proposta compleix amb els requisits.</p><p>Gràcies per la teva participació.</p>;<p>Su propuesta cumple con los requisitos</p><p>Gracias por su participación.</p>;"";12;0;"";0;0;19;2019-05-10 09:36:03 UTC;http://decidim-montmelo.diba.cat/processes/pressupostosparticipatius/f/477/proposals/1462;"";"";false;;;;
1463;;"";"";"";;"";"";"";126;http://decidim-montmelo.diba.cat/processes/pressupostosparticipatius?participatory_process_slug=pressupostosparticipatius;477;Techado del patio del Casal de la gent gran;"Es necesario acondicionar el espacio del patio para el disfrute del usuario.
-Opino que poner un toldo corredero o similar, haria que fuese más aprovechado el patio, tanto en verano como en invierno.";accepted;montmelo-PROP-2019-05-1463;<p>La teva proposta compleix amb els requisits.</p><p>Gràcies per la teva participació.</p>;<p>Su propuesta cumple con los requisitos</p><p>Gracias por su participación.</p>;"";18;1;Basber;0;0;19;2019-05-14 07:59:20 UTC;http://decidim-montmelo.diba.cat/processes/pressupostosparticipatius/f/477/proposals/1463;"";"";false;;;;
1464;;"";"";"";;"";"";"";126;http://decidim-montmelo.diba.cat/processes/pressupostosparticipatius?participatory_process_slug=pressupostosparticipatius;477;Amplicación Can Dotras;"Dado el envejecimiento de la población y tener la en la residencia solo 15 camas, personas de Montmeló se ven obligadas a buscar residencia en otros municipios.

-Usar el edificio del casal para amplicar la residencia.
-Poner el casal en algun local propiedad del ayuntamiento.";rejected;montmelo-PROP-2019-05-1464;<p>La teva proposta no és viable econòmicament d'acord amb el pressupost d'inversions assignats i la limitació econòmica per proposta (màxim 150.000€) i el cost del projecte genera despeses en futurs pressupostos.</p><p>Gràcies per la teva participació.</p>;<p>Su propuesta no es viable económicamente de acuerdo con el presupuesto de inversiones asignados y la limitación económica por propuesta (máximo 150.000€) y el coste del proyecto genera gastos en los futuros presupuestos.</p><p>Gracias por su participación.</p>;"";0;0;"";0;0;19;2019-05-14 08:08:57 UTC;http://decidim-montmelo.diba.cat/processes/pressupostosparticipatius/f/477/proposals/1464;"";"";false;;;;
1531;;"";"";"";;"";"";"";126;http://decidim-montmelo.diba.cat/processes/pressupostosparticipatius?participatory_process_slug=pressupostosparticipatius;477;Màquina de climatització de la Biblioteca Municipal La Grua;"Canviar la maquinaria de més de vint anys del servei obligatori de biblioteca amb els inconvenients que té a tots els nivells.

Justificació de la proposta: 1. Estalvi energètic. 2. Millora de la climatització: ventilació, calefacció (climatització hivern) i refrigeració (climatització estiu). 3. Evitar molèsties i problemes als usuaris i veïns provocats pel soroll i funcionament de la màquina actual.

Destinataris: usuaris de la biblioteca, població de Montmeló i veïnat.
";accepted;montmelo-PROP-2019-05-1531;<p>La teva proposta compleix amb els requisits.</p><p>Gràcies per la teva participació.</p>;<p>Su propuesta cumple con los requisitos</p><p>Gracias por su participación.</p>;"";13;0;"";0;0;18;2019-05-15 10:21:33 UTC;http://decidim-montmelo.diba.cat/processes/pressupostosparticipatius/f/477/proposals/1531;"";"";false;;;;
1532;;"";"";"";;"";"";"";126;http://decidim-montmelo.diba.cat/processes/pressupostosparticipatius?participatory_process_slug=pressupostosparticipatius;477;Pas de vianants a nivell al carrer Lluís companys ;Un pas de vianants a nivell al carrer Lluís Companys a l'alçada de les escales que pujen de la plaça del Mil·lenari, ja que som molta gent que inconscientment atravessem per allà i també de pas reduir la velocitat dels vehicles que hi passen ;accepted;montmelo-PROP-2019-05-1532;<p>La teva proposta compleix amb els requisits.</p><p>Gràcies per la teva participació.</p>;<p>Su propuesta cumple con los requisitos</p><p>Gracias por su participación.</p>;"";1;1;Oscar;0;0;19;2019-05-16 21:21:07 UTC;http://decidim-montmelo.diba.cat/processes/pressupostosparticipatius/f/477/proposals/1532;"";"";false;;;;
1533;;"";"";"";;"";"";"";126;http://decidim-montmelo.diba.cat/processes/pressupostosparticipatius?participatory_process_slug=pressupostosparticipatius;477;Accés al riu per la zona final de la llosa Sud i passarel·la al riu;"Accés al riu per la Zona  del pont del costat de Farmhispania i futura urbanització de la llosa Sud i passarel·la al riu per connectar amb els camins de la ""ruta verda"". Netejar d'herbes el riu per les dues vessants.";rejected;montmelo-PROP-2019-05-1533;<p>Aquesta proposta contradiu els plans aprovats per l'Ajuntament definits en el Pla de Gestió de la Xarxa Natura 2000 del riu Congost, on es considera que la llera del riu s'ha de mantenir naturalitzada per fomentar l'existència d'animals i plantes. 500 metres més amunt ja existeix una pasarel·la innundable que creua.</p><p>Gràcies per la teva participació.</p>;<p>Esta propuesta contradice los planes aprobados por el Ayuntamiento definidos en el Plan de Gestión de la Red Natura 2000 del río Congost, donde se considera que el cauce del río se tiene que mantener de forma naturalizada para fomentar la existencia de animales y plantas. 500 metros más arriba ya existe una pasarela inundable que cruza.</p><p>Gracias por su participación.</p>;"";0;0;"";0;0;19;2019-05-19 11:16:07 UTC;http://decidim-montmelo.diba.cat/processes/pressupostosparticipatius/f/477/proposals/1533;"";"";false;;;;
1534;;"";"";"";;"";"";"";126;http://decidim-montmelo.diba.cat/processes/pressupostosparticipatius?participatory_process_slug=pressupostosparticipatius;477;"Decorar amb ""Art Urbà"" les parets de ciment de la Llosa o altres espais";"Decorar amb ""Art Urbà"" les parets de la Llosa o altres espais, a través d'un concurs anual, amb temàtiques concretes i que no vagin contra les ordenances. Adjudicar espais per l'art urbà i donar oportunitats als artistes d'aquesta disciplina. Pensat per ser un referent a la creativitat de joves i inculcar respecte als espais, a més de ser un element decoratiu diferent.";rejected;montmelo-PROP-2019-05-1534;<p>La seva proposta no compleix amb els requisits dels pressupostos participatius, ja que un concurs anual no és una inversió.</p><p>Gràcies per la teva participació.</p>;<p>Su propuesta no cumple con los requisitos de los presupuestos pariticipativos, ya que un concurso anual no es una inversión.</p><p>Gracias por su participación.</p>;"";0;0;"";0;0;19;2019-05-19 11:27:08 UTC;http://decidim-montmelo.diba.cat/processes/pressupostosparticipatius/f/477/proposals/1534;"";"";false;;;;
1535;;"";"";"";;"";"";"";126;http://decidim-montmelo.diba.cat/processes/pressupostosparticipatius?participatory_process_slug=pressupostosparticipatius;477;Arranjament del Passeig Miquel Biada.;"Al descampat que hi ha al Passeig Miquel Biada, al costat de l'estació antiga, es podria aprofitar per fer picnics  a l'estiu o altres activitats com el cinema a la fresca que es feia fa uns anys.

Proposaria les següents coses:
-Arranjament de l'amfiteatre per tal de convertir-lo en un amfiteatre aprofitable per activitats, és a dir, que sigui aprofitable de punta a punta per seure.
-Instal·lació de gespa des de l'amfiteatre fins a l'estació jove";accepted;montmelo-PROP-2019-05-1535;<p>La teva proposta compleix amb els requisits.</p><p>Gràcies per la teva participació.</p>;<p>Su propuesta cumple con los requisitos</p><p>Gracias por su participación.</p>;"";3;0;"";0;1;19;2019-05-19 19:57:06 UTC;http://decidim-montmelo.diba.cat/processes/pressupostosparticipatius/f/477/proposals/1535;"";"";false;;;;
1537;;"";"";"";;"";"";"";126;http://decidim-montmelo.diba.cat/processes/pressupostosparticipatius?participatory_process_slug=pressupostosparticipatius;477;Millora de la climatització del casal de la Gent Gran;"PROPOSTA RECOLLIDA A LA JORNADA DE TREBALL DEL CASAL DE LA GENT GRAN
Millorar la climatització del casal de la Gent Gran, canvi d’aire acondicionat i calefacció perquè sigui un espai agradable on es puguin desenvolupar tot tipus d'activitats.

Dirigit als usuaris del Casal de la Gent Gran
";rejected;montmelo-PROP-2019-05-1537;<p>Aquesta proposta ja s'està realitzant en aquest moment.</p><p>Gràcies per la teva participació.</p>;<p>Su propuesta ya se está realizando en estos momentos.</p><p>Gracias por su participación.</p>;"";3;0;"";0;0;19;2019-05-23 09:36:13 UTC;http://decidim-montmelo.diba.cat/processes/pressupostosparticipatius/f/477/proposals/1537;"";"";false;;;;
1538;;"";"";"";;"";"";"";126;http://decidim-montmelo.diba.cat/processes/pressupostosparticipatius?participatory_process_slug=pressupostosparticipatius;477; Canvi de tot el mobiliari i inversió en ordinadors nous i wi-fi. ;"PROPOSTA RECOLLIDA A LA JORNADA DE TREBALL DEL CASAL DE LA GENT GRAN
Canviar taules i cadires per a que siguin més ergonòmiques i lleugeres.
Instal·lar nous ordinadors i dispositius de xarxa sense fils a tot el casal.

Dirigit als usuaris del Casal de la Gent Gran
";accepted;montmelo-PROP-2019-05-1538;<p>La teva proposta compleix amb els requisits.</p><p>Gràcies per la teva participació.</p>;<p>Su propuesta cumple con los requisitos</p><p>Gracias por su participación.</p>;"";13;0;"";0;0;19;2019-05-23 09:38:55 UTC;http://decidim-montmelo.diba.cat/processes/pressupostosparticipatius/f/477/proposals/1538;"";"";false;;;;
1539;;"";"";"";;"";"";"";126;http://decidim-montmelo.diba.cat/processes/pressupostosparticipatius?participatory_process_slug=pressupostosparticipatius;477;Arranjar el jardí i posar màquines d’exercici al pati del casal de la Gent Gran. ;"PROPOSTA RECOLLIDA A LA JORNADA DE TREBALL DEL CASAL DE LA GENT GRAN
Arranjar el jardí treient les actuals pistes de petanca, els bancs i tots els elements fixes. Posar nova jardineria a tot l'espai i afeigir màquines d’exercici al pati del casal de la Gent Gran. 

Dirigit als usuaris del Casal de la Gent Gran
";accepted;montmelo-PROP-2019-05-1539;<p>La teva proposta compleix amb els requisits.</p><p>Gràcies per la teva participació.</p>;<p>Su propuesta cumple con los requisitos</p><p>Gracias por su participación.</p>;"";22;0;"";0;0;19;2019-05-23 09:43:08 UTC;http://decidim-montmelo.diba.cat/processes/pressupostosparticipatius/f/477/proposals/1539;"";"";false;;;;
1540;;"";"";"";;"";"";"";126;http://decidim-montmelo.diba.cat/processes/pressupostosparticipatius?participatory_process_slug=pressupostosparticipatius;477;Ajudes als joves per lloguer i feina;"PROPOSTA RECOLLIDA A LA JORNADA DE TREBALL DEL CASAL DE LA GENT GRAN

Crear ajudes municipals per al  jovent de Montmeló per tal de facilitar el lloguer i l'obtenció de feina de qualitat al municipi.

Aquesta proposta va dirigida al jovent del municipi.
";rejected;montmelo-PROP-2019-05-1540;<p>Aquesta proposta s'ha introduït tot i saber que no és viable en aquest procediment perquè no és una inversió.</p><p>Gràcies per la teva participació.</p>;<p>Ésta propuesta se ha introducido pese a saber que no es viable económicamente en este proceso ya que no es una inversión.</p><p>Gracias por su participación.</p>;"";0;0;"";0;0;19;2019-05-23 09:48:39 UTC;http://decidim-montmelo.diba.cat/processes/pressupostosparticipatius/f/477/proposals/1540;"";"";false;;;;
1541;;"";"";"";;"";"";"";126;http://decidim-montmelo.diba.cat/processes/pressupostosparticipatius?participatory_process_slug=pressupostosparticipatius;477;Pintar i millorar els tancaments del Casal de la Gent Gran ;"PROPOSTA RECOLLIDA A LA JORNADA DE TREBALL DEL CASAL DE LA GENT GRAN

Pintar el Casal de la Gent Gran i millorar el manteniment de tot l'edifici, fent-lo un lloc més acollidor per als seus usuaris. Si es posible, canviar també els tancaments de l'edifici.

Dirigit als usuaris del Casal de la Gent Gran
";accepted;montmelo-PROP-2019-05-1541;<p>La teva proposta compleix amb els requisits.</p><p>Gràcies per la teva participació.</p>;<p>Su propuesta cumple con los requisitos</p><p>Gracias por su participación.</p>;"";32;0;"";0;0;19;2019-05-23 09:54:55 UTC;http://decidim-montmelo.diba.cat/processes/pressupostosparticipatius/f/477/proposals/1541;"";"";false;;;;
1542;;"";"";"";;"";"";"";126;http://decidim-montmelo.diba.cat/processes/pressupostosparticipatius?participatory_process_slug=pressupostosparticipatius;477; Cursos de formació per joves;"PROPOSTA RECOLLIDA A LA JORNADA DE TREBALL DEL CASAL DE LA GENT GRAN

Cursos de formació perque els joves del nostre municipi tinguin més formació i puguin accedir a una oferta més àmplia de la borsa de treball i així tenir més opcions d'accedir a un lloc de feina qualificat.";rejected;montmelo-PROP-2019-05-1542;<p>Aquesta proposta s'ha introduït tot i saber que no és viable en aquest procediment perquè no és una inversió.</p><p>Gràcies per la teva participació.</p>;<p>Ésta propuesta se ha introducido pese a saber que no es viable económicamente en este proceso ya que no es una inversión.</p><p>Gracias por su participación.</p>;"";0;0;"";0;0;19;2019-05-23 09:57:09 UTC;http://decidim-montmelo.diba.cat/processes/pressupostosparticipatius/f/477/proposals/1542;"";"";false;;;;
1543;;"";"";"";;"";"";"";126;http://decidim-montmelo.diba.cat/processes/pressupostosparticipatius?participatory_process_slug=pressupostosparticipatius;477; Posar papereres amb bosses per els gossos, per els carrers.;"PROPOSTA RECOLLIDA A LA JORNADA DE TREBALL DEL CASAL DE LA GENT GRAN
 
A Montmeló, actualment es troba en moltes ocasions femta d'animals domèstics pels carrers. Per tal d'incentivar la bona cura dels carrers es proposa la instal·lació de papereres amb bosses per els gossos.

Dirigit a la ciutadania de Montmeló";accepted;montmelo-PROP-2019-05-1543;<p>La teva proposta compleix amb els requisits.</p><p>Gràcies per la teva participació.</p>;<p>Su propuesta cumple con los requisitos</p><p>Gracias por su participación.</p>;"";1;0;"";0;0;19;2019-05-23 10:01:03 UTC;http://decidim-montmelo.diba.cat/processes/pressupostosparticipatius/f/477/proposals/1543;"";"";false;;;;
1544;;"";"";"";;"";"";"";126;http://decidim-montmelo.diba.cat/processes/pressupostosparticipatius?participatory_process_slug=pressupostosparticipatius;477;Projecte de pisos compartits per gent gran;"PROPOSTA RECOLLIDA A LA JORNADA DE TREBALL DEL CASAL DE LA GENT GRAN
Es proposa crear un projecte social dirigit a la gent gran que viu sola. Es tracta d'un projecte per posar en contacte persones que actualment viuen soles per tal de propiciar la compartició de pisos.

Destinat a la gent gran de Montmeló que viu sola.";rejected;montmelo-PROP-2019-05-1544;<p>Aquesta proposta s'ha introduït tot i saber que no és viable en aquest procediment perquè no és una inversió.</p><p>Gràcies per la teva participació.</p>;<p>Ésta propuesta se ha introducido pese a saber que no es viable económicamente en este proceso ya que no es una inversión.</p><p>Gracias por su participación.</p>;"";0;0;"";0;0;19;2019-05-23 10:03:41 UTC;http://decidim-montmelo.diba.cat/processes/pressupostosparticipatius/f/477/proposals/1544;"";"";false;;;;
1545;;"";"";"";;"";"";"";126;http://decidim-montmelo.diba.cat/processes/pressupostosparticipatius?participatory_process_slug=pressupostosparticipatius;477;Veles per tenir més ombra a la Llosa;"PROPOSTA RECOLLIDA A LA JORNADA DE TREBALL DEL CASAL DE LA GENT GRAN 

La llosa és un espai molt favorable per passejar tot i que actualment és un espai que no té ombra. Per tal que sigui un espai més polivalent i tota la ciutadania en pugui gaudir, es proposa instal·lar algun sistema de veles per fer-hi ombra.

Dirigit a tota la ciutadania.";rejected;montmelo-PROP-2019-05-1545;<p>Actualment ja s'està treballant en la seva proposta. </p><p>Gràcies per la teva participació.</p>;<p>Actualmente ya se esta trabajando en su propuesta.</p><p>Gracias por su participación.</p>;"";19;0;"";0;0;19;2019-05-23 10:06:59 UTC;http://decidim-montmelo.diba.cat/processes/pressupostosparticipatius/f/477/proposals/1545;"";"";false;;;;
1546;;"";"";"";;"";"";"";126;http://decidim-montmelo.diba.cat/processes/pressupostosparticipatius?participatory_process_slug=pressupostosparticipatius;477;Posar jocs infantils al bosquet dels Pins;"PROPOSTA RECOLLIDA A LA JORNADA DE TREBALL DEL CASAL DE LA GENT GRAN 

El bosquet dels pins es molt transitat pels infants que van a la escola més propera. Seria interesant instal·lar-hi elements de jocs infantils i taules i cadires per berenar.

Destinat a tota la ciutadania";withdrawn;montmelo-PROP-2019-05-1546;<p>La teva proposta compleix amb els requisits.</p><p>Gràcies per la teva participació.</p>;<p>Su propuesta cumple con los requisitos</p><p>Gracias por su participación.</p>;"";0;0;"";0;0;19;2019-05-23 10:09:28 UTC;http://decidim-montmelo.diba.cat/processes/pressupostosparticipatius/f/477/proposals/1546;"";"";false;;;;
1547;;"";"";"";;"";"";"";126;http://decidim-montmelo.diba.cat/processes/pressupostosparticipatius?participatory_process_slug=pressupostosparticipatius;477;Canvi de gespa de la piscina;"PROPOSTA RECOLLIDA A LA JORNADA DE TREBALL DEL CASAL DE LA GENT GRAN 

S'hauria de canviar la gespa de la piscina municipal ja que fa molt de temps que no es troba en condicions òptimes.

-Instal·lació de gespa nova a la piscina municipal.";accepted;montmelo-PROP-2019-05-1547;<p>La teva proposta compleix amb els requisits.</p><p>Gràcies per la teva participació.</p>;<p>Su propuesta cumple con los requisitos</p><p>Gracias por su participación.</p>;"";9;0;"";0;0;19;2019-05-27 09:37:03 UTC;http://decidim-montmelo.diba.cat/processes/pressupostosparticipatius/f/477/proposals/1547;"";"";false;;;;
1548;;"";"";"";;"";"";"";126;http://decidim-montmelo.diba.cat/processes/pressupostosparticipatius?participatory_process_slug=pressupostosparticipatius;477;Millora dels parcs infantils;"PROPOSTA RECOLLIDA A LA JORNADA DE TREBALL DEL CASAL DE LA GENT GRAN 

Fa molt de temps que no es canvien els parcs infantils, i alguns d'ells està en un estat que no es pas adequat per a que gaudeixi de forma adient la canalla.

-Millora dels parcs infantils.";accepted;montmelo-PROP-2019-05-1548;<p>La teva proposta compleix amb els requisits.</p><p>Gràcies per la teva participació.</p>;<p>Su propuesta cumple con los requisitos</p><p>Gracias por su participación.</p>;"";14;3;Yolanda solis, Mauro Mena Linares, Yolanda Bou Fernández ;0;0;19;2019-05-27 09:39:34 UTC;http://decidim-montmelo.diba.cat/processes/pressupostosparticipatius/f/477/proposals/1548;"";"";false;;;;
1549;;"";"";"";;"";"";"";126;http://decidim-montmelo.diba.cat/processes/pressupostosparticipatius?participatory_process_slug=pressupostosparticipatius;477;Millorar el Casal de la Gent Gran i engrandir-ho.;"PROPOSTA RECOLLIDA A LA JORNADA DE TREBALL DEL CASAL DE LA GENT GRAN

El casal de la Gent Gran s'està quedant desfasat i degut a la gent que hi va s'està quedant petit.

-Millorar el Casal de la Gent Gran i engrandir-ho perquè  pugui anar més gent del poble.";rejected;montmelo-PROP-2019-05-1549;<p>Aquesta proposta s'ha introduït tot i saber que no és viable econòmicament d'acord amb el pressupost d'inversions assignats i la limitació econòmica per proposta (màxim 150.000€) i el cost del projecte genera despeses en futurs pressupostos.</p><p>Gràcies per la teva participació.</p>;<p>Ésta propuesta se ha introducido a pesar de no ser viable económicamente de acuerdo con el presupuesto de inversiones asignados y la limitación económica por propuesta (máximo 150.000€) y el coste del proyecto genera gastos en los futuros presupuestos.</p><p>Gracias por su participación.</p>;"";0;0;"";0;0;19;2019-05-27 09:46:27 UTC;http://decidim-montmelo.diba.cat/processes/pressupostosparticipatius/f/477/proposals/1549;"";"";false;;;;
1550;;"";"";"";;"";"";"";126;http://decidim-montmelo.diba.cat/processes/pressupostosparticipatius?participatory_process_slug=pressupostosparticipatius;477;Netejar el carrer diputació de paneroles;"PROPOSTA RECOLLIDA A LA JORNADA DE TREBALL DEL CASAL DE LA GENT GRAN 

Últimament estem vivint una situació desagradable, ja que hi ha moltes paneroles a les clavegueres del carrer diputació i s'hauria de netejar per solventar aquest problema.";rejected;montmelo-PROP-2019-05-1550;<p>La seva proposta no es correspon amb el criteri de ser una inversió, sinó d'una tasca de manteniment. Fem arribar la seva queixa al departament de medi ambient.</p><p>Moltes gràcies per la seva participació.</p>;<p>Su propuesta no se corresponde con el criterio de ser una inversión, se trata de una tarea de mantenimiento. Trasladaremos su queja al departament de medio ambiente.</p><p>Muchas gracias por su participación</p>;"";0;0;"";0;0;19;2019-05-27 09:49:10 UTC;http://decidim-montmelo.diba.cat/processes/pressupostosparticipatius/f/477/proposals/1550;"";"";false;;;;
1551;;"";"";"";;"";"";"";126;http://decidim-montmelo.diba.cat/processes/pressupostosparticipatius?participatory_process_slug=pressupostosparticipatius;477;Arranjament dels carrers Jacint Verdaguer;"PROPOSTA RECOLLIDA A LA JORNADA DE TREBALL DEL CASAL DE LA GENT GRAN 

El carrer Jacint Verdaguer a l'alçada entre el carrer Vic i Federico Garcia Lorca no està en bones condicions.

-Asfaltar la carretera i arranjar les voreres del carrer Jacint Verdaguer entre els carrers Vic i Federico Garcia Lorca.";accepted;montmelo-PROP-2019-05-1551;<p>La teva proposta compleix amb els requisits.</p><p>Gràcies per la teva participació.</p>;<p>Su propuesta cumple con los requisitos</p><p>Gracias por su participación.</p>;"";7;0;"";0;0;20;2019-05-27 09:54:54 UTC;http://decidim-montmelo.diba.cat/processes/pressupostosparticipatius/f/477/proposals/1551;"";"";false;;;;
1552;;"";"";"";;"";"";"";126;http://decidim-montmelo.diba.cat/processes/pressupostosparticipatius?participatory_process_slug=pressupostosparticipatius;477;Espacios verdes para disfrute de todas/ todos;"El espacio verde desde la plaza de La quintana subiendo por Lluis Company y bajando hasta Mil-lenari es una zona muy bonita pero poco utilizada, falta un buen proyecto que seguro que en nuestro Ajuntamiento tenemos tecnicos cualificados para hacerlo( juegos infantiles , mesas,. El mayor problema puede ser el poco civismo que seguro que con camaras de seguridad y Agentes Cívicos se puede solucionar , así  tambien se crearían empleos .

   FEM EL QUE TENIM MILLOR
 ";accepted;montmelo-PROP-2019-05-1552;<p>La teva proposta compleix amb els requisits.</p><p>Gràcies per la teva participació.</p>;<p>Su propuesta cumple con los requisitos</p><p>Gracias por su participación.</p>;"";5;0;"";0;1;19;2019-05-27 10:55:33 UTC;http://decidim-montmelo.diba.cat/processes/pressupostosparticipatius/f/477/proposals/1552;"";"";false;;;;
1601;;"";"";"";;"";"";"";126;http://decidim-montmelo.diba.cat/processes/pressupostosparticipatius?participatory_process_slug=pressupostosparticipatius;477;Millora asfaltat, senyalització i fer pas de vianants al carrer Colom;"L'asfalt està molt deteriorat, a vegades salten trossos de pedres al passar els cotxes. 
No hi ha una bona senyalització per els camions i es normal trobar que hi volen passar tràilers.
ha augmentat molt la circulació de vehicles i molt pocs fan el STOP que hi ha entre el carrer Colom i el passatge Colom amb perill de les persones que creuen el carrer o dels cotxes que venen des del Timbaler del Bruc.
Crec que es d'interès general ja que són moltes les persones que fan ùs d'aquest espai";accepted;montmelo-PROP-2019-05-1601;<p>La teva proposta compleix amb els requisits.</p><p>Gràcies per la teva participació.</p>;<p>Su propuesta cumple con los requisitos</p><p>Gracias por su participación.</p>;"";1;0;"";0;0;21;2019-05-29 10:59:02 UTC;http://decidim-montmelo.diba.cat/processes/pressupostosparticipatius/f/477/proposals/1601;"";"";false;;;;
1602;;"";"";"";;"";"";"";126;http://decidim-montmelo.diba.cat/processes/pressupostosparticipatius?participatory_process_slug=pressupostosparticipatius;477;Posar jocs infantils al bosc de l'aplec;"PROPOSTA RECOLLIDA A LA JORNADA DE TREBALL DEL CASAL DE LA GENT GRAN

El bosc de l'aplec es molt transitat pels infants que van a la escola més propera. Seria interesant instal·lar-hi elements de jocs infantils i taules i cadires per berenar.

Destinat a tota la ciutadania";accepted;montmelo-PROP-2019-05-1602;<p>La teva proposta compleix amb els requisits.</p><p>Gràcies per la teva participació.</p>;<p>Su propuesta cumple con los requisitos</p><p>Gracias por su participación.</p>;"";0;0;"";0;0;19;2019-05-30 06:30:26 UTC;http://decidim-montmelo.diba.cat/processes/pressupostosparticipatius/f/477/proposals/1602;"";"";false;;;;
1607;;"";"";"";;"";"";"";126;http://decidim-montmelo.diba.cat/processes/pressupostosparticipatius?participatory_process_slug=pressupostosparticipatius;477;Carrers i places accessibles per a tothom;Arreglar les voreres i els passos de vianants per tal que les persones amb mobilitat reduÏda, amb cadires de rodes o amb cotxets d'infants, puguin circular amb facilitat per als nostres carrers.;accepted;montmelo-PROP-2019-06-1607;<p>La teva proposta compleix amb els requisits.</p><p>Gràcies per la teva participació.</p>;<p>Su propuesta cumple con los requisitos</p><p>Gracias por su participación.</p>;"";33;1;José A;0;0;18;2019-06-06 21:44:12 UTC;http://decidim-montmelo.diba.cat/processes/pressupostosparticipatius/f/477/proposals/1607;"";"";false;;;;
1608;;"";"";"";;"";"";"";126;http://decidim-montmelo.diba.cat/processes/pressupostosparticipatius?participatory_process_slug=pressupostosparticipatius;477;Propostes recollides al Centre Ocupacional del Trencadís realitzades per les persones residents al municipi de Montmeló.;"'- Adaptació a l'accés per a persones amb mobilitat reduïda de l'escenari situat a la plaça de la quintana.

- Adaptació de l'accés a les graderies del camp de futbol per a persones amb mobilitat reduïda.

- Remodelar la piscina municipal per poder-hi fer ús a l'hivern.

- Renovar el sistema de fontaneria i caldera del pavelló poliesportiu municipal.

- Adequació del pati de l'escola d'adults i dels lavabos per a persones amb mobilitat reduïda.

- Remodelar les rampes de les voreres d'accés a les entrades dels garatges dels habitatges particulars per tal de dotar d'accessibilitat a aquestes. 
";accepted;montmelo-PROP-2019-06-1608;<p>La vostra proposta compleix amb els requisits de forma parcial. Recollim la proposta exceptuant la proposta de la piscina coberta ja que no compleix els requisits de ser una inversió de 150.000€.</p><p>Gràcies per la vostra participació Trencadís!</p>;<p>Vuestra propuesta cumple con los requisitos de forma parcial. Recogemos la propuesta exceptuando la propuesta de la piscina cubierta ya que no cumple con los requisitos de ser una inversión de 150.000€ como máximo.</p><p>¡Gracias por vuestra participación Trencadís!</p><p><br></p>;"";14;0;"";0;0;19;2019-06-07 14:22:47 UTC;http://decidim-montmelo.diba.cat/processes/pressupostosparticipatius/f/477/proposals/1608;"";"";false;;;;
1609;;"";"";"";;"";"";"";126;http://decidim-montmelo.diba.cat/processes/pressupostosparticipatius?participatory_process_slug=pressupostosparticipatius;477;Senyalitzar i reduïr velocitat al carrer de la Verneda del Congost;"S'hauria de senyalitzar convenientment aquest carrer i mirar de reduïr la velocitat dels vehicles, donat que habitualment van a velocitats superiors a 50 i 60km/h. 

No fa gaire, degut a la mala senyalització, visibilitat i la velocitat excesiva dels vehicles, una persona va ser atropellada mortalment. Per evitar que torni a pasar i que sigui una zona més segura, s'hauria de millorar aquesta via.

Gràcies.";rejected;montmelo-PROP-2019-06-1609;<p>La teva proposta ja ha estat proposada per un altre usuari. </p><p>Gràcies per la teva participació.</p>;<p>Su propuesta ya ha estado propuesta por otro usuario. </p><p>Gracias por su participación.</p>;"";2;0;"";0;0;19;2019-06-08 09:07:18 UTC;http://decidim-montmelo.diba.cat/processes/pressupostosparticipatius/f/477/proposals/1609;"";"";false;;;;
1610;;"";"";"";;"";"";"";126;http://decidim-montmelo.diba.cat/processes/pressupostosparticipatius?participatory_process_slug=pressupostosparticipatius;477;Segon pas de vianants ;Ençà es va obrir la Llosa el trànsit de gent cap a l'estació i en direcció al poble es fa molt per aquí, però només hi ha un pas de vianants abans de crear i seria bó que hi hagués un altre per donar preferència als vianants. ;accepted;montmelo-PROP-2019-06-1610;<p>La teva proposta compleix amb els requisits.</p><p>Gràcies per la teva participació.</p>;<p>Su propuesta cumple con los requisitos</p><p>Gracias por su participación.</p>;"";1;0;"";0;0;19;2019-06-08 09:18:22 UTC;http://decidim-montmelo.diba.cat/processes/pressupostosparticipatius/f/477/proposals/1610;"";"";false;;;;
1611;;"";"";"";;"";"";"";126;http://decidim-montmelo.diba.cat/processes/pressupostosparticipatius?participatory_process_slug=pressupostosparticipatius;477;Canvi nom conjunt de la Plaça Santa Maria;"Matenint la part colindant a la esglesia com a plaça Santa Maria i canviar la part exterior per el nom de ""Parc dels Gegants""
El motiu es com a reconeixem dels 40 anys d'historia dels gegants de Montmeló, que es conmemora el proper any 2020.
Si mes no fer un reconeixement amb placa conmemorativa o petit monument.";rejected;montmelo-PROP-2019-06-1611;<p>Aquesta proposta no compleix amb el criteri de ser una inversió, s'obriran altres processos per a fer-hi propostes d'aquest tipus.</p><p>Gràcies per la teva participació.</p>;<p>Ésta propuesta no cumple con el criterio de ser una inversión, se abrirán otros procesos para hacer propuestas de este tipo.</p><p>Gracias por su participación.</p>;"";8;0;"";0;0;20;2019-06-08 11:06:33 UTC;http://decidim-montmelo.diba.cat/processes/pressupostosparticipatius/f/477/proposals/1611;"";"";false;;;;
1612;;"";"";"";;"";"";"";126;http://decidim-montmelo.diba.cat/processes/pressupostosparticipatius?participatory_process_slug=pressupostosparticipatius;477;Nom de l'anfiteatre de l'estacio;"Anomenar l'anfiteatre de l'estació jove com a ""plaça del diable""";rejected;montmelo-PROP-2019-06-1612;<p>Aquesta proposta no compleix amb el criteri de ser una inversió, s'obriran altres processos per a fer-hi propostes d'aquest tipus.</p><p>Gràcies per la teva participació.</p>;<p>Ésta propuesta no cumple con el criterio de ser una inversión, se abriran otros procesos para hacer propuestas de este tipo.</p><p>Gracias por su participación.</p>;"";7;0;"";0;0;19;2019-06-08 15:27:28 UTC;http://decidim-montmelo.diba.cat/processes/pressupostosparticipatius/f/477/proposals/1612;"";"";false;;;;
1613;;"";"";"";;"";"";"";126;http://decidim-montmelo.diba.cat/processes/pressupostosparticipatius?participatory_process_slug=pressupostosparticipatius;477;Millorar la mobilitat laboral;Obligar per llei a Adif que totes les estacions de Rodalies que tinguin espai/possibilitat per tenir zona d'aparcament, sigui ADIF qui l'habiliti i els Ajuntaments (Diputació) qui els gestioni.;rejected;montmelo-PROP-2019-06-1613;<p>Aquesta proposta s'ha introduit tot i que no compleix el requisit de ser competència municipal . </p><p>Gràcies per la seva participació. </p><p><br></p>;<p>Ésta propuesta se ha introducido pese a saber que no cumple el requisito de ser competencia municipal.</p><p>Gracias por su participación.</p>;"";0;0;"";0;0;19;2019-06-08 16:02:34 UTC;http://decidim-montmelo.diba.cat/processes/pressupostosparticipatius/f/477/proposals/1613;"";"";false;;;;
1614;;"";"";"";;"";"";"";126;http://decidim-montmelo.diba.cat/processes/pressupostosparticipatius?participatory_process_slug=pressupostosparticipatius;477;Col·laboració entre Ajuntaments propers;"Que Ajuntaments con el de Montmeló i el de Montornés siguin capaços de col·laborar per fomentar l'esport.
El club de Ritmica de Montmeló  es un club amb esportistes de tots els pobles propers.
Estaría bé que siguin capaços de colaborar pel desenvolupament d'aquest magnific esport";rejected;montmelo-PROP-2019-06-1614;<p>Aquesta proposta s'ha introduït tot i que no compleix el requisit de ser una inversió. </p><p>Gràcies per la seva participació. </p>;<p>Ésta propuesta se ha introducido pese a saber que no cumple el requisito de ser una inversión.</p><p>Gracias por su participación.</p>;"";0;0;"";0;0;19;2019-06-08 16:13:37 UTC;http://decidim-montmelo.diba.cat/processes/pressupostosparticipatius/f/477/proposals/1614;"";"";false;;;;
1615;;"";"";"";;"";"";"";126;http://decidim-montmelo.diba.cat/processes/pressupostosparticipatius?participatory_process_slug=pressupostosparticipatius;477;Que esten las calles libres para las motos locas;Quitar los muros de hormigon de enmedio de la carretera para las motos locas;rejected;montmelo-PROP-2019-06-1615;<p>Aquesta proposta s'ha introduit tot i que no compleix el requisit de ser una inversió. </p><p>Gràcies per la seva participació. </p>;<p>Ésta propuesta se ha introducido pese a saber que no cumple el requisito de ser una inversión.</p><p>Gracias por su participación.</p>;"";0;0;"";0;0;19;2019-06-08 16:20:41 UTC;http://decidim-montmelo.diba.cat/processes/pressupostosparticipatius/f/477/proposals/1615;"";"";false;;;;
1616;;"";"";"";;"";"";"";126;http://decidim-montmelo.diba.cat/processes/pressupostosparticipatius?participatory_process_slug=pressupostosparticipatius;477;Ocio para Montmelo;Un lugar donde la juventud y no juventud puedan divertirse sin tener que salir de nuestro pueblo. Un salón recreativo atendido por jóvenes con música, futbolín y más.;rejected;montmelo-PROP-2019-06-1616;<p>La seva proposta no compleix amb els requisits exigits a les bases.</p><p>Gràcies per la seva participació.</p><p><br></p>;"<p>Su propuesta no cumple con los requisitos exigidos en las bases.</p><p>Gracias por su participación.&nbsp;</p>";"";0;0;"";0;0;19;2019-06-08 16:40:09 UTC;http://decidim-montmelo.diba.cat/processes/pressupostosparticipatius/f/477/proposals/1616;"";"";false;;;;
1618;;"";"";"";;"";"";"";126;http://decidim-montmelo.diba.cat/processes/pressupostosparticipatius?participatory_process_slug=pressupostosparticipatius;477;Guia dels nostres arbres;"Fer una guia dels arbres del poble i posar-hi el nom.
És una proposta educativa i cívica per tal que coneguem una mica més els arbres. ";accepted;montmelo-PROP-2019-06-1618;<p>La teva proposta compleix amb els requisits.</p><p>Gràcies per la teva participació.</p>;<p>Su propuesta cumple con los requisitos</p><p>Gracias por su participación.</p>;"";2;2;Mari carmen, Yolanda Bou Fernández ;1;0;18;2019-06-11 22:52:33 UTC;http://decidim-montmelo.diba.cat/processes/pressupostosparticipatius/f/477/proposals/1618;"";"";false;;;;
1619;;"";"";"";;"";"";"";126;http://decidim-montmelo.diba.cat/processes/pressupostosparticipatius?participatory_process_slug=pressupostosparticipatius;477;Manca d'ombra a la fira del comerç;Per l'any vinent es podía posar una tela d'ombra i augmentaria el benestrar al públic i l'afluència.;rejected;montmelo-PROP-2019-06-1619;<p>Aquesta proposta s'ha introduït tot i saber que no és viable en aquest procediment perquè no és una inversió.</p><p>Gràcies per la teva participació.</p>;<p>Ésta propuesta se ha introducido pese a saber que no es viable económicamente en este proceso ya que no es una inversión.</p><p>Gracias por su participación.</p>;"";0;0;"";0;0;19;2019-06-08 17:01:44 UTC;http://decidim-montmelo.diba.cat/processes/pressupostosparticipatius/f/477/proposals/1619;"";"";false;;;;
1620;;"";"";"";;"";"";"";126;http://decidim-montmelo.diba.cat/processes/pressupostosparticipatius?participatory_process_slug=pressupostosparticipatius;477;Ampliació pavelló esportiu;Crear més espai per poder satisfer tota la demanda d'activitats esportives del nostre poble.;accepted;montmelo-PROP-2019-06-1620;<p>La seva proposta compleix amb els requisits.</p><p>Gràcies per la teva participació.</p><p><br></p>;<p>Su propuesta cumple con los requisitos</p><p>Gracias por su participación.</p>;"";32;7;Rocío, Nuria , Elisabet, Mercedes Mora Baltasar, José A, Mauro Mena Linares, Judith;0;0;25;2019-06-08 17:37:27 UTC;http://decidim-montmelo.diba.cat/processes/pressupostosparticipatius/f/477/proposals/1620;"";"";false;;;;
1621;;"";"";"";;"";"";"";126;http://decidim-montmelo.diba.cat/processes/pressupostosparticipatius?participatory_process_slug=pressupostosparticipatius;477;Instal·lació d'arbrat;"A l'estiu hi ha necessitat d'ombra i s'ha de millorar la qualitat de l'aire.
-Cal plantar més arbres, hi ha carrers que no n'hi ha ni un.";accepted;montmelo-PROP-2019-06-1621;<p>La teva proposta compleix amb els requisits.</p><p>Gràcies per la teva participació.</p>;<p>Su propuesta cumple con los requisitos</p><p>Gracias por su participación.</p>;"";3;0;"";0;0;19;2019-06-11 06:32:40 UTC;http://decidim-montmelo.diba.cat/processes/pressupostosparticipatius/f/477/proposals/1621;"";"";false;;;;
1622;;"";"";"";;"";"";"";126;http://decidim-montmelo.diba.cat/processes/pressupostosparticipatius?participatory_process_slug=pressupostosparticipatius;477;Senyalització dels carrils bici;"Hi ha d'haver més seguretat pels ciclistes, dins del poble i per la carretera d'accés a Granollers.

-Senyalitzar com a via per a ciclistes el centre del poble i l'accés a la carretera del Viena amb carril bici.";rejected;montmelo-PROP-2019-06-1622;<p>Aquesta proposta es correspon amb una de les propostes que ha fet la ciutadania, hi pots donar suport del 8 de juny al 8 de juliol perquè quedi entre les propostes finalistes.</p><p>Gràcies per la teva participació</p>;<p>Su propuesta se corresponde con una de las propuestas que ya ha hecho la ciudadania. Puedes dar tu soporte del 8 de Junio al 8 de Julio para que quede entre las propuestas finalistas.</p><p>Gracias por su participación</p>;"";1;0;"";0;0;18;2019-06-11 06:36:34 UTC;http://decidim-montmelo.diba.cat/processes/pressupostosparticipatius/f/477/proposals/1622;"";"";false;;;;
1623;;"";"";"";;"";"";"";126;http://decidim-montmelo.diba.cat/processes/pressupostosparticipatius?participatory_process_slug=pressupostosparticipatius;477;Voreres més amples;"Els que passegem amb nens amb carretó, en molts carrers hem de baixar de la vorera i passar per la calçada.

-S'ha d'ampliar la mida de les voreres com per exemple al passatge colom o al carrer doctor robert.";rejected;montmelo-PROP-2019-06-1623;<p>Aquesta proposta es correspon amb una de les propostes que ha fet la ciutadania. Hi pots donar suport del 8 de juny al 8 de juliol perquè quedi entre les propostes finalistes.</p><p>Gràcies per la teva participació</p>;<p>Su propuesta se corresponde con una de las propuestas oficiales que ya ha hecho la ciudadania. Puedes darle soporte del 8 de Junio al 8 de Julio para que quede entre las propuestas finalistas.</p><p>Gracias por su participación</p>;"";0;0;"";0;0;19;2019-06-11 06:40:00 UTC;http://decidim-montmelo.diba.cat/processes/pressupostosparticipatius/f/477/proposals/1623;"";"";false;;;;
1624;;"";"";"";;"";"";"";126;http://decidim-montmelo.diba.cat/processes/pressupostosparticipatius?participatory_process_slug=pressupostosparticipatius;477;Actividades para refrescarse en la fira;"En la fira del comerç hace mucho calor y la gente no está más por aquí por eso.

-Hacer una fiesta de agua o se instala algun tipo de manguera o piscina de plastico para refrescarse durante la próxima edición.";rejected;montmelo-PROP-2019-06-1624;<p>Aquesta proposta s'ha introduït tot i que no compleix el requisit de ser una inversió. </p><p>Gràcies per la seva participació. </p>;<p>Ésta propuesta se ha introducido pese a saber que no cumple el requisito de ser una inversión.</p><p>Gracias por su participación.</p>;"";0;0;"";0;0;19;2019-06-11 06:44:54 UTC;http://decidim-montmelo.diba.cat/processes/pressupostosparticipatius/f/477/proposals/1624;"";"";false;;;;
1625;;"";"";"";;"";"";"";126;http://decidim-montmelo.diba.cat/processes/pressupostosparticipatius?participatory_process_slug=pressupostosparticipatius;477;Aparcament per a clients ;Ubicar aparcaments especials per a clients de comerços (temporal de 30 min/ 1 hora), que sigui de pagament en el que comprant a un comerç es pugui donar un tiquet per a que aquesta plaça sigui gratuïta per al client.;accepted;montmelo-PROP-2019-06-1625;<p>La seva proposta compleix amb els requisits.</p><p>Gràcies per la teva participació.</p><p><br></p>;<p>Su propuesta cumple con los requisitos</p><p>Gracias por su participación.</p>;"";9;0;"";0;0;19;2019-06-11 06:51:43 UTC;http://decidim-montmelo.diba.cat/processes/pressupostosparticipatius/f/477/proposals/1625;"";"";false;;;;
1626;;"";"";"";;"";"";"";126;http://decidim-montmelo.diba.cat/processes/pressupostosparticipatius?participatory_process_slug=pressupostosparticipatius;477;Fiesta historia/cultural;Hacer un evento o fiesta relacionada con la historia del pueblo. Con comida típica, juegos, obras teatrales...;rejected;montmelo-PROP-2019-06-1626;<p>Aquesta proposta s'ha introduït tot i que no compleix el requisit de ser una inversió. </p><p>Gràcies per la seva participació. </p><p><br></p>;<p>Ésta propuesta se ha introducido pese a saber que no cumple el requisito de ser una inversión.</p><p>Gracias por su participación.</p>;"";0;0;"";0;0;19;2019-06-11 06:59:35 UTC;http://decidim-montmelo.diba.cat/processes/pressupostosparticipatius/f/477/proposals/1626;"";"";false;;;;
1627;;"";"";"";;"";"";"";126;http://decidim-montmelo.diba.cat/processes/pressupostosparticipatius?participatory_process_slug=pressupostosparticipatius;477;Instal·lació baden per reduir velocitat;Al carrer Luis Chamizo que es fa servir d'entrada del transit procedent de la zona autopista, convé la col·locació de un parell de badens perquè els vehicles redueixin considerablement la velocitat excesiva a la que entren.;accepted;montmelo-PROP-2019-06-1627;<p>La teva proposta compleix amb els requisits.</p><p>Gràcies</p><p>per la teva participació.</p>;<p>Su propuesta cumple con los requisitos</p><p>Gracias por su participación.</p><p><br></p>;"";7;1;Roser;0;0;19;2019-06-11 07:04:16 UTC;http://decidim-montmelo.diba.cat/processes/pressupostosparticipatius/f/477/proposals/1627;"";"";false;;;;
1628;;"";"";"";;"";"";"";126;http://decidim-montmelo.diba.cat/processes/pressupostosparticipatius?participatory_process_slug=pressupostosparticipatius;477;Reparar paviment calçades;"S'ha de millorar la qualitat de la circulació

-Reparar paviment de les calçades (Carrer Colom).";rejected;montmelo-PROP-2019-06-1628;<p>La seva proposta no compleix amb els requisits exigits a les bases.</p><p>Gràcies per la seva participació.</p><p><br></p>;"<p>Su propuesta no cumple con los requisitos exigidos en las bases.</p><p>Gracias por su participación.&nbsp;</p>";"";0;0;"";0;0;19;2019-06-11 07:09:06 UTC;http://decidim-montmelo.diba.cat/processes/pressupostosparticipatius/f/477/proposals/1628;"";"";false;;;;
1629;;"";"";"";;"";"";"";126;http://decidim-montmelo.diba.cat/processes/pressupostosparticipatius?participatory_process_slug=pressupostosparticipatius;477;Instal·lar Carril bici;'-Instal·lar un carril bici per anar a treballaren bici sense perill i amb seguretat.;rejected;montmelo-PROP-2019-06-1629;<p>Aquesta proposta es correspon amb una de les propostes que ha fet la ciutadania, hi pots donar suport del 8 de juny al 8 de juliol perquè quedi entre les propostes finalistes.</p><p>Gràcies per la teva participació</p><p><br></p>;<p>Su propuesta se corresponde con una de las propuestas que ya ha hecho la ciudadania. Puedes dar tu soporte del 8 de Junio al 8 de Julio para que quede entre las propuestas finalistas.</p><p>Gracias por su participación</p>;"";0;0;"";0;0;19;2019-06-11 07:13:50 UTC;http://decidim-montmelo.diba.cat/processes/pressupostosparticipatius/f/477/proposals/1629;"";"";false;;;;
1630;;"";"";"";;"";"";"";126;http://decidim-montmelo.diba.cat/processes/pressupostosparticipatius?participatory_process_slug=pressupostosparticipatius;477;Prevenir els sorolls;"Solució al soroll provinent de la mateixa gent, a la nit hi ha crits i es parla fort.

-Advertir a qui són maleducats i no respecten el descans dels veins.";rejected;montmelo-PROP-2019-06-1630;"<p>Aquesta proposta s'ha introduït tot i que no compleix el requisit de ser una inversió. </p><p>Gràcies per la seva participació.&nbsp;</p>";<p>Ésta propuesta se ha introducido pese a saber que no cumple el requisito de ser una inversión.</p><p>Gracias por su participación.</p>;"";0;0;"";0;0;19;2019-06-11 07:24:02 UTC;http://decidim-montmelo.diba.cat/processes/pressupostosparticipatius/f/477/proposals/1630;"";"";false;;;;
1631;;"";"";"";;"";"";"";126;http://decidim-montmelo.diba.cat/processes/pressupostosparticipatius?participatory_process_slug=pressupostosparticipatius;477;Millora i reorganització del sentit del trànsit;Millorar el transit, asfaltar els carrer, pensar amb seny i lògica en diferents sentits.;rejected;montmelo-PROP-2019-06-1631;"<p>Aquesta proposta s'ha introduït tot i que no compleix el requisit de ser una inversió. </p><p>Gràcies per la seva participació.&nbsp;</p>";<p>Ésta propuesta se ha introducido pese a saber que no cumple el requisito de ser una inversión.</p><p>Gracias por su participación.</p>;"";0;0;"";0;0;19;2019-06-11 07:34:33 UTC;http://decidim-montmelo.diba.cat/processes/pressupostosparticipatius/f/477/proposals/1631;"";"";false;;;;
1632;;"";"";"";;"";"";"";126;http://decidim-montmelo.diba.cat/processes/pressupostosparticipatius?participatory_process_slug=pressupostosparticipatius;477;Eliminar bosses de plàstic al comerç;Eliminar bolses de plàstic i envasos. Facilitar poder comprar amb els tuppers propis.;rejected;montmelo-PROP-2019-06-1632;<p>Aquesta proposta no és valida en aquest procediment perquè no és una inversió.</p><p>Gràcies per la teva participació.</p><p><br></p>;<p>Ésta propuesta no es viable en este proceso ya que no es una inversión.</p><p>Gracias por su participación.</p>;"";0;0;"";0;0;19;2019-06-11 07:41:06 UTC;http://decidim-montmelo.diba.cat/processes/pressupostosparticipatius/f/477/proposals/1632;"";"";false;;;;
1633;;"";"";"";;"";"";"";126;http://decidim-montmelo.diba.cat/processes/pressupostosparticipatius?participatory_process_slug=pressupostosparticipatius;477;Rampa plaça europa;"Per accedir al portal 3 de la plaça europa hi ha una barrera arquitectònica (escales). Hi ha un primer tram de rampa i després escales.
-Accés per rampa eliminant les escales al portal nº 3 de la plaça europa.";rejected;montmelo-PROP-2019-06-1633;<p>Aquesta proposta es correspon amb una de les propostes que ha fet la ciutadania. Hi pot donar suport del 8 de juny al 8 de juliol perquè quedi entre les propostes finalistes.</p><p>Gràcies per la teva participació</p><p><br></p>;<p>Su propuesta se corresponde con una de las propuestas hechas por la ciudadania. Puede darle soporte del 8 de Junio al 8 de Julio para que quede entre las propuestas finalistas.</p><p>Gracias por su participación</p>;"";0;0;"";0;0;19;2019-06-11 08:02:02 UTC;http://decidim-montmelo.diba.cat/processes/pressupostosparticipatius/f/477/proposals/1633;"";"";false;;;;
1634;;"";"";"";;"";"";"";126;http://decidim-montmelo.diba.cat/processes/pressupostosparticipatius?participatory_process_slug=pressupostosparticipatius;477;Rehabilitación zona río, camino bicis y zona de recreo para familias;Arreglar todo el lateral del rio con un camino para bicicletas, una zona de recreo para familias, un chiringuito con mesas, etc.;rejected;montmelo-PROP-2019-06-1634;<p>Actualment s'esta treballant en aquesta proposta. </p><p>Gràcies per la teva participació.</p><p><br></p>;<p>Actualmente se esta trabajando con esta propuesta. </p><p>Gracias por su participación.</p>;"";13;0;"";0;0;19;2019-06-11 08:06:53 UTC;http://decidim-montmelo.diba.cat/processes/pressupostosparticipatius/f/477/proposals/1634;"";"";false;;;;
1635;;"";"";"";;"";"";"";126;http://decidim-montmelo.diba.cat/processes/pressupostosparticipatius?participatory_process_slug=pressupostosparticipatius;477;Parquing estació;"Hi ha molt cotxes de fora que aparquem a la quintana i ens quedem sense aparcament els veins.

-Fer un parquing negociant amb qui calgui.";rejected;montmelo-PROP-2019-06-1635;<p>La seva proposta no és prou concreta per ser avaluada. </p><p>Gràcies per la seva participació. </p><p><br></p><p><br></p>;<p>Su propuesta no es suficientemente concreta para ser evaluada.</p><p>Gracias por su participación</p>;"";0;0;"";0;0;19;2019-06-11 08:47:41 UTC;http://decidim-montmelo.diba.cat/processes/pressupostosparticipatius/f/477/proposals/1635;"";"";false;;;;
1636;;"";"";"";;"";"";"";126;http://decidim-montmelo.diba.cat/processes/pressupostosparticipatius?participatory_process_slug=pressupostosparticipatius;477;Exhibición de motociclismo;Que las exhibiciones de las personas que participan, sean en la calle principal es un bien para el comercio y bares de esa calle.;rejected;montmelo-PROP-2019-06-1636;"<p>Aquesta proposta s'ha introduït tot i que no compleix el requisit de ser una inversió. </p><p>Gràcies per la seva participació.&nbsp;</p>";<p>Ésta propuesta se ha introducido pese a saber que no cumple el requisito de ser una inversión.</p><p>Gracias por su participación.</p>;"";0;0;"";0;0;19;2019-06-11 10:30:46 UTC;http://decidim-montmelo.diba.cat/processes/pressupostosparticipatius/f/477/proposals/1636;"";"";false;;;;
1637;;"";"";"";;"";"";"";126;http://decidim-montmelo.diba.cat/processes/pressupostosparticipatius?participatory_process_slug=pressupostosparticipatius;477;Alargar periodo de apertura de la piscina;Que se abra la piscina municipal del 1 de junio hasta la segunda semana de septiembre, ya que se hace corta la temporada de baño;rejected;montmelo-PROP-2019-06-1637;"<p>Aquesta proposta s'ha introduït tot i que no compleix el requisit de ser una inversió. </p><p>Gràcies per la seva participació.&nbsp;</p>";<p>Ésta propuesta se ha introducido pese a saber que no cumple el requisito de ser una inversión.</p><p>Gracias por su participación.</p>;"";0;0;"";0;0;19;2019-06-11 10:37:55 UTC;http://decidim-montmelo.diba.cat/processes/pressupostosparticipatius/f/477/proposals/1637;"";"";false;;;;
1641;;"";"";"";;"";"";"";126;http://decidim-montmelo.diba.cat/processes/pressupostosparticipatius?participatory_process_slug=pressupostosparticipatius;477;Motos locas en Montmeló;Echamos de menos las fiestas que se montaban antes en las motos locas, podrian hacerlas igual pero con cabeza y seguridad (sin barreras);rejected;montmelo-PROP-2019-06-1641;<p>Aquesta proposta s'ha introduït tot i que no compleix el requisit de ser una inversió. </p><p>Gràcies per la seva participació. </p><p><br></p>;<p>Ésta propuesta se ha introducido pese a saber que no cumple el requisito de ser una inversión.</p><p>Gracias por su participación.</p>;"";0;0;"";0;0;19;2019-06-11 10:41:32 UTC;http://decidim-montmelo.diba.cat/processes/pressupostosparticipatius/f/477/proposals/1641;"";"";false;;;;
1642;;"";"";"";;"";"";"";126;http://decidim-montmelo.diba.cat/processes/pressupostosparticipatius?participatory_process_slug=pressupostosparticipatius;477;Instalación de papeleras;Que pongan papeleras en el camino que va de la calle vic hasta el viena. No hay donde tirar un papel.;accepted;montmelo-PROP-2019-06-1642;<p>La teva proposta compleix amb els requisits.</p><p>Gràcies per la teva participació.</p><p><br></p>;<p>Su propuesta cumple con los requisitos</p><p>Gracias por su participación.</p>;"";5;0;"";0;0;19;2019-06-11 10:49:38 UTC;http://decidim-montmelo.diba.cat/processes/pressupostosparticipatius/f/477/proposals/1642;"";"";false;;;;
1643;;"";"";"";;"";"";"";126;http://decidim-montmelo.diba.cat/processes/pressupostosparticipatius?participatory_process_slug=pressupostosparticipatius;477;Reducció de contaminació luminica;Canviar les bombetes públiques que es pugui regular la intensitat de manera que en horari per exemple de 12 a 5 baixi força la intensitat;rejected;montmelo-PROP-2019-06-1643;<p>Ja s'està treballant en la teva proposta actualment. </p><p>Gràcies per la teva participació.</p><p><br></p>;<p>Ya se esta trabajando en su propuesta actualmente. </p><p>Gracias por su participación.</p>;"";3;0;"";0;0;19;2019-06-11 10:58:38 UTC;http://decidim-montmelo.diba.cat/processes/pressupostosparticipatius/f/477/proposals/1643;"";"";false;;;;
1646;;"";"";"";;"";"";"";126;http://decidim-montmelo.diba.cat/processes/pressupostosparticipatius?participatory_process_slug=pressupostosparticipatius;477;Que l'ajuntament faci material per reduir residus;"Sha de fer una reducció de residus a nivell municipal i global.

-Donar recipients per reciclar oli, bosses de tela per comprar, boca'n'rolls, ampolles lliures de BPA, canyetes de bambú, plàstic reutilitzable o acer als bars del poble, bosses de paper o tela per les fruteries...";rejected;montmelo-PROP-2019-06-1646;<p>Aquesta proposta no és valida en aquest procediment perquè no és una inversió.</p><p>Gràcies per la teva participació.</p>;<p>Ésta propuesta no es viable en este proceso ya que no es una inversión.</p><p>Gracias por su participación.</p>;"";0;0;"";0;0;19;2019-06-11 11:10:42 UTC;http://decidim-montmelo.diba.cat/processes/pressupostosparticipatius/f/477/proposals/1646;"";"";false;;;;
1648;;"";"";"";;"";"";"";126;http://decidim-montmelo.diba.cat/processes/pressupostosparticipatius?participatory_process_slug=pressupostosparticipatius;477;Adecuar la zona del escorxador;Que finalicen el descampado del escorxador. Cuando llueve se puede jugar al futbol pero tenemos que saltar para ir a casa.;rejected;montmelo-PROP-2019-06-1648;<p>La seva proposta no és prou concreta per ser avaluada. </p><p>Gràcies per la seva participació. </p><p><br></p>;<p>Su propuesta no es suficientemente concreta para ser evaluada.</p><p>Gracias por su participación</p>;"";0;0;"";0;0;19;2019-06-11 11:28:36 UTC;http://decidim-montmelo.diba.cat/processes/pressupostosparticipatius/f/477/proposals/1648;"";"";false;;;;
1649;;"";"";"";;"";"";"";126;http://decidim-montmelo.diba.cat/processes/pressupostosparticipatius?participatory_process_slug=pressupostosparticipatius;477;Creació de noves zones verdes;"Creec que necessitem més zones verdes.

-Habilitar zones verdes a plaçes i avingudes. Massa gris al nostre poble.";rejected;montmelo-PROP-2019-06-1649;<p>Aquesta proposta es correspon amb una de les propostes que ha fet la ciutadania. Un cop finalitzi el període de presentació de propostes, hi podràs donar suport del 8 de juny al 8 de juliol perquè quedi entre les propostes finalistes.</p><p>Gràcies per la teva participació</p>;<p>Su propuesta se corresponde con una de las propuestas oficiales que ya ha hecho la ciudadania. Una vez finalizado el periodo de presentación de propuestas, podrás darle soporte del 8 de Junio al 8 de Julio para que quede entre las propuestas finalistas.</p><p>Gracias por su participación</p>;"";0;0;"";0;0;19;2019-06-11 11:31:14 UTC;http://decidim-montmelo.diba.cat/processes/pressupostosparticipatius/f/477/proposals/1649;"";"";false;;;;
1650;;"";"";"";;"";"";"";126;http://decidim-montmelo.diba.cat/processes/pressupostosparticipatius?participatory_process_slug=pressupostosparticipatius;477;Parking del escorxador;Se debe terminar de urbanizar la zona. El parking se ha quedado a medias, las dunas estan fatal y necesitan vegetacion urgentement. Tambien hay que vigilar el incivismo en este equipamiento.;rejected;montmelo-PROP-2019-06-1650;<p>Actualment s'està treballant en aquesta proposta. </p><p>Gràcies per la teva participació.</p><p><br></p>;<p>Actualmente se esta trabajando en esta propuesta. </p><p>Gracias por su participación.</p>;"";3;0;"";0;0;19;2019-06-11 11:38:46 UTC;http://decidim-montmelo.diba.cat/processes/pressupostosparticipatius/f/477/proposals/1650;"";"";false;;;;
1651;;"";"";"";;"";"";"";126;http://decidim-montmelo.diba.cat/processes/pressupostosparticipatius?participatory_process_slug=pressupostosparticipatius;477;Acabar amb les obres començades al poble;Fi de les obres a l'escorxador i limiat les hores de joc a la pista de futbol.;rejected;montmelo-PROP-2019-06-1651;<p>Aquesta proposta s'ha introduït tot i saber que no és viable en aquest procediment perquè no és una inversió.</p><p>Gràcies per la teva participació.</p>;<p>Ésta propuesta se ha introducido pese a saber que no es viable económicamente en este proceso ya que no es una inversión.</p><p>Gracias por su participación.</p>;"";0;0;"";0;0;19;2019-06-11 11:48:05 UTC;http://decidim-montmelo.diba.cat/processes/pressupostosparticipatius/f/477/proposals/1651;"";"";false;;;;
1652;;"";"";"";;"";"";"";126;http://decidim-montmelo.diba.cat/processes/pressupostosparticipatius?participatory_process_slug=pressupostosparticipatius;477;Instal·lar badens;Instal·lació de badens al carrer onze de setembre de montmelo.;rejected;montmelo-PROP-2019-06-1652;<p>Aquesta proposta es correspon amb una de les propostes que ha fet la ciutadania. Un cop finalitzi el període de presentació de propostes, hi podràs donar suport del 8 de juny al 8 de juliol perquè quedi entre les propostes finalistes.</p><p>Gràcies per la teva participació.</p><p><br></p>;<p>Su propuesta se corresponde con una de las propuestas oficiales que ya ha hecho la ciudadania. Una vez finalizado el periodo de presentación de propuestas, podrás darle soporte del 8 de Junio al 8 de Julio para que quede entre las propuestas finalistas.</p><p>Gracias por su participación</p>;"";0;0;"";0;0;19;2019-06-11 11:51:25 UTC;http://decidim-montmelo.diba.cat/processes/pressupostosparticipatius/f/477/proposals/1652;"";"";false;;;;
1653;;"";"";"";;"";"";"";126;http://decidim-montmelo.diba.cat/processes/pressupostosparticipatius?participatory_process_slug=pressupostosparticipatius;477;Pipi can céntrico;"Hace falta un pipi can que este situado en el centro del pueblo.

-Instal·lar un pipican en algun lugar céntrico en el pueblo.";rejected;montmelo-PROP-2019-06-1653;<p>La seva proposta no és prou concreta per ser avaluada. </p><p>Gràcies per la seva participació. </p>;<p>Su propuesta no es suficientemente concreta para ser evaluada.</p><p>Gracias por su participación</p>;"";1;0;"";0;0;19;2019-06-11 13:12:58 UTC;http://decidim-montmelo.diba.cat/processes/pressupostosparticipatius/f/477/proposals/1653;"";"";false;;;;
1654;;"";"";"";;"";"";"";126;http://decidim-montmelo.diba.cat/processes/pressupostosparticipatius?participatory_process_slug=pressupostosparticipatius;477;Arreglar las glorietas;Es necesario que en el pueblo se arreglen las glorietas ya que no estan en estado óptimo.;rejected;montmelo-PROP-2019-06-1654;<p>Aquesta proposta s'ha fusionat amb una altre de similar. </p><p>Gràcies per la teva participació.</p><p><br></p><p><br></p>;<p>Su propuesta se ha fusionado con otra similar. </p><p>Gracias por su participación.</p>;"";0;0;"";0;0;19;2019-06-11 13:17:21 UTC;http://decidim-montmelo.diba.cat/processes/pressupostosparticipatius/f/477/proposals/1654;"";"";false;;;;
1655;;"";"";"";;"";"";"";126;http://decidim-montmelo.diba.cat/processes/pressupostosparticipatius?participatory_process_slug=pressupostosparticipatius;477;Realizar más eventos;Que se hagan más eventos en la zona de la gasolinera hacia las llaves, como por ejemplo en la parte de la feria (pedregar). Allí no hacen nada;rejected;montmelo-PROP-2019-06-1655;<p>Aquesta proposta s'ha introduit tot i que no compleix el requisit de ser una inversió. </p><p>Gràcies per la seva participació. </p><p><br></p>;<p>Ésta propuesta se ha introducido pese a saber que no cumple el requisito de ser una inversión.</p><p>Gracias por su participación.</p>;"";0;0;"";0;0;19;2019-06-11 15:59:38 UTC;http://decidim-montmelo.diba.cat/processes/pressupostosparticipatius/f/477/proposals/1655;"";"";false;;;;
1656;;"";"";"";;"";"";"";126;http://decidim-montmelo.diba.cat/processes/pressupostosparticipatius?participatory_process_slug=pressupostosparticipatius;477;Gala de curtmetratges;"PROPOSTA RECOLLIDA A LA FIRA DEL COMERÇ
Inscripció de curtmetratges del Valles Oriental i Montmeló. Exhibició de curtmetratges, amb posible entrega de premis al guanyador a la mateixa edició.";rejected;montmelo-PROP-2019-06-1656;<p>La seva proposta no compleix amb els requisits dels pressupostos participatius, ja que un concurs anual no és una inversió.</p><p>Gràcies per la teva participació.</p>;<p>Su propuesta no cumple con los requisitos de los presupuestos participativos, ya que un concurso anual no es una inversión. </p><p>Gracias por su participación. </p><p><br></p>;"";0;0;"";0;0;19;2019-06-11 16:20:59 UTC;http://decidim-montmelo.diba.cat/processes/pressupostosparticipatius/f/477/proposals/1656;"";"";false;;;;
1657;;"";"";"";;"";"";"";126;http://decidim-montmelo.diba.cat/processes/pressupostosparticipatius?participatory_process_slug=pressupostosparticipatius;477;"El ""motor"" assequible a tothom";"PROPOSTA RECOLLIDA A LA FIRA DEL COMERÇ
Que qualsevol persona pugui gaudir de la experiència i la germanor del món del motor.
-Adequar espais pels aficionats al motor durant els esdeveniments del circuit i tot l'any. ""Montmeló  ciutat del motor"".";rejected;montmelo-PROP-2019-06-1657;<p>Aquesta proposta no és valida en aquest procediment perquè no és una inversió.</p><p>Gràcies per la teva participació.</p><p><br></p>;<p>Ésta propuesta no es viable en este proceso ya que no es una inversión.</p><p>Gracias por su participación.</p>;"";0;0;"";0;0;19;2019-06-11 16:23:16 UTC;http://decidim-montmelo.diba.cat/processes/pressupostosparticipatius/f/477/proposals/1657;"";"";false;;;;
1658;;"";"";"";;"";"";"";126;http://decidim-montmelo.diba.cat/processes/pressupostosparticipatius?participatory_process_slug=pressupostosparticipatius;477;Arreglo de calzada franscesc macià;"PROPOSTA RECOLLIDA A LA FIRA DEL COMERÇ
Arreglar asfalto de calles, controlar población de gatos, controlar suciedad de los parques, de botellas rotas y muchas más cosas.";rejected;montmelo-PROP-2019-06-1658;<p>La seva proposta no és prou concreta per ser avaluada. </p><p>Gràcies per la seva participació. </p><p><br></p><p><br></p>;<p>Su propuesta no es suficientemente concreta para ser evaluada.</p><p>Gracias por su participación</p>;"";0;0;"";0;0;19;2019-06-11 16:24:48 UTC;http://decidim-montmelo.diba.cat/processes/pressupostosparticipatius/f/477/proposals/1658;"";"";false;;;;
1659;;"";"";"";;"";"";"";126;http://decidim-montmelo.diba.cat/processes/pressupostosparticipatius?participatory_process_slug=pressupostosparticipatius;477;Radar de tramo en montmeló;"PROPOSTA RECOLLIDA A LA FIRA DEL COMERÇ
Instalar un radar de tramo en la calle vic hasta la avenida pomeu fabra para evitar los excesos de velocidad.";accepted;montmelo-PROP-2019-06-1659;<p>La teva proposta compleix amb els requisits.</p><p>Gràcies per la teva participació.</p>;<p>Su propuesta cumple con los requisitos</p><p>Gracias por su participación.</p>;"";3;0;"";0;0;19;2019-06-11 16:30:04 UTC;http://decidim-montmelo.diba.cat/processes/pressupostosparticipatius/f/477/proposals/1659;"";"";false;;;;
1660;;"";"";"";;"";"";"";126;http://decidim-montmelo.diba.cat/processes/pressupostosparticipatius?participatory_process_slug=pressupostosparticipatius;477;Arreglar la quintana;"PROPOSTA RECOLLIDA A LA FIRA DEL COMERÇ
Hace falta que se arregle la plaza de la quintana ya que esta demasiado desfasada y toca hacer una remodelación.";accepted;montmelo-PROP-2019-06-1660;<p>La teva proposta compleix amb els requisits.</p><p>Gràcies per la teva participació.</p>;<p>Su propuesta cumple con los requisitos</p><p>Gracias por su participación.</p>;"";19;3;Cristian, MARIA PILAR , Mari carmen;1;0;20;2019-06-11 16:31:54 UTC;http://decidim-montmelo.diba.cat/processes/pressupostosparticipatius/f/477/proposals/1660;"";"";false;;;;
1661;;"";"";"";;"";"";"";126;http://decidim-montmelo.diba.cat/processes/pressupostosparticipatius?participatory_process_slug=pressupostosparticipatius;477;Instalación de aparatos de deporte en la llosa;"PROPOSTA RECOLLIDA AL CASAL DELS AVIS
En una zona adecuada, en la llosa,  colocar aparatos para poder hacer algun tipo de deporte y gimnasia para personas de mediana edad.";rejected;montmelo-PROP-2019-06-1661;<p>La seva proposta ja estat proposada per un altre usuari. </p><p>Gracias por su participación.</p>;<p>Su propuesta ya ha estado propuesta por otro usuario. </p><p>Gracias por su participación.</p><p><br></p>;"";5;0;"";1;0;20;2019-06-12 08:48:05 UTC;http://decidim-montmelo.diba.cat/processes/pressupostosparticipatius/f/477/proposals/1661;"";"";false;;;;
1662;;"";"";"";;"";"";"";126;http://decidim-montmelo.diba.cat/processes/pressupostosparticipatius?participatory_process_slug=pressupostosparticipatius;477;Arreglar electricidad;"PROPOSTA RECOLLIDA AL CASAL DELS AVIS
Hay que arreglar la instalación electrica del casals dels avis ya que necesita una reforma des de hace tiempo.";rejected;montmelo-PROP-2019-06-1662;<p>La seva proposta no és prou concreta per ser avaluada. </p><p>Gràcies per la seva participació. </p><p><br></p>;<p>Su propuesta no es suficientemente concreta para ser evaluada.</p><p>Gracias por su participación</p>;"";0;0;"";0;0;19;2019-06-13 06:50:14 UTC;http://decidim-montmelo.diba.cat/processes/pressupostosparticipatius/f/477/proposals/1662;"";"";false;;;;
1663;;"";"";"";;"";"";"";126;http://decidim-montmelo.diba.cat/processes/pressupostosparticipatius?participatory_process_slug=pressupostosparticipatius;477;Cambiar ventanas del casal de la gent gran;"PROPOSTA RECOLLIDA AL CASAL DE LA GENT GRAN
Las ventanas requieren ser cambiadas ya que ni se abren ni se cierran.

-Instalación de nuevas ventanas para poder abrirlas y cerrar, es decir, que no sean fijas.";rejected;montmelo-PROP-2019-06-1663;<p>Aquesta proposta es correspon amb una de les propostes que ha fet la ciutadania. Hi pot donar suport del 8 de juny al 8 de juliol perquè quedi entre les propostes finalistes.</p><p>Gràcies per la teva participació</p><p><br></p>;<p>Su propuesta se corresponde con una de las propuestas hechas por la ciudadania. Puede darle soporte del 8 de Junio al 8 de Julio para que quede entre las propuestas finalistas.</p><p>Gracias por su participación</p>;"";0;0;"";0;0;19;2019-06-13 07:05:36 UTC;http://decidim-montmelo.diba.cat/processes/pressupostosparticipatius/f/477/proposals/1663;"";"";false;;;;
1664;;"";"";"";;"";"";"";126;http://decidim-montmelo.diba.cat/processes/pressupostosparticipatius?participatory_process_slug=pressupostosparticipatius;477;Bajar techos del casal de la gent gran;"PROPOSTA RECOLLIDA AL CASAL DE LA GENT GRAN
El casal podria aprovecharse más y bajar el techo para hacer más salas y que lo pueda disfrutar más personas del pueblo.";rejected;montmelo-PROP-2019-06-1664;<p>La seva proposta no és viable a nivell tècnic d'acord amb la normativa vigent. </p><p>Gràcies per la seva participació. </p><p><br></p>;<p>Su propuesta no es viable a nivel técnico de acuerdo con la normativa vigente.</p><p>Gracias por su participación</p>;"";0;0;"";0;0;19;2019-06-13 07:08:45 UTC;http://decidim-montmelo.diba.cat/processes/pressupostosparticipatius/f/477/proposals/1664;"";"";false;;;;
10308;782;Ciutats i comunitats sostenibles;"";;;"";"";"";439;http://decidim-montmelo.diba.cat/processes/pressupostos-participatius-2021?participatory_process_slug=pressupostos-participatius-2021;1871;Peatonalització de la resta de la coberta de la via del tren;<p><strong>Propuesta de inversión</strong>:</p><p>Salut pública </p><p><strong>Justificación de la propuesta</strong>:  comunicar peatonalment espais de montmeló</p><p><strong>Descripción de la propuesta </strong>(explicación detallada de la propuesta):</p><p><em>Describe tu propuesta</em></p><p><em>Fer</em> un passeig a la resta de la via del tren ja coberta, amb jardineres, bancs amb ombra i un carril bici i que comuniqui directament amb el parc de Sant Crist per l'extrem sud i amb una zona nova de calistènia a l'extrem nord</p><p><strong>Destinatarios de la propuesta</strong>:</p><p><em>Ciutadans i ciutadanes de Montmeló Define los destinatarios de tu propuesta</em></p>;"";montmelo-PROP-2021-04-10308;"";"";"";0;0;"";0;0;11;2021-04-18 16:29:38 UTC;http://decidim-montmelo.diba.cat/processes/pressupostos-participatius-2021/f/1871/proposals/10308;"";"";false;;;;
10306;;"";"";"";;"";"";"";439;http://decidim-montmelo.diba.cat/processes/pressupostos-participatius-2021?participatory_process_slug=pressupostos-participatius-2021;1871;;;"";montmelo-PROP-2021-04-10306;"";"";"";0;0;"";0;0;12;2021-04-18 06:43:10 UTC;http://decidim-montmelo.diba.cat/processes/pressupostos-participatius-2021/f/1871/proposals/10306;"";"";false;;;Biblioteca Nueva;"<p><em style=""font-size: inherit; -webkit-text-size-adjust: 100%;"">Nueva biblioteca que nunca se hace . </em></p><p><br></p><p><strong>Justificación de la propuesta</strong>:</p><p>la biblioteca es muy limitada en su espacio. y hay mucho espacio en ella muy mal utilizado . Mas que una biblioteca parece un almacen. </p><p><strong>Descripción de la propuesta </strong>(explicación detallada de la propuesta)</p><p>por una biblioteca con salas de estudio, salas infantiles, y una buena estructuracion de servicios, ampliacion horarios, adaptados a las necesidades de los ciudadanos. </p><p>Propuesta de inversión:</p><p><em>Escribe tu propuesta</em></p><p><strong>Destinatarios de la propuesta</strong>:</p><p><em>Ajuntament de Montmelo y ciudadania Define los destinatarios de tu propuesta</em></p>"
10029;783;Consum responsable;"";;;"";"";"";439;http://decidim-montmelo.diba.cat/processes/pressupostos-participatius-2021?participatory_process_slug=pressupostos-participatius-2021;1871;Posar fanals amb il·luminació respectuosa amb el medi ambient viu.;"<p><strong>Proposta d'inversió:</strong></p><p><em>Cost dels fanals i bombetes ecològiques i amb regulador de flux﻿</em></p><p><strong>Justificació de la proposta:</strong></p><p><em>Hi ha fanals al poble que provoquen contaminació lumínica i que de nit molesten la gent des de dins les habitacions (ex. Av del Mil•lenari)</em></p><p><strong>Descripció de la proposta </strong>(explicació detallada de la proposta):</p><p>Es tracta de posar fanals que no llancen llum amb un angle més gran de 0º, és a dir, que no emeten llum per dalt de la línia de l'horitzó.&nbsp;També es recomana la instal·lació de reguladors del flux lumínic que baixen la il·luminació quan hi ha poc de trànsit de persones i vehicles.</p><p><strong>Destinataris de la proposta:</strong></p><p><em>Tothom se'n beneficiarà, a través de la millora de l'estalvi tant econòmic com ecològic de la il·luminació del poble</em></p>";"";montmelo-PROP-2021-04-10029;"";"";"";0;0;"";0;0;12;2021-04-12 17:18:59 UTC;http://decidim-montmelo.diba.cat/processes/pressupostos-participatius-2021/f/1871/proposals/10029;"";"";false;;;;
10037;782;Ciutats i comunitats sostenibles;"";;;"";"";"";439;http://decidim-montmelo.diba.cat/processes/pressupostos-participatius-2021?participatory_process_slug=pressupostos-participatius-2021;1871;Un poble net es possible;<p><strong>Proposta d'inversió:</strong></p><p>Tancar les parereres.</p><p><strong>Justificació de la proposta:</strong></p><p>Quan hi ha vent vola el que hi ha dins de les papereres.</p><p><strong>Descripció de la proposta </strong>(explicació detallada de la proposta):</p><p>Tal com tenen en altres municipis, per evitar que voli i caigui el contingut de les papereres al riu, boscos i carrers, tenen pareperes que no giren i tancades per la part de dalt. Així eviten embrutar mes la terra ja que es evitable. No pot ser que el que algú llença a la paperera acabi al terra.</p><p><strong>Destinataris de la proposta:</strong></p><p><strong>Tothom</strong></p>;"";montmelo-PROP-2021-04-10037;"";"";"";0;0;"";0;0;11;2021-04-05 18:32:04 UTC;http://decidim-montmelo.diba.cat/processes/pressupostos-participatius-2021/f/1871/proposals/10037;"";"";false;;;;
9951;780;Innovació i infraestructures;"";;;"";"";"";439;http://decidim-montmelo.diba.cat/processes/pressupostos-participatius-2021?participatory_process_slug=pressupostos-participatius-2021;1871;Adecuació de l'antic edifici de l'excorxador ;<p><strong>Proposta d'inversió:</strong></p><p><strong>fauna terrestre</strong></p><p><strong>Justificació de la proposta:</strong></p><p><em>habilitació de l'edifici de l'excorxador</em></p><p><strong>Descripció de la proposta </strong>(explicació detallada de la proposta):</p><p><em>reformar l'antic excorxador per convertir-lo en un refugi de gossos.</em></p><p><em>A l'igual que fa anys es va reformar La Torreta amb l'ajud del taller de joves,, tambè ara es prodría rehabilitar l'edifici de l'excorxador per fer un refugi de gossos,  un cop acabada la reforma donaria feina al menys a un veterinari/a i a un cuidador/a.</em></p><p><em>I per descomtat jo m'apuntaría com a primera voluntària del refugi de Montmeló.</em></p><p><strong>Destinataris de la proposta:</strong></p><p><em>tots els amants dels animals, en especials dels gossos.</em></p>;"";montmelo-PROP-2021-03-9951;"";"";"";0;0;"";1;0;13;2021-03-28 17:24:25 UTC;http://decidim-montmelo.diba.cat/processes/pressupostos-participatius-2021/f/1871/proposals/9951;"";"";false;;;;
9938;775;Educació de qualitat;"";;;"";"";"";439;http://decidim-montmelo.diba.cat/processes/pressupostos-participatius-2021?participatory_process_slug=pressupostos-participatius-2021;1871;Educació de qualitat;<p><strong>Proposta d'inversió:</strong></p><p><em>Escriu aqui la teva proposta d'</em></p><p><em>4 - educació de qualitat</em></p><p><strong>Justificació de la proposta:</strong></p><p>amb educació de qualitat es poden arreglar moltes coses</p><p><strong>Descripció de la proposta </strong>(explicació detallada de la proposta):</p><p><em>Descriu la teva proposta</em></p><p><strong>Destinataris de la proposta:</strong></p><p>per tothom</p>;"";montmelo-PROP-2021-03-9938;"";"";"";0;0;"";1;0;12;2021-03-27 10:24:26 UTC;http://decidim-montmelo.diba.cat/processes/pressupostos-participatius-2021/f/1871/proposals/9938;"";"";false;;;;
