id;category/id;category/name/ca;category/name/es;category/name/en;scope/id;scope/name/ca;scope/name/es;scope/name/en;participatory_space/id;participatory_space/url;component/id;title/ca;body/ca;state;reference;answer/ca;answer/es;answer/en;supports;endorsements/total_count;endorsements/user_endorsements;comments;attachments;followers;published_at;url;meeting_urls;related_proposals;is_amend;original_proposal/title;original_proposal/url
272;;"";"";"";;"";"";"";18;http://decidim-latorre.diba.cat/processes/pressupostosparticipatius2018?participatory_process_slug=pressupostosparticipatius2018;78;CANVI DEL TERRA DEL GIMNÀS DEL CEIP LA TORRE;L'escola de la Torre actualment té el terra del gimnàs en molt mal estat. Gran part de les activitats esportives dels alumnes es realitzen en aquest recinte i per tant es creu convenient invertir diners en la millora d'aquest espai.;"";torreclaramunt-PROP-2018-09-272;"";"";"";31;0;"";0;0;29;2018-09-28 08:33:13 UTC;http://decidim-latorre.diba.cat/processes/pressupostosparticipatius2018/f/78/proposals/272;"";"";false;;
271;;"";"";"";;"";"";"";18;http://decidim-latorre.diba.cat/processes/pressupostosparticipatius2018?participatory_process_slug=pressupostosparticipatius2018;78;PISTA DE VOLEI SORRA PERMANENT;Es demana poder instal·lar una pista de volei sorra permanent al recinte Torresport o al Ceip la Torre per tal que tothom que vulgui pugui practicar aquest esport.;"";torreclaramunt-PROP-2018-09-271;"";"";"";53;0;"";0;0;31;2018-09-28 08:32:54 UTC;http://decidim-latorre.diba.cat/processes/pressupostosparticipatius2018/f/78/proposals/271;"";"";false;;
270;;"";"";"";;"";"";"";18;http://decidim-latorre.diba.cat/processes/pressupostosparticipatius2018?participatory_process_slug=pressupostosparticipatius2018;78;ACTUALITZACIÓ I MILLORA DE LA SENYALITZACIÓ MUNICIPAL;Per tal de donar una millor informació dels espais i serveis municipals i elements d'interès de la Torre de Claramunt es proposa actualitzar i millorar la senyalització per donar millor servei als veïns i als visitants del municipi. També es demana millorar la senyalització dels polígon industrial. ;"";torreclaramunt-PROP-2018-09-270;"";"";"";12;0;"";0;0;28;2018-09-28 08:32:30 UTC;http://decidim-latorre.diba.cat/processes/pressupostosparticipatius2018/f/78/proposals/270;"";"";false;;
268;;"";"";"";;"";"";"";18;http://decidim-latorre.diba.cat/processes/pressupostosparticipatius2018?participatory_process_slug=pressupostosparticipatius2018;78;MILLORES EN EL MOBILIARI I ESPAIS DE JOC DEL PARC DE LA COMA;Es demana condicionar i millorar el Parc de la Coma del nucli de la Torre amb la renovació del mobiliari i la incorporació de més espais de jocs, com pot ser taules de ping-pong exterior o altres elements de joc.;"";torreclaramunt-PROP-2018-09-268;"";"";"";37;0;"";0;0;29;2018-09-28 08:31:43 UTC;http://decidim-latorre.diba.cat/processes/pressupostosparticipatius2018/f/78/proposals/268;"";"";false;;
267;;"";"";"";;"";"";"";18;http://decidim-latorre.diba.cat/processes/pressupostosparticipatius2018?participatory_process_slug=pressupostosparticipatius2018;78;SALA D'ESTUDIS AL CENTRE SOCIAL DE LA TORRE;Es demana adaptar una de les sales de la planta baixa del Centre Social Sant Joan Baptista de la Torre per a crear una sala d'estudis per tal que els estudiants puguin tenir un espai adequat per a poder estudiar i fer els deures. Caldria preveure el mobiliari adequat, instal·lació punts de llum per a dispositius mòbils i millores en la il·luminació de la sala.;"";torreclaramunt-PROP-2018-09-267;"";"";"";63;0;"";0;0;30;2018-09-28 08:31:26 UTC;http://decidim-latorre.diba.cat/processes/pressupostosparticipatius2018/f/78/proposals/267;"";"";false;;
266;;"";"";"";;"";"";"";18;http://decidim-latorre.diba.cat/processes/pressupostosparticipatius2018?participatory_process_slug=pressupostosparticipatius2018;78;ESPAI D'OMBRA A LA ZONA DE JOCS INFANTILS DEL PARC DE PINEDES;Crear un espai d'ombra amb una estructura de bigues a la zona de jocs infantils del Parc de Pinedes, zona piscina, per tal que les famílies puguin trobar un espai agradable on passar la tarda. També es proposa que l'estructura pugui incloure plaques solar que donin més llum al conjunt del parc i d'una forma més econòmica i eficient.;"";torreclaramunt-PROP-2018-09-266;"";"";"";92;0;"";0;0;31;2018-09-28 08:31:04 UTC;http://decidim-latorre.diba.cat/processes/pressupostosparticipatius2018/f/78/proposals/266;"";"";false;;
265;;"";"";"";;"";"";"";18;http://decidim-latorre.diba.cat/processes/pressupostosparticipatius2018?participatory_process_slug=pressupostosparticipatius2018;78;INSTAL·LACIÓ DE JARDINERES DECORATIVES ALS DIFERENTS NUCLIS DEL MUNICIPI;Es proposa instal·lar un seguit de jardineres de ferro decoratives per tal d'embellir el municipi en els seus punts més estratègics per tal d'unificar i donar una imatge o marca unitària de municipi indicant els diversos nuclis que el formen.;"";torreclaramunt-PROP-2018-09-265;"";"";"";10;0;"";0;0;28;2018-09-28 08:30:36 UTC;http://decidim-latorre.diba.cat/processes/pressupostosparticipatius2018/f/78/proposals/265;"";"";false;;
264;;"";"";"";;"";"";"";18;http://decidim-latorre.diba.cat/processes/pressupostosparticipatius2018?participatory_process_slug=pressupostosparticipatius2018;78;ESPAI D'OMBRA AL PARC DEL MIL·LENNI A LA ZONA DE JOCS INFANTILS;Crear un espai d'ombra amb una estructura de bigues a la zona de jocs infantils del Parc del Mil·lenni per tal que les famílies puguin trobar un espai agradable on passar la tarda. També es proposa que l'estructura pugui incloure plaques solar que donin més llum al conjunt del parc i d'una forma més econòmica i eficient.;"";torreclaramunt-PROP-2018-09-264;"";"";"";34;0;"";0;0;28;2018-09-28 08:30:17 UTC;http://decidim-latorre.diba.cat/processes/pressupostosparticipatius2018/f/78/proposals/264;"";"";false;;
263;;"";"";"";;"";"";"";18;http://decidim-latorre.diba.cat/processes/pressupostosparticipatius2018?participatory_process_slug=pressupostosparticipatius2018;78;INSTAL·LACIÓ DE FANALS AL CAMÍ DEL XARÓ AL CAMP DE FUTBOL;El camí o pista que va des del Xaró al Camp de futbol de la Torre és un espai molt transitat pels veïns, i sobretot pels infants. Per això es proposa poder instal·lar un seguit de punts de llum amb sensors de moviment al llarg del camí per tal que quedi il·luminat a les tardes i nits al pas de la gent. ;"";torreclaramunt-PROP-2018-09-263;"";"";"";68;0;"";0;0;30;2018-09-28 08:29:38 UTC;http://decidim-latorre.diba.cat/processes/pressupostosparticipatius2018/f/78/proposals/263;"";"";false;;
262;;"";"";"";;"";"";"";18;http://decidim-latorre.diba.cat/processes/pressupostosparticipatius2018?participatory_process_slug=pressupostosparticipatius2018;78;INSTAL·LACIÓ D'UNA ROTONDA A LA PLAÇA DE L'UNIVERS DE PINEDES;Per tal de canalitzar el trànsit i reduir la velocitat dels vehicles es considera oportú proposar la instal·lació d'una rotonda a la Plaça de l'Univers de Pinedes de l'Armengol. Una rotonda de dimensions adaptades a l'espai però que ajudi a gestionar millor el trànsit en aquest eix central del barri.;"";torreclaramunt-PROP-2018-09-262;"";"";"";63;0;"";0;0;29;2018-09-28 08:28:58 UTC;http://decidim-latorre.diba.cat/processes/pressupostosparticipatius2018/f/78/proposals/262;"";"";false;;
269;;"";"";"";;"";"";"";18;http://decidim-latorre.diba.cat/processes/pressupostosparticipatius2018?participatory_process_slug=pressupostosparticipatius2018;78;ZONA DE SORTIDORS D'AIGUA A LA ZONA INFANTIL DE LA PISCINA ;La piscina de la Torre és un recinte molt utilitzat per famílies on la piscina infantil ha quedat petita. Es proposa poder instal·lar una zona de sortidors, bolets i elements d'aigua per tal que els més petits puguin jugar i refrescar-se d'una forma més segura.;"";torreclaramunt-PROP-2018-09-269;"";"";"";19;0;"";0;0;30;2018-09-28 08:32:03 UTC;http://decidim-latorre.diba.cat/processes/pressupostosparticipatius2018/f/78/proposals/269;"";"";false;;
3447;418;Nova inversió;"";;;"";"";"";222;http://decidim-latorre.diba.cat/processes/pressupostosparticipatius2019-2020?participatory_process_slug=pressupostosparticipatius2019-2020;1045;Área de Autocaravanas;"Se trataría de un parquing  para autocaravanas y campers ,al exterior con basuras,servicios de agua,desagües y toma de electricidad, gratuita o ,con un precio simbólico de (5euros por 24 horas).o por consumo de los servicios.
Creo que por la zona de la deixalleria sería  buena opción.
Es un sector que cada vez está  más en auge,
Daría beneficios al pueblo, turismo, consumo en supermercados,panaderías, bares y demás...
Creo que sería una buena opción.

En España ya son muchos ayuntamientos que lo han implantado con éxito.
, sin nombrar a Europa que nos llevan años de ventaja.

Pongo  enlace de una área recientemente abierta en Cardona como ejemplo

https://www.campercontact.com/es/espana/cataluna-08-17-25-43/cardona/61357/camp-de-futbol-de-cardona

Gracias";rejected;torreclaramunt-PROP-2020-01-3447;<p>Amb la present li comunico que per part de la Comissió de seguiment, reunida en data 24 de febrer de 2020 , ha acordat l’aprovació del llistat d’admeses i excloses on consta la seva proposta com a EXCLOSA per motiu que s’hi esmenta:</p><p><br></p><p>-	Presentada fora de termini.</p>;"";"";0;0;"";0;1;7;2020-01-30 14:16:45 UTC;http://decidim-latorre.diba.cat/processes/pressupostosparticipatius2019-2020/f/1045/proposals/3447;"";"";false;;
3416;418;Nova inversió;"";;;"";"";"";222;http://decidim-latorre.diba.cat/processes/pressupostosparticipatius2019-2020?participatory_process_slug=pressupostosparticipatius2019-2020;1045;Digitalización Torrescasana ;Digitalización del centro escolar Torrescasana;rejected;torreclaramunt-PROP-2020-01-3416;<p>Fora de termini</p>;"";"";0;0;"";0;1;10;2020-01-27 23:37:33 UTC;http://decidim-latorre.diba.cat/processes/pressupostosparticipatius2019-2020/f/1045/proposals/3416;"";"";false;;
3415;418;Nova inversió;"";;;"";"";"";222;http://decidim-latorre.diba.cat/processes/pressupostosparticipatius2019-2020?participatory_process_slug=pressupostosparticipatius2019-2020;1045;Local jove a laTorre;Un local on es puguin reunir el joves i realitzar activitats, xerrades...;rejected;torreclaramunt-PROP-2020-01-3415;<p>Fora de termini</p>;"";"";0;0;"";0;0;7;2020-01-27 23:06:52 UTC;http://decidim-latorre.diba.cat/processes/pressupostosparticipatius2019-2020/f/1045/proposals/3415;"";"";false;;
3414;418;Nova inversió;"";;;"";"";"";222;http://decidim-latorre.diba.cat/processes/pressupostosparticipatius2019-2020?participatory_process_slug=pressupostosparticipatius2019-2020;1045;Pista voley Sorra;"Fer una pista de voley sorra al poble per  poder practicar aquest esport.
Amb gestió pública sense cedirla a cap empresa ni club.";rejected;torreclaramunt-PROP-2020-01-3414;<p>Fora de termini</p>;"";"";0;0;"";0;0;7;2020-01-27 22:48:35 UTC;http://decidim-latorre.diba.cat/processes/pressupostosparticipatius2019-2020/f/1045/proposals/3414;"";"";false;;
3413;419;Reforma o restauració;"";;;"";"";"";222;http://decidim-latorre.diba.cat/processes/pressupostosparticipatius2019-2020?participatory_process_slug=pressupostosparticipatius2019-2020;1045;Arranjament del jaciment de les Sitges Ibèriques;"El jaciment de les sitges ibèriques situades al Camaró es troba en situació de deteriorament progressiu. La proposta és recuperar el bon estat del jaciment , fer- lo accessible als ciutadants , fent actuacions pertinents al bosc on es troben i permetre la seva interpretació, amb la instal.lació dels plafons informatius en format gràfic i textual( imatges d'un poblat ibèric i de les sitges ) que doni a conèixer totes les dades necessàries per ubicar- lo en el temps, conèixer el context històric, la seva singularitat, i els seus usos. També explicar amb un altre plafó les roderes que identifiquen l'atic camí medieval que comunicava Igualada amb Vilafranca. 

Es necessari crear centres d' interpretació del patrimoni cultural i històric del municipi. Cal igualment fer- lo entenedor i atractiu als visitants i als ciutadans de La torre, molts dels quals desconeixen que es tracta d' un jamiment únic pel què fa al material on estan excavades le sitges.

Es beneficiarien principalment  els ciutadans i ciutadanes, els alumnes de primària i secundària , atès que la cultura ibèrica forma part del curriculum educatiu que com a vestigis materials del passat són testimoni de les formes de vida dels seus antepassats.";accepted;torreclaramunt-PROP-2020-01-3413;"";"";"";22;0;"";1;1;7;2020-01-27 18:19:23 UTC;http://decidim-latorre.diba.cat/processes/pressupostosparticipatius2019-2020/f/1045/proposals/3413;"";"";false;;
3412;419;Reforma o restauració;"";;;"";"";"";222;http://decidim-latorre.diba.cat/processes/pressupostosparticipatius2019-2020?participatory_process_slug=pressupostosparticipatius2019-2020;1045;Sala de lectura al centre social;"Espai còmode on llegir , estudiar , fer treballs/projectes individuals i/o en grup. Ambientar les parets amb elements decoratius , cambiar la il.luminació, caldria calefacció. Establir normes d'ús , una reglamentació, i si fpos possible, assignar una persona que vetllés per l'espaii l'acompliment de la normativa.Horari  de 18 a 20:30.
Seria un espai que supliria la biblioteca. Habilitat perquè es poguessin trobar per fer treballs , llegir, estudiar. Dotar- lo de catàleg bàsic de llibres de ficció, com revistes d'actualitat. 
Especialment adreçada als joves de 10/11 anys .
Beneficiaria tambés les famílies que disposarna d' un espai d'estudi, i lectura, i sobretot els joves lectors i estudiants. 
La sala estaria ubicada a la sala oberta dels baixos del centre social Sant joan Baptista, tancant totalment o parcialment la part central de l'espai i fer- hi un doble sostre de pladur.";accepted;torreclaramunt-PROP-2020-01-3412;"";"";"";19;0;"";0;1;7;2020-01-27 18:14:51 UTC;http://decidim-latorre.diba.cat/processes/pressupostosparticipatius2019-2020/f/1045/proposals/3412;"";"";false;;
3411;411;Mobiliari  públic;"";;;"";"";"";222;http://decidim-latorre.diba.cat/processes/pressupostosparticipatius2019-2020?participatory_process_slug=pressupostosparticipatius2019-2020;1045;Zona de pic-nic i barbacoes municipals;"Espai dins del poble per taules, ombres i barbacoes d' ús públic per gaudir de passar un dia amb amics i família.
El motiu és perquè quan ho volem fer hem d'anar a altres municipis.";accepted;torreclaramunt-PROP-2020-01-3411;"";"";"";21;0;"";4;1;9;2020-01-27 18:10:49 UTC;http://decidim-latorre.diba.cat/processes/pressupostosparticipatius2019-2020/f/1045/proposals/3411;"";"";false;;
3410;419;Reforma o restauració;"";;;"";"";"";222;http://decidim-latorre.diba.cat/processes/pressupostosparticipatius2019-2020?participatory_process_slug=pressupostosparticipatius2019-2020;1045;Remodelació zona bar centre social de la Torre i mobiliari;"Tirar paret lavabo homes i fer compartit el labavo de minusvàlids . Donaria amplitud a la zona bar . Posar la barra del bar d' una altra manera . Taules rodones ense cantons pels nens i pels jugadors de domino.
L'espai s' ha fet petit i el mobiliari és antic.
Se'n beneficiarien tots els veïns del municipi";rejected;torreclaramunt-PROP-2020-01-3410;<p>Amb la present li comunico que per part de la Comissió de seguiment, reunida en data 27 d'abril de 2020, s'ha acordat l’aprovació del llistat de propostes de projectes admesos i exclosos, on consta aquesta proposta com a EXCLOSA per motiu que s’hi esmenta:</p><ul><li>La proposta supera el límit pressupostari marcat en el procés.</li></ul><p><br></p>;"";"";0;0;"";0;1;6;2020-01-27 18:09:22 UTC;http://decidim-latorre.diba.cat/processes/pressupostosparticipatius2019-2020/f/1045/proposals/3410;"";"";false;;
3409;421;Compra de material municipal;"";;;"";"";"";222;http://decidim-latorre.diba.cat/processes/pressupostosparticipatius2019-2020?participatory_process_slug=pressupostosparticipatius2019-2020;1045;Transformació del pati/parc en un espai educatiu;"Transformació del pati de l'escola/parc  en un espai educatiu de joc i moviment que afavoreixi les relacions de convivència i estimuli la creativitat i el joc lliure, col.locant estructures multijoc i circuits d'equilibri.
Potenciar les possibilitats educatives, pedagògiques i de lleure.
Adequar el pati a le necessitats de joc, experiementació, manipulació, observació.Aconseguir crear un ambient apte per continuar els aprenentatges.
Es beneficiaríen tots els infants del municipi tant en temps escolar com durant el temps lliure
La ubicació seria la parc del Mil.leni";accepted;torreclaramunt-PROP-2020-01-3409;"";"";"";62;0;"";5;2;11;2020-01-27 18:07:33 UTC;http://decidim-latorre.diba.cat/processes/pressupostosparticipatius2019-2020/f/1045/proposals/3409;"";"";false;;
3404;419;Reforma o restauració;"";;;"";"";"";222;http://decidim-latorre.diba.cat/processes/pressupostosparticipatius2019-2020?participatory_process_slug=pressupostosparticipatius2019-2020;1045;Crear espacio para mayores o bien para niños;"Ahora este espacio está en la cafetería c.s. San Juan Bautista y a partir de las 5 de la tarde todos revueltos. Guardería y mayores. 
Sería necesario un espacio para personas mayores con mesas redondas y sillas rígidas de madera para apoyo espalda.";accepted;torreclaramunt-PROP-2020-01-3404;"";"";"";12;0;"";0;1;8;2020-01-27 13:46:52 UTC;http://decidim-latorre.diba.cat/processes/pressupostosparticipatius2019-2020/f/1045/proposals/3404;"";"";false;;
3402;421;Compra de material municipal;"";;;"";"";"";222;http://decidim-latorre.diba.cat/processes/pressupostosparticipatius2019-2020?participatory_process_slug=pressupostosparticipatius2019-2020;1045;Pequeño gimnasio (máquinas) en el polideportivo;"Poner algunas máquinas en el poli y así la juventud, y no tan juventud podríamos ir al gim.
Porque es super bueno fomentar el deporte y a la juventud le interesa mucho ponerse fibrados.
Es interesante para los jóvenens y no tan jóvenes.";rejected;torreclaramunt-PROP-2020-01-3402;<p>Amb la present li comunico que per part de la Comissió de seguiment, reunida en data 27 d'abril de 2020, s'ha acordat l’aprovació del llistat de propostes de projectes admesos i exclosos, on consta aquesta proposta com a EXCLOSA per motiu que s’hi esmenta:</p><ul><li>La proposta requereix d'un servei de monitoratge per a la normativa de l'ús de màquines i material esportiu que no es pot incloure com a projecte d'inversió.</li></ul><p><br></p>;"";"";0;0;"";1;1;6;2020-01-27 13:32:51 UTC;http://decidim-latorre.diba.cat/processes/pressupostosparticipatius2019-2020/f/1045/proposals/3402;"";"";false;;
3401;419;Reforma o restauració;"";;;"";"";"";222;http://decidim-latorre.diba.cat/processes/pressupostosparticipatius2019-2020?participatory_process_slug=pressupostosparticipatius2019-2020;1045;"Conexió i neteja accessible dels camins ""Ruta verda""";"Millora dels camins que passen d'una Urbanització a l'altre - Ca l'Anton-Pla de La Torre- Camaró com una via verda que comuniqui la zona accessible , circular i senyalitzada.
Motiu : Perquè molta gent fan caminates per aquestes zones i esport.";accepted;torreclaramunt-PROP-2020-01-3401;"";"";"";48;0;"";2;1;11;2020-01-27 13:03:52 UTC;http://decidim-latorre.diba.cat/processes/pressupostosparticipatius2019-2020/f/1045/proposals/3401;"";"";false;;
3397;419;Reforma o restauració;"";;;"";"";"";222;http://decidim-latorre.diba.cat/processes/pressupostosparticipatius2019-2020?participatory_process_slug=pressupostosparticipatius2019-2020;1045;Gimnasio Escola Torrescasana;"Cambiar las puertas del gimnasio por unas mas hermeticas, así como instalar unos zócalos o topes en las bases de las puertas para que no entre agua cada vez que llueve.
Actualmente, cada vez que llueve se inunda el gimnasio, el agua entra por las rendijas de las puertas y por la base, ya que no hay nada que impida que el agua entre.
Cada vez que llueve, hay que poner cartones debajo de las puertas, por dentro del gimnasio, para evitar, en medida de lo posible, que entre agua.";accepted;torreclaramunt-PROP-2020-01-3397;"";"";"";43;0;"";0;0;12;2020-01-24 14:09:49 UTC;http://decidim-latorre.diba.cat/processes/pressupostosparticipatius2019-2020/f/1045/proposals/3397;"";"";false;;
3317;420;Altres inversions;"";;;"";"";"";222;http://decidim-latorre.diba.cat/processes/pressupostosparticipatius2019-2020?participatory_process_slug=pressupostosparticipatius2019-2020;1045;Digitalització a l'Escola Torrescasana;"Les noves tecnologies, a més de ser un vehicle d’accés a la informació, que s’ha d’aprendre a utilitzar de forma adequada, ens permeten acostar el món real a l’aula i, fins i tot, poder interactuar-hi; també ens ofereixen la possibilitat de compartir el que sabem i el que hem après o bé de col·laborar amb altres per aprendre plegats.

Creiem que la digitalització de les aules, com a eina de suport en la construcció de coneixement, poden ajudar el nostre alumnat en el seu procés d’aprenentatge a l’escola.";accepted;torreclaramunt-PROP-2020-01-3317;"";"";"";52;0;"";4;1;17;2020-01-09 12:14:09 UTC;http://decidim-latorre.diba.cat/processes/pressupostosparticipatius2019-2020/f/1045/proposals/3317;"";"";false;;
3403;421;Compra de material municipal;"";;;"";"";"";222;http://decidim-latorre.diba.cat/processes/pressupostosparticipatius2019-2020?participatory_process_slug=pressupostosparticipatius2019-2020;1045;Local para la juventud;"Un local donde la juventud pueda quedar y pasar unos buenoa momentos , poner un billar , futbolin, dardos.
Así los jóvenes no estan por las calles.";accepted;torreclaramunt-PROP-2020-01-3403;"";"";"";37;0;"";4;1;12;2020-01-27 13:34:35 UTC;http://decidim-latorre.diba.cat/processes/pressupostosparticipatius2019-2020/f/1045/proposals/3403;"";"";false;;
