id;category/id;category/name;scope/id;scope/name/ca;scope/name/es;participatory_space/id;participatory_space/url;component/id;title/ca;title/es;description/ca;description/es;start_time;end_time;attendees;contributions;organizations;address;location/ca;location/es;reference;comments;attachments;followers;url;related_proposals;related_results
1;;;5;Marianao;Marianao;10;http://participa.santboi.cat/processes/plgeneralitat?participatory_process_slug=plgeneralitat;21;Trobada inicial;Encuentro inicial;<p>Vine el 9 de juny, de 11 a 14 hores a la plaça per conèixer com participar.</p><p>I com que seran les festes del barri tenim una sorpresa preparada!</p>;<p>Ven el 9 de junio, de 11 a 14 horas a la plaza para conocer como participar.</p><p>¿Y como serán las fiestas del barrio, tenemos una sorpresa preparada!</p>;2018-06-09 11:00:00;2018-06-09 14:00:00;0;0;;Plaça Generalitat. Sant Boi Llobregat;Al  quiosc de la plaça;En el quiosco de la plaza;SB-MEET-2018-06-1;0;4;9;http://participa.santboi.cat/processes/plgeneralitat/f/21/meetings/1;"";""
6;;;5;Marianao;Marianao;10;http://participa.santboi.cat/processes/plgeneralitat?participatory_process_slug=plgeneralitat;21;Trobada per a infants 2;Encuentro para niños y niñas 2;<p>També volem que els nois i noies ens diguin com els agradaria que fos la seva plaça.</p><p>Adreçat a infants de 5 a 12 anys</p>;<p>También queremos que los niños y niñas nos digan com les gustaría que fuera su plaza.</p><p>Dirigido a niños y niñas de 5 a 12 años</p>;2018-07-03 17:00:00;2018-07-03 19:00:00;0;0;;Plaça Generalitat. Sant Boi Llobregat;Al  quiosc de la plaça;En el quiosco de la plaza;SB-MEET-2018-06-6;0;2;9;http://participa.santboi.cat/processes/plgeneralitat/f/21/meetings/6;"";""
4;;;5;Marianao;Marianao;10;http://participa.santboi.cat/processes/plgeneralitat?participatory_process_slug=plgeneralitat;21;Trobada veïnal 3;Encuentro vecinal 3;<p>Per pensar i imaginar com ens agradaria la plaça Generalitat</p><p>Adreçat a persones majors de 18 anys</p>;<p>Para pensar y imaginar cómo nos gustaría la plaza Generalitat</p><p>Dirigido a personas mayores de 18 años</p>;2018-06-28 11:00:00;2018-06-28 13:30:00;0;0;;Plaça Generalitat. Sant Boi Llobregat;Al  quiosc de la plaça;En el quiosco de la plaza;SB-MEET-2018-06-4;0;2;9;http://participa.santboi.cat/processes/plgeneralitat/f/21/meetings/4;"";""
3;;;5;Marianao;Marianao;10;http://participa.santboi.cat/processes/plgeneralitat?participatory_process_slug=plgeneralitat;21;Trobada veïnal 2;Encuentro vecinal 2;<p>Per pensar i imaginar com ens agradaria la plaça Generalitat</p><p>Adreçat a persones majors de 18 anys</p>;<p>Para pensar y imaginar cómo nos gustaría la plaza Generalitat</p><p>Dirigido a personas mayores de 18 años</p>;2018-06-26 17:00:00;2018-06-26 19:00:00;0;0;;Plaça Generalitat. Sant Boi Llobregat;Al  quiosc de la plaça;En el quiosco de la plaza;SB-MEET-2018-06-3;0;2;9;http://participa.santboi.cat/processes/plgeneralitat/f/21/meetings/3;"";""
7;;;5;Marianao;Marianao;10;http://participa.santboi.cat/processes/plgeneralitat?participatory_process_slug=plgeneralitat;21;Trobada per a joves;Encuentro para jóvenes;<p>També volem que els joves ens diguin com els agradaria que fos la seva plaça</p><p>Adreçat a joves de 13 a 18 anys</p>;<p>También queremos que los jóvenes expliquen como les gustaría que fuera su plaza</p><p>Dirigido a jóvenes entre 13 y 18 años</p>;2018-06-28 18:00:00;2018-06-28 20:00:00;0;0;;Plaça Generalitat. Sant Boi Llobregat;Al  quiosc de la plaça;En el quiosco de la plaza;SB-MEET-2018-06-7;0;1;9;http://participa.santboi.cat/processes/plgeneralitat/f/21/meetings/7;"";""
2;;;5;Marianao;Marianao;10;http://participa.santboi.cat/processes/plgeneralitat?participatory_process_slug=plgeneralitat;21;Trobada veïnal 1;Encuentro vecinal 1;<p>Per pensar i imaginar com ens agradaria la plaça Generalitat</p><p>Adreçat a persones majors de 18 anys</p>;<p>Para pensar y imaginar cómo nos gustaría la plaza Generalitat</p><p>Dirigido a personas mayores de 18 años</p>;2018-06-16 11:00:00;2018-06-16 13:30:00;0;0;;Plaça Generalitat. Sant Boi Llobregat;Al  quiosc de la plaça;En el quiosco de la plaza;SB-MEET-2018-06-2;0;2;9;http://participa.santboi.cat/processes/plgeneralitat/f/21/meetings/2;"";""
5;;;5;Marianao;Marianao;10;http://participa.santboi.cat/processes/plgeneralitat?participatory_process_slug=plgeneralitat;21;Trobada per a infants 1;Encuentro para niños y niñas 1;<p>També volem que els nois i noies ens diguin com els agradaria que fos la seva plaça.</p><p>Adreçat a infants de 5 a 12 anys</p>;<p>También queremos que los niños y niñas nos digan com les gustaría que fuera su plaza.</p><p>Dirigido a niños y niñas de 5 a 12 años</p>;2018-06-19 17:00:00;2018-06-19 19:00:00;0;0;;Plaça Generalitat. Sant Boi Llobregat;Al  quiosc de la plaça;En el quiosco de la plaza;SB-MEET-2018-06-5;0;1;9;http://participa.santboi.cat/processes/plgeneralitat/f/21/meetings/5;"";""
32;;;5;Marianao;Marianao;10;http://participa.santboi.cat/processes/plgeneralitat?participatory_process_slug=plgeneralitat;21;Exposició de les propostes al Casal ;"";<p>Durant aquesta setmana podrem veure al casal de Marianao les propostes que s'han treballat en els diferents tallers i els materials del procés participatiu per redissenyar la plaça de la Generalitat. </p>;"";2018-11-19 09:00:00;2018-11-25 21:00:00;0;0;;Carrer Miquel, 2. Sant Boi de Llobregat;Al Casal de Marianao;"";SB-MEET-2018-11-32;0;0;9;http://participa.santboi.cat/processes/plgeneralitat/f/21/meetings/32;"";""
20;;;5;Marianao;Marianao;10;http://participa.santboi.cat/processes/plgeneralitat?participatory_process_slug=plgeneralitat;21;CONSTRUÏM PROPOSTES!!;"";"<p>Després dels tallers del passat estiu amb criatures, persones joves i adultes per a pensar, imaginar i dibuixar quina plaça volem; proposem una trobada per a treballar en el disseny de diferents propostes de remodelació de la plaça el <strong>24 de novembre entre 12 i 14 hores. </strong></p>";"";2018-11-24 12:00:00;2018-11-24 14:00:00;0;0;;Plaça de la Generalitat. Sant Boi de Llobregat;Al Kiosk de la plaça;"";SB-MEET-2018-10-20;0;0;9;http://participa.santboi.cat/processes/plgeneralitat/f/21/meetings/20;"";""
11;;;8;Camps Blancs-Casablanca;Camps Blancs-Casablanca;14;http://participa.santboi.cat/processes/CanGavarrot?participatory_process_slug=CanGavarrot;31;Trobada amb propietaris del sector;"";<p>Trobada amb els propietaris de les parcel·les afectades per la modificació del planejament</p>;"";2018-07-04 18:00:00;2018-07-04 20:00:00;0;0;;Plaça de l'Ajuntament, 1 08830 Sant Boi Llobregat;Ajuntament de Sant Boi;"";SB-MEET-2018-07-11;0;0;6;http://participa.santboi.cat/processes/CanGavarrot/f/31/meetings/11;"";""
12;;;8;Camps Blancs-Casablanca;Camps Blancs-Casablanca;14;http://participa.santboi.cat/processes/CanGavarrot?participatory_process_slug=CanGavarrot;31;Trobada  General;"";<p>Trobada per debatre la proposta de planejament amb els veïns i veïnes del sector, i les entitats dels barris de Camps Blancs i Casablanca i les entitats del Consell de Medi Ambient.</p>;"";2018-07-10 18:00:00;2018-07-10 20:30:00;0;0;;Málaga, 15 08830 Sant Boi Llobregat;La Gralla - Plaça dels Gegants, 1;"";SB-MEET-2018-07-12;0;0;6;http://participa.santboi.cat/processes/CanGavarrot/f/31/meetings/12;"";""
62;71;;5;Marianao;Marianao;5;http://participa.santboi.cat/assemblies/consellMarianao?assembly_slug=consellMarianao;75;Sessió desembre 2019;"";<p>Ordre del dia</p><p>1. 2a Sessió adaptació del funcionament del consell al nou Reglament de Participació Ciutadana</p><p>2. Torn obert de paraula</p><p><br></p>;"";2019-12-03 18:30:00;2019-12-03 20:30:00;0;0;;C/Miquel, 2  Sant Boi de Llobregat;Casal de Barri Marianao;"";SB-MEET-2019-11-62;0;0;11;http://participa.santboi.cat/assemblies/consellMarianao/f/75/meetings/62;"";""
57;71;;5;Marianao;Marianao;5;http://participa.santboi.cat/assemblies/consellMarianao?assembly_slug=consellMarianao;75;Sessió novembre 2019;"";<p>Ordre del dia</p><p>1. Adaptació del funcionament del consell al nou Reglament de Participació Ciutadana</p><p>2. Torn obert de paraula</p><p><br></p>;"";2019-11-19 19:00:00;2019-11-19 21:00:00;0;0;;C/Miquel, 2  Sant Boi de Llobregat;Casal de Barri Marianao;"";SB-MEET-2019-11-57;2;0;10;http://participa.santboi.cat/assemblies/consellMarianao/f/75/meetings/57;"";""
35;;;5;Marianao;Marianao;23;http://participa.santboi.cat/processes/joanmarti?participatory_process_slug=joanmarti;92;Reunió amb veïns i veïnes;"";<p>Reunió de presentació i debat de propostes</p>;"";2018-12-11 19:00:00;2018-12-11 21:00:00;0;0;;Plaça Montserrat Roig, 1 08830 Sant Boi Llobregat;L'Olivera;"";SB-MEET-2018-12-35;3;0;8;http://participa.santboi.cat/processes/joanmarti/f/92/meetings/35;"";""
36;;;5;Marianao;Marianao;24;http://participa.santboi.cat/processes/balmes?participatory_process_slug=balmes;94;Sessió de presentació 1;"";<p>Sessió oberta a tot el veïnat per presentar les diferents alternatives de disseny del carrer i aclarir els dubtes que puguin sorgir.</p>;"";2018-12-18 14:00:00;2018-12-18 15:30:00;0;0;;Carrer Mallorca, 30;Can Massallera;"";SB-MEET-2018-12-36;0;0;1;http://participa.santboi.cat/processes/balmes/f/94/meetings/36;"";""
37;;;5;Marianao;Marianao;24;http://participa.santboi.cat/processes/balmes?participatory_process_slug=balmes;94;Sessió de presentació 2;"";<p>Sessió oberta a tot el veïnat per presentar les diferents alternatives de disseny del carrer i aclarir els dubtes que puguin sorgir.</p>;"";2018-12-18 18:30:00;2018-12-18 20:00:00;0;0;;Carrer Mallorca, 30;Can Massallera;"";SB-MEET-2018-12-37;0;0;1;http://participa.santboi.cat/processes/balmes/f/94/meetings/37;"";""
56;64;;6;Ciutat Cooperativa-Molí Nou;Ciudad Cooperativa-Molí Nou;15;http://participa.santboi.cat/assemblies/consellCooperativaMoliNou?assembly_slug=consellCooperativaMoliNou;112;Sessió novembre 2019;"";"<p>Ordre del dia</p><p>1.- Presentació projecte Reciclos </p><p>2.- Inici i afectacions obres DUSI: Fase D (escales 48-66 i Pau Casals 67-70) i ampliació de vorera del carrer de Mahatma Ghandi) </p><p>3.- Calendari comunitari del trimestre </p><p>4.- CoopeCultius: espai de jardinerIa comunitària </p><p>5.- Altres&nbsp;&nbsp;</p>";"";2019-11-14 18:00:00;2019-11-14 20:00:00;0;0;;C/ Pau Casals, 7 (Sant Boi de Llobregat);Casal de Barri Ciutat Cooperativa - Molí Nou;"";SB-MEET-2019-11-56;2;1;4;http://participa.santboi.cat/assemblies/consellCooperativaMoliNou/f/112/meetings/56;"";""
52;65;;8;Camps Blancs-Casablanca;Camps Blancs-Casablanca;16;http://participa.santboi.cat/assemblies/consellCampsBlancsCasablanca?assembly_slug=consellCampsBlancsCasablanca;114;Sessió per construir el nou Consell;"";"<p>Després de l'aprovació del nou Reglament de Participació, tots els consells hauran d'adaptar-ne el funcionament. </p><p>Les persones que formen part i assisteixen als consells crearan de forma participada les seves pròpies normes.&nbsp;&nbsp;</p><p>El dia 11 de novembre comencem pel consell del Districte Sud (barris Camps Blancs i Casablanca). Es realitzarà la 1a sessió de treball. Entre tots i totes podrem construir un nou consell més útil, més flexible i amb més impacte.&nbsp;</p>";"";2019-11-11 18:30:00;2019-11-11 20:30:00;0;0;;Pl. dels Gegants, 1 (Sant Boi de Llobregat);La Gralla;"";SB-MEET-2019-11-52;0;0;2;http://participa.santboi.cat/assemblies/consellCampsBlancsCasablanca/f/114/meetings/52;"";""
61;65;;8;Camps Blancs-Casablanca;Camps Blancs-Casablanca;16;http://participa.santboi.cat/assemblies/consellCampsBlancsCasablanca?assembly_slug=consellCampsBlancsCasablanca;114;IIa Sessió per construir el nou Consell;"";<p>Segona sessió de l'espai de debat del nou model de Consell de Districte, regulat al nou Reglament de Participació Ciutadana.</p>;"";2019-12-02 18:30:00;2019-12-02 20:30:00;0;0;;Pl. dels Gegants, 1 (Sant Boi de Llobregat);La Gralla;"";SB-MEET-2019-11-61;0;0;2;http://participa.santboi.cat/assemblies/consellCampsBlancsCasablanca/f/114/meetings/61;"";""
93;79;;7;Centre-Vinyets;Centre-Vinyets;17;http://participa.santboi.cat/assemblies/consellCentreVinyetsMoliVell?assembly_slug=consellCentreVinyetsMoliVell;116;Sessió octubre 2020 - Telemàtica;;<p><strong>ORDRE DEL DIA</strong></p><p>1. Benvinguda i presentació del regidor i del tècnic de districte</p><p>2. El Departament de Participació ens explicarà en què consistirà el procés de definició de les normes de funcionament del Consell</p><p>3. Recollida de propostes pel barri</p><p>4. Precs i preguntes</p>;;2020-10-14 16:30:00;2020-10-14 18:00:00;0;0;;Carrer Mallorca, 30;Can Massallera - Seu del Consell ;;SB-MEET-2020-09-93;0;0;14;http://participa.santboi.cat/assemblies/consellCentreVinyetsMoliVell/f/116/meetings/93;"";""
97;66;;7;Centre-Vinyets;Centre-Vinyets;17;http://participa.santboi.cat/assemblies/consellCentreVinyetsMoliVell?assembly_slug=consellCentreVinyetsMoliVell;116;Sessió 4 novembre 2020 - Telemàtica;;"<p><strong>ORDRE DEL DIA</strong></p><p>1. Benvinguda i aprovació acta sessió anterior</p><p>2. Presentació Reactivem Sant Boi</p><p>3. Creació normes de funcionament del consell </p><p>4. Precs i preguntes</p><p>Podeu participar en la reunió clicant en aquest <a href=""https://us02web.zoom.us/j/87635152862"" target=""_blank""><strong>enllaç al Zoom</strong></a></p><p><br></p>";;2020-11-04 17:30:00;2020-11-04 19:00:00;0;0;;Carrer Mallorca, 30;Can Massallera - Seu del Consell ;;SB-MEET-2020-10-97;0;1;8;http://participa.santboi.cat/assemblies/consellCentreVinyetsMoliVell/f/116/meetings/97;"";""
84;68;;13;Cooperació, Solidaritat i Pau;Cooperació, Solidaritat i Pau;6;http://participa.santboi.cat/assemblies/consellcooperacio?assembly_slug=consellcooperacio;118;Sessió gener 2020;"";"<p>Ordre del dia</p><p>1.	Aprovació de l’acta la reunió del Consell de dia 29 d’octubre de 2019. </p><p>2.	Pressupost Municipal de Cooperació 2020.&nbsp;</p><p>3.	Informacions sobre la convocatòria de subvencions 2020-2021 i trasllat de la data de la reunió extraordinària de presentació dels projectes.</p><p>4.	Presentació de l’informe d’avaluació del projecte de cooperació ""Dotació i posada en funcionament d'una horta d'1ha per a dones, a Guinea Djilakounda, comunitat rural de Djibidione, zona de Fogny Nord, Departament de Bignona, regió de Casamance, sud del Senegal"" de la Fundació Kassumay.</p><p>5.	Torn obert de paraules.</p>";"";2020-01-29 18:30:00;2020-01-29 20:30:00;0;0;;Pl. Ajuntament, 1 (Sant Boi de Llobregat);Ajuntament;"";SB-MEET-2020-01-84;0;1;7;http://participa.santboi.cat/assemblies/consellcooperacio/f/118/meetings/84;"";""
53;69;;13;Cooperació, Solidaritat i Pau;Cooperació, Solidaritat i Pau;6;http://participa.santboi.cat/assemblies/consellcooperacio?assembly_slug=consellcooperacio;118;Sessió setembre 2019;"";<p>Ordre del dia</p><p>1.- Aprovació de les Normes de Funcionament del Consell Municipal de Cooperació, Solidaritat i Pau</p><p>2.- Informació sobre el Dia Internacional de la Pau i el Barrejant'19</p><p>3.- Informacions Diverses</p>;"";2019-09-17 18:00:00;2019-09-17 20:00:00;0;0;;Pl. Ajuntament, 1 (Sant Boi de Llobregat);Ajuntament;"";SB-MEET-2019-11-53;0;1;7;http://participa.santboi.cat/assemblies/consellcooperacio/f/118/meetings/53;"";""
54;69;;13;Cooperació, Solidaritat i Pau;Cooperació, Solidaritat i Pau;6;http://participa.santboi.cat/assemblies/consellcooperacio?assembly_slug=consellcooperacio;118;Sessió juliol 2019;Sessió juliol 2019;<p>Ordre del dia</p><p>1.- Aprovació de l’acta de la reunió ordinària del Consell del dia 11 de juny de 2019.</p><p>2.- Valoració del Dia Mundial de les Persones Refugiades 2019.</p><p>3.- Proposta de Normes de Funcionament del Consell Municipal de Cooperació, Solidaritat i Pau.</p><p>4.- Procediment de renovació dels i de les representants de les entitats al Consell Municipal de Cooperació, Solidaritat i Pau.</p><p>5.- Vicepresidència/Grup Motor del Consell Municipal de Cooperació, Solidaritat i Pau.</p><p>6.- Properes activitats.</p><p>7.- Torn obert de paraules.</p><p><br></p>;"";2019-07-23 18:30:00;2019-07-23 20:30:00;0;0;;Pl. Ajuntament, 1 (Sant Boi de Llobregat);Ajuntament;"";SB-MEET-2019-11-54;0;1;7;http://participa.santboi.cat/assemblies/consellcooperacio/f/118/meetings/54;"";""
55;68;;13;Cooperació, Solidaritat i Pau;Cooperació, Solidaritat i Pau;6;http://participa.santboi.cat/assemblies/consellcooperacio?assembly_slug=consellcooperacio;118;Sessió octubre 2019;"";<p>Ordre del dia</p><p>1.- Valoració Barrejant</p><p>2.- Aprovació de les actes de les reunions del consell dels dies 23 de juliol i 17 de setembre (extraordinàries)</p><p>3.- Valoració activitats Dia Inernacional de la Pau 2019</p><p>4.- Elecció de la vicepresidència/Grup Motor del Consell Municipal de Cooperació, Solidaritat i Pau</p><p>5.- Torn obert de paraules</p>;"";2019-10-29 18:00:00;2019-10-29 20:00:00;0;0;;Pl. Ajuntament, 1 (Sant Boi de Llobregat);Ajuntament;"";SB-MEET-2019-11-55;0;2;7;http://participa.santboi.cat/assemblies/consellcooperacio/f/118/meetings/55;"";""
90;68;;13;Cooperació, Solidaritat i Pau;Cooperació, Solidaritat i Pau;6;http://participa.santboi.cat/assemblies/consellcooperacio?assembly_slug=consellcooperacio;118;Sessió juny 2020 (telemàtica);"";"<p>Ordre del dia</p><p>1. Aprovació de l’acta de la reunió del Consell del dia 29 de gener de 2020.&nbsp;</p><p>2. Informació sobre les activitats i projectes desenvolupats a l’àmbit de cooperació des de l’anterior reunió del Consell: Sant Jordi Solidari; Festa del Comerç Just; convocatòria subvencions 2020/21; nou Pla Municipal d’Educació per a la Solidaritat i nova web <a href=""https://barrejant.cat/"" target=""_blank"">www.barrejant.cat.</a></p><p>3. Situació de les entitats de cooperació i de les persones que en formen part i presentació de l’“Informe sobre la situació de les zones i els projectes de la cooperació santboiana arrel de la situació de la crisi de la COVID19”.</p><p>4. Manifest de la Confederación de Fondos de Cooperación y Solidaridad (CONFOCOS) “Cooperació contra el coronavirus"".&nbsp;</p><p>5. Informació sobre les pròximes activitats:</p><p>-Dia Mundial de les Persones Refugiades</p><p>-Dia Internacional de la Pau</p><p>6. “Barrejant’20. Trobada de la Solidaritat de Sant Boi de Llobregat”: debat i propostes sobre les característiques de l’edició d’aquest any 2020.</p><p>7. Torn obert de paraules.</p>";"";2020-06-09 18:00:00;2020-06-09 20:00:00;0;0;;Sant Boi de Llobregat;Sant Boi de Llobregat;"";SB-MEET-2020-06-90;1;5;10;http://participa.santboi.cat/assemblies/consellcooperacio/f/118/meetings/90;"";""
91;68;;13;Cooperació, Solidaritat i Pau;Cooperació, Solidaritat i Pau;6;http://participa.santboi.cat/assemblies/consellcooperacio?assembly_slug=consellcooperacio;118;Sessió setembre 2020 (telemàtica);;"<p>Ordre del dia</p><p>1. Aprovació de&nbsp;<a href=""https://participa.santboi.cat/uploads/decidim/attachment/file/281/M223_2020_Acta_CMCSP_9_de_juny.pdf"" target=""_blank""><u>l’acta</u>&nbsp;</a>de la reunió del Consell del dia 9 de juny de 2020</p><p>2. Dia Internacional de la Pau 2020</p><p>3. “Barrejant’20. Trobada de la Solidaritat de Sant Boi de Llobregat</p><p>4. Torn obert de paraules.</p>";;2020-09-17 16:00:00;2020-09-17 17:30:00;0;0;;Sant Boi de Llobregat;Sant Boi de Llobregat;;SB-MEET-2020-09-91;0;1;8;http://participa.santboi.cat/assemblies/consellcooperacio/f/118/meetings/91;"";""
98;68;;13;Cooperació, Solidaritat i Pau;Cooperació, Solidaritat i Pau;6;http://participa.santboi.cat/assemblies/consellcooperacio?assembly_slug=consellcooperacio;118;Sessió novembre  2020 (telemàtica);;"<p>L'ordre del dia serà el següent:</p><ol><li>&nbsp;Presentació nous membres del Consell: VOLS, PSC i Dunia Kato</li><li>Aprovació de l’acta de la reunió del Consell del 17 de setembre de 2020</li><li>&nbsp;Valoració Dia Internacional de la Pau 2020</li><li>&nbsp;Valoració Barrejant’20 </li><li>&nbsp;Pla Municipal d’Educació i Formació per a la Solidaritat 2020-2026</li><li>&nbsp;Torn Obert de Paraules&nbsp;</li></ol>";;2020-11-10 17:00:00;2020-11-10 19:30:00;0;0;;Sant Boi de Llobregat;Sant Boi de Llobregat;;SB-MEET-2020-11-98;0;2;8;http://participa.santboi.cat/assemblies/consellcooperacio/f/118/meetings/98;"";""
60;67;;10;Medi Ambient, Sostenibilitat i Territori;Medio Ambiente, Sostenibilidad y Territorio;18;http://participa.santboi.cat/assemblies/consellMediAmbient?assembly_slug=consellMediAmbient;121;II Sessió novembre 2019;"";<p>Reunió ordinària del Consell de Medi Ambient, Sostenibilitat i Territori.</p><p>Ordre del dia:</p><p>1. Aprovació de l'acta de la sessió anterior</p><p>2. Adaptació del funcionament del Consell al nou Reglament de Participació Ciutadana</p><p>3. Mitigació i adaptació al canvi climàtic</p><p>4. Precs i preguntes</p>;"";2019-11-27 18:30:00;2019-11-27 20:30:00;0;0;;C/ del Pont, 7 (Sant Boi de Llobregat);Museu de Sant Boi;"";SB-MEET-2019-11-60;0;1;5;http://participa.santboi.cat/assemblies/consellMediAmbient/f/121/meetings/60;"";""
64;67;;10;Medi Ambient, Sostenibilitat i Territori;Medio Ambiente, Sostenibilidad y Territorio;18;http://participa.santboi.cat/assemblies/consellMediAmbient?assembly_slug=consellMediAmbient;121;Sessió desembre 2019;"";<p>Reunió ordinària del Consell de Medi Ambient, Sostenibilitat i Territori.</p><p>Ordre del dia:</p><p>1. Aprovació de l'acta de la sessió anterior</p><p>2. Presentació del Pla Director del Verd Urbà i del Pla d'arbrat i poda de Sant Boi per part de la Diputació de Barcelona</p><p>3. Posada en comú i tancament de normes de funcionament del Consell Municipal de Medi Ambient, Sostenibilitat i Territori</p><p>4. Precs i preguntes</p>;"";2019-12-23 18:00:00;2019-12-23 20:00:00;0;0;;C/ Mallorca, 30 Sant Boi de Llobregat;Can Massallera;"";SB-MEET-2019-12-64;0;1;5;http://participa.santboi.cat/assemblies/consellMediAmbient/f/121/meetings/64;"";""
49;67;;10;Medi Ambient, Sostenibilitat i Territori;Medio Ambiente, Sostenibilidad y Territorio;18;http://participa.santboi.cat/assemblies/consellMediAmbient?assembly_slug=consellMediAmbient;121;Sessió novembre 2019;Sessió novembre 2019;"<p>Reunió ordinària del Consell de Medi Ambient, Sostenibilitat i Territori.</p><p>Ordre del dia:</p><p>1. Aprovació de l'acta de la sessió anterior</p><p>2. Adaptació del funcionament del Consell al nou Reglament de Participació Ciutadana</p><p>3. Pla Director del Verd Urbà</p><p>4. Priorització de temes a tractar en posteriors Consells&nbsp;</p><p>5. Comissió de treball per al foment de la Prevenció i la Recollida Selectiva dels Residus</p><p>6. Precs i preguntes</p>";"<p>Reunió ordinària del Consell de Medi Ambient, Sostenibilitat i Territori.</p><p>Ordre del dia:</p><p>1. Aprovació de l'acta de la sessió anterior</p><p>2. Adaptació del funcionament del Consell al nou Reglament de Participació Ciutadana</p><p>3. Pla Director del Verd Urbà</p><p>4. Priorització de temes a tractar en posteriors Consells&nbsp;</p><p>5. Comissió de treball per al foment de la Prevenció i la Recollida Selectiva dels Residus</p><p>6. Precs i preguntes</p>";2019-11-06 18:30:00;2019-11-06 20:30:00;0;0;;Pl. dels Gegants, 1 (Sant Boi de Llobregat);La Gralla;"";SB-MEET-2019-10-49;0;2;5;http://participa.santboi.cat/assemblies/consellMediAmbient/f/121/meetings/49;"";""
85;67;;10;Medi Ambient, Sostenibilitat i Territori;Medio Ambiente, Sostenibilidad y Territorio;18;http://participa.santboi.cat/assemblies/consellMediAmbient?assembly_slug=consellMediAmbient;121;Sessió febrer 2020;Sessió febrer 2020;"<p>Reunió ordinària del Consell de Medi Ambient, Sostenibilitat i Territori.</p><p>Ordre del dia:</p><p>1. Aprovació de l'acta de la sessió anterior (adjunt Acta 23.12.19) </p><p>2. Pla d'Accions Muntanyes del Baix (amb la presència del Sr. Marc Riera, per part de l'Oficina Tècnica del Consell Comarcal) &nbsp;&nbsp;&nbsp; </p><p>3. Aprovació de la Normativa de funcionament del Consell&nbsp;&nbsp; </p><p>4. Elecció de la vicepresidència&nbsp; </p><p>5. Precs i preguntes</p>";"<p>Reunió ordinària del Consell de Medi Ambient, Sostenibilitat i Territori.</p><p>Ordre del dia:</p><p>1. Aprovació de l'acta de la sessió anterior (adjunt Acta 23.12.19) </p><p>2. Pla d'Accions Muntanyes del Baix (amb la presència del Sr. Marc Riera, per part de l'Oficina Tècnica del Consell Comarcal) &nbsp;&nbsp;&nbsp; </p><p>3. Aprovació de la Normativa de funcionament del Consell   </p><p>4. Elecció de la vicepresidència  </p><p>5. Precs i preguntes</p>";2020-02-05 18:30:00;2020-02-05 20:30:00;0;0;;Pl. dels Gegants, 1 (Sant Boi de Llobregat);Casal La Gralla;Casal La Gralla;SB-MEET-2020-01-85;0;4;5;http://participa.santboi.cat/assemblies/consellMediAmbient/f/121/meetings/85;"";""
92;67;;10;Medi Ambient, Sostenibilitat i Territori;Medio Ambiente, Sostenibilidad y Territorio;18;http://participa.santboi.cat/assemblies/consellMediAmbient?assembly_slug=consellMediAmbient;121;Sessió setembre 2020 (telemàtica);;"<p>Reunió ordinària del Consell de Medi Ambient, Sostenibilitat i Territori.</p><p>https://meet.google.com/hiw-bmqz-cez</p><p>Ordre del dia:</p><p>1. Benvinguda i aprovació de l'acta anterior</p><p>2. Informació i posta en marxa de les Comissions del Consell a través de ""Participassió""</p><p>3. Presentació i recollida d'aportacions dels següents projectes:</p><p>&nbsp;&nbsp;&nbsp;&nbsp;2.1. Pàgina web de medi ambient</p><p>&nbsp;&nbsp;&nbsp;&nbsp;2.2. Campanya de recollida de residus</p><p>&nbsp;&nbsp;&nbsp;&nbsp;2.3. Tot i totes som natura</p><p>&nbsp;&nbsp;&nbsp;&nbsp;2.4. Vies saludables</p><p>4. Torn obert de paraules</p>";;2020-09-29 16:30:00;2020-09-29 18:30:00;0;0;;Telemàtica;https://meet.google.com/hiw-bmqz-cez;;SB-MEET-2020-09-92;0;0;5;http://participa.santboi.cat/assemblies/consellMediAmbient/f/121/meetings/92;"";""
63;;;13;Cooperació, Solidaritat i Pau;Cooperació, Solidaritat i Pau;19;http://participa.santboi.cat/assemblies/TaulaAcollida?assembly_slug=TaulaAcollida;128;Sessió desembre 2019;"";<p>Durant el primer semestre d'aquest any vam encarregar a Gemma Pinyol, de la consultora Instrategies, l'avaluació del Pla Municipal d'Acollida a Persones Refugiades, amb la voluntat d'analitzar el compliment del Pla i d'identificar espais de millora per a establir l'estratègia de futur.</p><p><strong>La sessió s'estructurarà en dues parts: </strong></p><ol><li><strong>Presentació de resultats</strong></li><li><strong>Reflexió conjunta sobre les línies de treball i estratègies de cara l'elaboració d'un possible nou pla</strong></li></ol>;"";2019-12-09 18:00:00;2019-12-09 20:00:00;0;0;;Pl. Ajuntament, 1 (Sant Boi de LLobregat);Ajuntament de Sant Boi;"";SB-MEET-2019-12-63;0;2;8;http://participa.santboi.cat/assemblies/TaulaAcollida/f/128/meetings/63;"";""
86;;;;;;1;http://participa.santboi.cat/conferences/plagovern?conference_slug=plagovern;173;Sessió de Treball;"";"<p>Trobada oberta a tota la ciutadania per compartir els reptes i objectius del Pla de Govern i fer, des de Sant Boi, un món millor.</p><p>La trobada serà un punt de partida perquè tothom que vulgui compartir els seus coneixements, la seva inspiració o les seves aficions pugui contactar amb altres persones amb inquietuds similars i fer coses juntes per incidir positivament en la vida del seu barri, la ciutat o el planeta. </p><p>Durant aquesta jornada es donaran a conèixer experiències innovadores que estan funcionant amb èxit a diferents llocs per canalitzar de manera senzilla i útil aquestes aportacions ciutadanes. </p><p>Confirmació assistència: <a href=""mailto:participacio@santboi.cat"" target=""_blank"">participacio@santboi.cat</a></p>";"";2020-02-13 18:00:00;2020-02-13 20:30:00;0;0;;Carretera de la Santa Creu de Calafell, 33 (Sant Boi de Llobregat);Centre de Serveis;"";SB-MEET-2020-01-86;0;0;20;http://participa.santboi.cat/conferences/plagovern/f/173/meetings/86;"";""
