id;category/id;category/name/ca;category/name/es;scope/id;scope/name/ca;scope/name/es;parent/id;title/ca;title/es;description/ca;description/es;start_date;end_date;status/id;status/key;status/name/ca;status/name/es;progress;created_at;url;component/id;proposal_urls
10;34;Ciutat;"";2;Ciutat;Ciudad;;Ombra als parcs infantils;"";<p><strong><em>Plantació d'arbres per proporcionar espais d'ombra als parcs infantils.</em> </strong></p><p>La plantació es realitzarà al mes de febrer per tal que sigui en l'època correcta.</p>;"";2019-07-01;2019-12-31;5;FINALITZAT;Finalitzat;Finalizado;100.0;2019-07-11 08:05:39 UTC;http://participa.santboi.cat/processes/pressupost2019/f/106/results/10;106;""
7;27;Projecte Social;Proyecto Social;2;Ciutat;Ciudad;;Impulsar la inserció laboral de joves i majors de 45 anys;;<p><strong><em>Projecte informatiu i d'acompanyament per a persones joves i majors de 45 anys en la recerca de feina. La metodologia seria en grups de 10 persones durant 3 mesos. Es durà a terme al barri Ciutat Cooperativa - Molí Nou. </em></strong></p>;;2019-07-01;2019-12-31;5;FINALITZAT;Finalitzat;Finalizado;100.0;2019-07-11 07:52:12 UTC;http://participa.santboi.cat/processes/pressupost2019/f/106/results/7;106;""
15;34;Ciutat;"";2;Ciutat;Ciudad;;Zona wifi i pantalles digitals als eixos comercials dels diferents barris i places;"";<p><strong><em>Instal·lació de zones wifi als diferents eixos comercials de la ciutat i pantalles digitals per donar visibilitat als comerços i mantenir la ciutadania informada d’esdeveniments, activitats i campanyes.</em></strong></p><p>L'execució d'aquest projecte resta pendent de la gestió d'espais publicitaris de la ciutat que estaran relacionats amb la instal·lació de les pantalles digitals. Aquesta execució es realitzarà durant el 2020.</p>;"";2019-06-01;2019-12-31;7;PREPARACIO;En preparació;En preparación;50.0;2019-07-15 06:59:05 UTC;http://participa.santboi.cat/processes/pressupost2019/f/106/results/15;106;""
11;34;Ciutat;"";2;Ciutat;Ciudad;;Equipar les escoles amb material esportiu i recreatiu;"";<p><strong><em>Dotar a les escoles públiques de primària de material com jocs, disfresses, instruments, pilotes...</em></strong></p>;"";2019-05-01;2019-12-31;4;EXECUCIÓ;En execució;En ejecución;70.0;2019-07-11 08:10:10 UTC;http://participa.santboi.cat/processes/pressupost2019/f/106/results/11;106;""
12;34;Ciutat;"";2;Ciutat;Ciudad;;Instal·lació de bancs de pedra al passeig del riu;;"<p><strong><em>Instal·lar alguns bancs de pedra, perquè estiguin integrats a l'entorn, al passeig del riu i facilitar que la gent gran que fa ús d'aquest espai pugui parar a descansar.</em></strong></p><p><img style=""-webkit-user-select: none;margin: auto;"" src=""https://seuelectronica.santboi.cat/fotos/participa/bancriu01.jpg""></p><p><img style=""-webkit-user-select: none;margin: auto;"" src=""https://seuelectronica.santboi.cat/fotos/participa/bancriu02.jpg""></p><p><br></p><p><br></p><p><br></p><p><br></p><p><br></p>";;2019-06-01;2019-12-31;5;FINALITZAT;Finalitzat;Finalizado;100.0;2019-07-11 08:20:39 UTC;http://participa.santboi.cat/processes/pressupost2019/f/106/results/12;106;""
13;34;Ciutat;"";2;Ciutat;Ciudad;;Millora zona de lleure a l'entrada del riu pel camí del sorral;;"<p><strong><em>Renovació dels jocs i mobiliari de l'àrea de lleure a l'entrada del riu al camí del sorral. No es posaria ni lavabo ni font.</em></strong></p><p>S'han restaurat els elements de jocs existents i s'han instal·lat nous elements i mobiliari per fer exercici.</p><p><img style=""-webkit-user-select: none;margin: auto;"" src=""https://seuelectronica.santboi.cat/fotos/participa/IMG-20191223-WA0014.jpg""></p><p><img style=""-webkit-user-select: none;margin: auto;"" src=""https://seuelectronica.santboi.cat/fotos/participa/IMG-20191223-WA0015.jpg""></p><p><img style=""-webkit-user-select: none;margin: auto;"" src=""https://seuelectronica.santboi.cat/fotos/participa/IMG-20191223-WA0017.jpg""></p><p><br></p><p><br></p>";;2019-06-01;2019-12-31;5;FINALITZAT;Finalitzat;Finalizado;100.0;2019-07-11 08:36:22 UTC;http://participa.santboi.cat/processes/pressupost2019/f/106/results/13;106;""
14;34;Ciutat;"";2;Ciutat;Ciudad;;Recuperació de la memòria històrica;;"<p><strong><em>Posar plaques divulgatives de la història de Sant Boi en els espais més significatius. </em></strong></p><p>En col·laboració amb del Centre de Normalització Lingüística, s'han instal·lat plaques informatives dels espais vinculats a la vida de Maria Mercè Marçal. També, amb l'Amical de Mauthausen, s'ha renovat la placa en memòria de les víctimes de l'holocaust (Pl. Mercè Rodoreda) i la instal·lació d'una placa explicativa al monument del ""Camí de l'exili"" (Casablanca).</p><p><img style=""-webkit-user-select: none;margin: auto;"" src=""https://seuelectronica.santboi.cat/fotos/participa/MH01.jpg""></p><p><img style=""-webkit-user-select: none;margin: auto;"" src=""https://seuelectronica.santboi.cat/fotos/participa/mh2.jpg""></p><p><img style=""-webkit-user-select: none;margin: auto;"" src=""https://seuelectronica.santboi.cat/fotos/participa/mh3.jpg""></p><p><br></p><p><br></p>";;2019-06-01;2019-12-31;5;FINALITZAT;Finalitzat;Finalizado;100.0;2019-07-15 06:25:05 UTC;http://participa.santboi.cat/processes/pressupost2019/f/106/results/14;106;""
8;27;Projecte Social;Proyecto Social;2;Ciutat;Ciudad;;Xarxa de camins escolars segurs al voltant de les escoles;"";<p><strong><em>Experiència pilot per dissenyar i realitzar un camí escolar segur al voltant d'una escola.</em></strong></p><p>S'està dissenyant una guia d'implementació de la Xarxa de Camins Escolars de la ciutat per portar a terme l'experiència pilot.</p><p><br></p>;"";2019-06-01;2019-12-31;4;EXECUCIÓ;En execució;En ejecución;80.0;2019-07-11 07:56:50 UTC;http://participa.santboi.cat/processes/pressupost2019/f/106/results/8;106;""
5;27;Projecte Social;Proyecto Social;2;Ciutat;Ciudad;;Programa de televisió Gent de carrer;;"<p><strong><em>Creació d'un programa de televisió online participatiu que promocioni Sant Boi de manera innovadora i cultural, que es faci ressò de l’actualitat social que ens envolta, de manera objectiva i entretinguda, amb to juvenil.</em></strong></p><p><a href=""https://www.facebook.com/GentDeCarrerGDC/"" target=""_blank"">Aquí podràs consultar tota la informació referent al projecte.</a></p><p><br></p><p><img style=""-webkit-user-select: none;margin: auto;"" src=""https://seuelectronica.santboi.cat/fotos/participa/gent01.png""></p><p><img style=""-webkit-user-select: none;margin: auto;"" src=""https://seuelectronica.santboi.cat/fotos/participa/gent02.png""></p><p><br></p><p><br></p><p><br></p><p><br></p><p><br></p><p><br></p><p><br></p><p><br></p>";;2019-07-01;2019-12-31;5;FINALITZAT;Finalitzat;Finalizado;100.0;2019-07-11 07:44:28 UTC;http://participa.santboi.cat/processes/pressupost2019/f/106/results/5;106;""
24;32;Camps Blancs/Casablanca;"";2;Ciutat;Ciudad;;Tendals al pati de l'escola Casablanca;;"<p><strong><em>Creació de nous espais d'ombra al pati de l'escola Casablanca.</em></strong></p><p><img style=""-webkit-user-select: none;margin: auto;"" src=""https://seuelectronica.santboi.cat/fotos/participa/casablanca01.jpg""></p><p><img style=""-webkit-user-select: none;margin: auto;"" src=""https://seuelectronica.santboi.cat/fotos/participa/casablanca02.jpg""></p>";;2019-04-01;2019-11-01;5;FINALITZAT;Finalitzat;Finalizado;100.0;2019-07-15 07:59:40 UTC;http://participa.santboi.cat/processes/pressupost2019/f/106/results/24;106;""
30;31;Centre/Vinyets-Molí Vell;"";2;Ciutat;Ciudad;;Millora de la Pl. Vedruna/Can Jordana;"";<p><strong><em>Remodelació dels espais de la plaça renovant i ampliant els jocs infantils. </em></strong></p><p>Després d'un procés de definició de l'espai amb les persones que van fer la proposta i veïns i veïnes del barri, es decideix, conjuntament amb els veïns i veïnes, posposar l'execució de l'obra per al 2020. D'aquesta manera la intervenció supera el pressupost participatiu i es dotarà de més diners amb el Pressupost 2020, per fer una intervenció més integral i que doni resposta a les necessitats detectades durant el procés.</p>;"";2019-04-01;2019-12-31;5;FINALITZAT;Finalitzat;Finalizado;100.0;2019-07-15 08:10:02 UTC;http://participa.santboi.cat/processes/pressupost2019/f/106/results/30;106;""
19;29;Marianao;"";2;Ciutat;Ciudad;;Tendals al pati de l'escola Marianao;;"<p><strong><em>Col·locació de tendals o veles al pati de l'escola Marianao.</em></strong></p><p><img style=""-webkit-user-select: none;margin: auto;"" src=""https://seuelectronica.santboi.cat/fotos/participa/marianao01.jpg""></p>";;2019-04-01;2019-12-31;5;FINALITZAT;Finalitzat;Finalizado;100.0;2019-07-15 07:32:57 UTC;http://participa.santboi.cat/processes/pressupost2019/f/106/results/19;106;""
18;29;Marianao;"";2;Ciutat;Ciudad;;Tendals al pati de l'escola Antoni Gaudí;;"<p><strong><em>Creació de nous espais d'ombra al pati de l'escola Antoni Gaudí.</em></strong></p><p><img style=""-webkit-user-select: none;margin: auto;"" src=""https://seuelectronica.santboi.cat/fotos/participa/gaudi.jpg""></p>";;2019-04-01;2019-12-31;5;FINALITZAT;Finalitzat;Finalizado;100.0;2019-07-15 07:27:07 UTC;http://participa.santboi.cat/processes/pressupost2019/f/106/results/18;106;""
29;31;Centre/Vinyets-Molí Vell;"";2;Ciutat;Ciudad;;Millores a les zones de joc de Pl. Catalunya;;"<p><strong><em>Instal·lació de tanques a la zona de jocs infantils més propera al carrer Tres d'Abril i instal·lació de bancs per seure al voltant del nou joc de ""l'aranya"".</em></strong></p><p><img style=""-webkit-user-select: none;margin: auto;"" src=""https://seuelectronica.santboi.cat/fotos/participa/IMG-20191223-WA0013.jpg""></p><p><img style=""-webkit-user-select: none;margin: auto;"" src=""https://seuelectronica.santboi.cat/fotos/participa/IMG-20191223-WA0016.jpg""></p>";;2019-05-01;2019-12-31;5;FINALITZAT;Finalitzat;Finalizado;100.0;2019-07-15 08:08:39 UTC;http://participa.santboi.cat/processes/pressupost2019/f/106/results/29;106;""
16;30;Ciutat Cooperativa-Molí Nou;"";2;Ciutat;Ciudad;;Transformació del pati de l'escola Josep Maria Ciurana;;"<p><strong><em>Redisseny del pati de l'escola a través d'un procés participatiu i de cocreació amb famílies, alumnes i professorat. Un pati orientat al joc i la natura.</em></strong></p><p><img style=""-webkit-user-select: none;margin: auto;"" src=""https://seuelectronica.santboi.cat/fotos/participa/ciurana01.jpg""></p><p><img style=""-webkit-user-select: none;margin: auto;"" src=""https://seuelectronica.santboi.cat/fotos/participa/ciurana02.jpg""></p>";;2019-04-01;2019-11-01;5;FINALITZAT;Finalitzat;Finalizado;100.0;2019-07-15 07:02:42 UTC;http://participa.santboi.cat/processes/pressupost2019/f/106/results/16;106;""
17;30;Ciutat Cooperativa-Molí Nou;"";2;Ciutat;Ciudad;;Marquesina a la parada de bus de l'hospital;"";<p><strong>Instal·lar una marquesina a la parada de bus que hi ha enfront l'hospital Sant Joan de Déu per les línies SB1 i L76</strong></p>;"";;;7;PREPARACIO;En preparació;En preparación;50.0;2019-07-15 07:25:28 UTC;http://participa.santboi.cat/processes/pressupost2019/f/106/results/17;106;""
26;31;Centre/Vinyets-Molí Vell;"";2;Ciutat;Ciudad;;Millora de l'accés a l'escola Massallera;;"<p><strong><em>Ampliació de la vorera davant de l'entrada de l'escola i instal·lació d'una lona per fer ombra i resguardar de la pluja.</em></strong></p><p><img style=""-webkit-user-select: none;margin: auto;"" src=""https://seuelectronica.santboi.cat/fotos/participa/massallera01.jpg""></p><p><img style=""-webkit-user-select: none;margin: auto;"" src=""https://seuelectronica.santboi.cat/fotos/participa/massallera02.jpg""></p>";;2019-06-01;2019-12-31;5;FINALITZAT;Finalitzat;Finalizado;100.0;2019-07-15 08:02:16 UTC;http://participa.santboi.cat/processes/pressupost2019/f/106/results/26;106;""
20;29;Marianao;"";2;Ciutat;Ciudad;;Millora de la il·luminació de la plaça Teresa Valls i Diví;;"<p><strong><em>Canviar la il·luminació existent per una més luminosa i eficient energèticament.</em></strong></p><p><img style=""-webkit-user-select: none;margin: auto;"" src=""https://seuelectronica.santboi.cat/fotos/participa/EnllumenatTVD01.jpg""></p>";;2019-04-01;2019-12-31;5;FINALITZAT;Finalitzat;Finalizado;100.0;2019-07-15 07:36:23 UTC;http://participa.santboi.cat/processes/pressupost2019/f/106/results/20;106;""
23;29;Marianao;"";2;Ciutat;Ciudad;;Plantar arbres al carrer Sant Benito Menni;;"<p><strong><em>Creació d'escocells i plantació d'arbres en la confluència dels carrers Picasso i Benito Menni.</em></strong></p><p><img style=""-webkit-user-select: none;margin: auto;"" src=""https://seuelectronica.santboi.cat/fotos/participa/arbresbmenni1.jpg""></p><p><img src=""https://seuelectronica.santboi.cat/fotos/participa/arbresbmenni3.jpg"" style=""user-select: none; margin: auto;""></p><p><img style=""-webkit-user-select: none;margin: auto;"" src=""https://seuelectronica.santboi.cat/fotos/participa/arbresbmenni2.jpg""></p><p><br></p>";;2019-07-01;2019-12-31;5;FINALITZAT;Finalitzat;Finalizado;100.0;2019-07-15 07:57:44 UTC;http://participa.santboi.cat/processes/pressupost2019/f/106/results/23;106;""
22;29;Marianao;"";2;Ciutat;Ciudad;;Millora dels sorrals dels parcs de la Bòbila;;"<p><strong><em>Substituir la grava per sorra als espais de joc infantils de la plaça de la Bòbila.</em></strong></p><p><img style=""-webkit-user-select: none;margin: auto;"" src=""https://seuelectronica.santboi.cat/fotos/participa/sorralb01.jpg""></p><p><img style=""-webkit-user-select: none;margin: auto;"" src=""https://seuelectronica.santboi.cat/fotos/participa/sorralb02.jpg""></p>";;2019-07-01;2019-12-31;5;FINALITZAT;Finalitzat;Finalizado;100.0;2019-07-15 07:45:40 UTC;http://participa.santboi.cat/processes/pressupost2019/f/106/results/22;106;""
21;29;Marianao;"";2;Ciutat;Ciudad;;Jocs infantils per a la plaça Antoni Gaudí i Salvador Allende;;"<p><strong><em>Dotar de jocs infantils a la plaça Antoni Gaudí-Salvador Allende.</em></strong></p><p>Conjuntament amb l'escola Gaudí, s'ha dissenyat una nova plaça amb elements naturalitzats (troncs, arbustos...) per poder fer diferents jocs. Aquests elements han estat pintats amb alumnes i famílies de l'escola.</p><p><br></p><p><img style=""-webkit-user-select: none;margin: auto;"" src=""https://seuelectronica.santboi.cat/fotos/participa/allende1.jpg""></p><p><img style=""-webkit-user-select: none;margin: auto;"" src=""https://seuelectronica.santboi.cat/fotos/participa/allende2.jpg""></p>";;2019-07-01;2019-12-31;5;FINALITZAT;Finalitzat;Finalizado;100.0;2019-07-15 07:43:52 UTC;http://participa.santboi.cat/processes/pressupost2019/f/106/results/21;106;""
2;27;Projecte Social;Proyecto Social;2;Ciutat;Ciudad;;Activitats al KIOSK de la plaça de la Generalitat per a infants i famílies;;"<p><strong><em>Projecte de dinamització d'activitats familiars al Kiosk de la pl. Generalitat. Promovent la participació en la plaça de caràcter familiar, integradora i diversa. Treballant amb l'art, la cultura, l'espai públic i oberta a tothom.</em></strong></p><p>Per veure totes les activitats d'aquest projecte seguiu el següent enllaç: <a href=""https://www.facebook.com/Feskiosk/"" target=""_blank"">https://www.facebook.com/Feskiosk/</a></p><p><img src=""https://seuelectronica.santboi.cat/fotos/participa/Kiosk01.jpg"" width=""1141"" height=""642"" style=""user-select: none; margin: auto; cursor: zoom-in;""></p><p><img style=""-webkit-user-select: none;margin: auto;cursor: zoom-in;"" src=""https://seuelectronica.santboi.cat/fotos/participa/Kiosk02.jpg"" width=""1141"" height=""642""></p><p><br></p><p><br></p><p><br></p><p><br></p><p><br></p>";;2019-07-01;2019-12-31;5;FINALITZAT;Finalitzat;Finalizado;100.0;2019-07-10 12:27:56 UTC;http://participa.santboi.cat/processes/pressupost2019/f/106/results/2;106;""
9;27;Projecte Social;Proyecto Social;2;Ciutat;Ciudad;;Campanya per fomentar l’ús cívic i responsable dels espais públics de la ciutat;;"<p><strong><em>Realitzar una campanya amb joves que realitzin funcions d'agents cívics, sensibilitzant sobre l'ús cívic i responsable de la ciutat (neteja i cura de l'espai públic).</em></strong></p><p>S'han realitzat activitats de sensibilització per a tota la promoció de 3r ESO de l'INS Marianao (120 alumnes) a càrrec d'ICRA (Institut Català de Recerca de l'Aigua) i sessions formatives de promoció d'un Servei Comunitari específic (10-15 alumnes) que es concretarà comunitàriament (residències gent gran i actes de ciutat) durant el primer semestre del 2020.</p><p><img style=""-webkit-user-select: none;margin: auto;"" src=""https://seuelectronica.santboi.cat/fotos/participa/campanyauscivic1.jpg""></p><p><img style=""-webkit-user-select: none;margin: auto;"" src=""https://seuelectronica.santboi.cat/fotos/participa/campanyauscivic2.jpg""></p>";;2019-06-01;2019-07-31;5;FINALITZAT;Finalitzat;Finalizado;100.0;2019-07-11 07:59:30 UTC;http://participa.santboi.cat/processes/pressupost2019/f/106/results/9;106;""
25;32;Camps Blancs/Casablanca;"";2;Ciutat;Ciudad;;Embellir Casablanca;;"<p><strong><em>Pintar amb un mural artístic el mur del camp de futbol que dona al carrer Joventut.</em></strong></p><p><img style=""-webkit-user-select: none;margin: auto;"" src=""https://seuelectronica.santboi.cat/fotos/participa/artcarrercasablanca1.jpg""></p><p><img style=""-webkit-user-select: none;margin: auto;"" src=""https://seuelectronica.santboi.cat/fotos/participa/artcarrercasablanca2.jpg""></p>";;2019-07-01;2019-12-31;5;FINALITZAT;Finalitzat;Finalizado;100.0;2019-07-15 08:01:05 UTC;http://participa.santboi.cat/processes/pressupost2019/f/106/results/25;106;""
4;29;Marianao;"";2;Ciutat;Ciudad;;Millora de l'espai de joc al Casal Marianao-El Casino;;"<p><strong><em>Separació de l'espai de joc i del bar al Casal Marianao- El Casino amb un tancament de vidre i portes.<span class=""ql-cursor"">﻿﻿﻿﻿</span></em></strong></p><p><br></p><p><img style=""-webkit-user-select: none;margin: auto;"" src=""https://seuelectronica.santboi.cat/fotos/participa/IMG-20191220-WA0018.jpg""></p><p><br></p><p><img style=""-webkit-user-select: none;margin: auto;"" src=""https://seuelectronica.santboi.cat/fotos/participa/IMG-20191220-WA0017.jpg""></p><p><br></p><p><br></p>";;2019-07-01;2019-12-31;5;FINALITZAT;Finalitzat;Finalizado;100.0;2019-07-10 12:37:48 UTC;http://participa.santboi.cat/processes/pressupost2019/f/106/results/4;106;""
6;27;Projecte Social;Proyecto Social;2;Ciutat;Ciudad;;Racons de promoció de la lectura per a infants;;"<p><strong><em>Habilitar racons de lectura infantil en espais i equipaments públics (sales d'espera del CAP, casals de barri, centre d'art Can Castells amb llibres relacionats amb les temàtiques de les exposicions, mercats, etc). Oferir activitats d'animació a la lectura en equipaments de barris allunyats de les biblioteques públiques, com ara en les biblioteques escolars que poden tenir accés directe al carrer, casals, etc...<span class=""ql-cursor"">﻿﻿﻿﻿﻿﻿</span></em></strong></p><p>Conjuntament amb les Biblioteques i Centres d'Atenció Primària de Sant Boi, s'han creat Racons de Lectura als 4 CAPs de la nostra ciutat.</p><p><img style=""-webkit-user-select: none;margin: auto;"" src=""https://seuelectronica.santboi.cat/fotos/participa/recoLecturaVinyets.jpg""></p>";;2019-05-01;2019-12-31;5;FINALITZAT;Finalitzat;Finalizado;100.0;2019-07-11 07:50:35 UTC;http://participa.santboi.cat/processes/pressupost2019/f/106/results/6;106;""
27;31;Centre/Vinyets-Molí Vell;"";2;Ciutat;Ciudad;;Intervencions artístiques al Nucli Antic;;"<p><strong><em>A través de diferents intervencions artístiques a l'espai públic es pretèn fer més atractius els carrers del&nbsp;Nucli Antic, activar el sector comercial i crear oportunitats d'ocupació.</em></strong></p><p>Consulta tots els projectes artístics que s'estan executant i quins són els autors i autores. <a href=""http://www.santboi.cat/PaginesW.nsf/Web/Planes/C5518659E7E6E209C1257A7C00385C35?OpenDocument&amp;Clau=baau&amp;Idioma=ca&amp;Seu=N"" target=""_blank""><strong>Tota la informació.</strong></a></p><p><img style=""-webkit-user-select: none;margin: auto;"" src=""https://seuelectronica.santboi.cat/fotos/participa/BAUU1.jpg""></p><p><img style=""-webkit-user-select: none;margin: auto;"" src=""https://seuelectronica.santboi.cat/fotos/participa/BAUU2.jpg""></p><p><br></p>";;2019-04-01;2019-12-31;4;EXECUCIÓ;En execució;En ejecución;80.0;2019-07-15 08:05:00 UTC;http://participa.santboi.cat/processes/pressupost2019/f/106/results/27;106;""
3;27;Projecte Social;Proyecto Social;2;Ciutat;Ciudad;;Activitats culturals i infantils al Parc de la Torre del Sol;;"<p><strong><em>Dinamització del parc de la Torre del Sol a través d'activitats culturals i familiars com per exemple concerts, circ, poesia, tertúlies literàries, ioga, activitats de dinamització de la lectura...</em></strong></p><p>Click <a href=""https://agendasb.info/?fbclid=IwAR0TmsXUUUHestJslBSde-eeg0SqF79bTwkFb7fy4H9_TIEPe0aCyy6uKtk"" target=""_blank"">aquí</a> per consultar totes les activitats d'aquest projecte.</p><p><img style=""-webkit-user-select: none;margin: auto;"" src=""https://seuelectronica.santboi.cat/fotos/participa/TorreSol03.jpg""></p><p><br></p><p><img src=""https://seuelectronica.santboi.cat/fotos/participa/TorreSol01.jpg"" width=""961"" height=""642"" style=""user-select: none; margin: auto; cursor: zoom-in;""></p><p><img style=""-webkit-user-select: none;margin: auto;cursor: zoom-in;"" src=""https://seuelectronica.santboi.cat/fotos/participa/TorreSol02.jpg"" width=""642"" height=""642""></p><p><br></p><p><br></p><p><br></p><p><br></p><p><br></p><p><br></p>";;2019-07-01;2019-09-30;5;FINALITZAT;Finalitzat;Finalizado;100.0;2019-07-10 12:33:33 UTC;http://participa.santboi.cat/processes/pressupost2019/f/106/results/3;106;""
