id;category/id;category/name/fi;category/name/sv;category/name/en;scope/id;scope/name/fi;scope/name/sv;scope/name/en;participatory_space/id;participatory_space/url;component/id;title;body;state;reference;answer/fi;answer/sv;answer/en;supports;endorsements/total_count;endorsements/user_endorsements;comments;attachments;followers;published_at;url;meeting_urls;related_proposals;is_amend;original_proposal/title;original_proposal/url
1;;"";"";"";;"";"";"";1;https://osallistu.vantaa.fi/processes/meidan-korso?participatory_process_slug=meidan-korso;2;Esimerkki ehdotus;Tämä on esimerkki jätetystä ideasta.;withdrawn;VANTAA-PROP-2018-12-1;"";"";"";0;0;"";0;0;12;2018-12-05 09:16:01 +0200;https://osallistu.vantaa.fi/processes/meidan-korso/f/2/proposals/1;"";"";false;;
5;;"";"";"";;"";"";"";1;https://osallistu.vantaa.fi/processes/meidan-korso?participatory_process_slug=meidan-korso;2;Esimerkkiehdotus;Esimerkki jätetystä ideasta;withdrawn;VANTAA-PROP-2018-12-5;"";"";"";0;0;"";1;0;12;2018-12-05 11:28:44 +0200;https://osallistu.vantaa.fi/processes/meidan-korso/f/2/proposals/5;"";"";false;;
7;;"";"";"";;"";"";"";1;https://osallistu.vantaa.fi/processes/meidan-korso?participatory_process_slug=meidan-korso;2;Piikityshuone saatava;Haluamme piikityshuoneen sitä tarvitseville, emme halua nähdä korson aseman kauppojen yhteydessä niin paljoa sellaista sakkia, iso huone ja olotilat näitä aineita nauttiville. Lisänä pultsareille ehdottomasti omat penkit tai vastaavaa hieman sivuun korson aseman S ja K seuduilta. ;rejected;VANTAA-PROP-2018-12-7;"<p>Ideaa ei voida tässä hankkeessa toteuttaa.&nbsp;Kyseessä ei ole kertahankinta&nbsp;eikä&nbsp;budjetti riitä tilavuokriin ja hoitohenkilökuntaan.&nbsp;Päihdepalvelut jatkavat idean käsittelemistä.</p>";"";"";0;0;"";0;0;13;2018-12-11 07:41:45 +0200;https://osallistu.vantaa.fi/processes/meidan-korso/f/2/proposals/7;"";"";false;;
16;;"";"";"";;"";"";"";1;https://osallistu.vantaa.fi/processes/meidan-korso?participatory_process_slug=meidan-korso;2;Kuntoportaat Urheilukentän ja Ankkalammen välille;Urheilukentän pohjoispäästä Ankkalammelle johtavat portaat.Viereen ränni tai putki mistä voisi laskea alaspäin.Portaiden alapäässä nurmialueella olisi siirrettävä kahvila,joka toimisi U-kentän ja Ankkalammen tarpeisiin.;rejected;VANTAA-PROP-2019-01-16;"<p>Ideaa ei pystytä&nbsp;annetun budjetin ja aikataulun puitteissa toteuttamaan.&nbsp;Toiveet on kuitenkin kuultu ja toivottavasti Korson ulkoilumahdollisuuksia kehitetään muuta kautta.</p>";"";"";0;0;"";1;0;13;2019-01-04 08:07:46 +0200;https://osallistu.vantaa.fi/processes/meidan-korso/f/2/proposals/16;"";"";false;;
6;;"";"";"";;"";"";"";1;https://osallistu.vantaa.fi/processes/meidan-korso?participatory_process_slug=meidan-korso;2;Turvallisuutta tunneliin kioskin avulla;"Asematunneli on aina hämärä paikka, valo ja ihmisten läsnäolo lisää turvallisuuden tunnetta merkittävästi. Eli mikäli asematunneliin sijoitettaisiin kioski/pienimuotoinen kahvila. Jolla saataisiin ihmisiä lisää tunnelinalueelle, lisäksi siitä olisi mukava hakea kahvit työmatkalle yms. Mikäli liikkeessä olisi lasiseinää, toisi se valoa ja väriä tunneliin. Lisäksi kioskilla olisi varma asiakasvirta kiitos hyvän sijainnin tämä tekisi tunnelista huomattavasti turvallisemman tuntuisen.

Tunneli on lisäksi kohtalaisen leveä tällä hetkellä ja uskoisin että siihen saataisiin kohtalaisella vaivanäöllä rakennettua tilaa, ilman isoja rahalisia kustannuksia. Mikäli tunnelia tarvitsisi hiukan leventää kioskin kohdalta, uskoisin sen olevan mahdollista, se tosin jää insinöörien päätettäväksi. Olisi kuitenkin hyvä saada kioskin takatilat ja sosiaalitilat ""piiloon"" ja varsinainen kioski osuus olisi lasitettu tila. Lisäksi tällä hetkellä korson keskustaa uusitaan ja aseman läheisyydeltä on lähtemässä R-kioski pois, joka voisi siirtyä tunneliin. Kioskin rakenteelliset kustannukset tulisivat varmasti takaisin vuokratuloilla pitkällä tähtäimellä. Ja mikä tärkeintä tämä olisi sijoitus turvallisuuteen ja palveluihin Korson juna-asemalla asioiville.

Toteuttaja voisi toimia Vantaan kaupunki, joka vuokraisi tilat yksityiselle toimijalle. Tämä mahollinen kioski ei kuitenkaan millään tavalla olisi Korson täydennusrakentamisen vastainen, pikemmikin lisäisi ja parantaisi palveluita. Ja mikä tärkeintä lisäisi turvallisuuden tunnetta tunneliosuudessa.

Ennen hankkeen aloittamista voisi karkean suunnittelun jälkeen etsiä projektiin vuokralaista. Kun vuokrasopimus on tehty aloittaa vasta rakennustoimenpiteet, niin hyvällä sijainnilla oleva kioski ei kyllä jäisi käyttämättä vaikka sen toteuttamiseen lähdettäisiin ennen virallista vuokrasopimusta.";rejected;VANTAA-PROP-2018-12-6;"<p>Lisävalaistus ja kioskin perustaminen tunneliin ovat vaativuudeltaan liian suuria tähän hankkeeseen ja vaativat ylläpitokustannuksia. Näitä ideoita voidaan pohtia uutta tunnelia suunniteltaessa.&nbsp;&nbsp;</p><p>Keskustelutilaisuudessa valaistus Korson suuralueella&nbsp;herätti keskustelua. Katuvalojen huoltosopimuksen mukaisesti Korson suuralueen lamput vaihdetaan uusiksi kevään - kesän 2019 aikana.&nbsp;Huolta herätti myös sotketut lamput, jotka eivät valaise. Ajatuksen pohjalta muodostettiin idea, Katuvalojen puhdistaminen, joka etenee äänestykseen.</p>";"";"";0;0;"";1;0;12;2018-12-10 19:14:24 +0200;https://osallistu.vantaa.fi/processes/meidan-korso/f/2/proposals/6;"";"";false;;
15;;"";"";"";;"";"";"";1;https://osallistu.vantaa.fi/processes/meidan-korso?participatory_process_slug=meidan-korso;2;Miten rikolliset? ;"Ehdotan seuraavaa.
Mustalaiset pois korsosta. 
Häiritsevät ja pilaavat katukuvaa. 
Narkomaanit jotka muunmuassa varastavat kaupoista lihaa ja juustoja, myyvät käteisellä sen jälkeen baareissa, ilman pelkoa vankilasta koska kela, koska jotkut oikeudet?
Mitä oikeuksia minulla korsolaisella veronmaksajalla on? 
Ei mitään. 
Vain velvollisuuksia. 
Vituttaa katsella näitä ryhmiä ja maksaa.. 
Saanko minä ajaa ylinopeutta muutaman kerran vuodessa ilmaiseksi?
En.
Mutta kela elätti nistit ja mustalaiset saavat. Oliko 7 kertaa vuodessa näppäilystä, jota muunnetaan jo vankeudeksi? 
Miksi vitussa minun kuuluu näitä elättää? 
Miksi ihmeessä keskustaan rakennettiin kelan tukemia asuntoja? 
Melko reilua niitä kohtaan jotka sen omalla rahalla ostivat naapurista? 
No toki, se on oma asia mistä ostaa kämppänsä. 
Näin vantaalaisena hyvinkin nettomaksajana vituttaa suunnattomasti. 
Olen katsellut touhua hyvinkin läheltä 15v.
Mikään ei muutu, paitsi rasismi ja syrjintä. 
Kun saan kummatkin asunnot myytyä, muutan pois vantaalta. 
Ei se kyllä mitään auta, sillä kaikki tulee yhteisestä lompakosta. 
Itse en halua vantaalaisena moista enää tukea. Voin muuttaa. Onnea teille muille. 
";"";VANTAA-PROP-2019-01-15;"";"";"";0;0;"";0;0;13;2019-01-04 00:16:33 +0200;https://osallistu.vantaa.fi/processes/meidan-korso/f/2/proposals/15;"";"";false;;
11;;"";"";"";;"";"";"";1;https://osallistu.vantaa.fi/processes/meidan-korso?participatory_process_slug=meidan-korso;2;Taideprojekti nuorille;"Korson alueen nuoriso (noin 14 - 18v.) voisi suunnitella ja toteuttaa seinämaalaukset kaikkiin seudun kevyenliikenteen alikulkutunneleihin sekä hienot muraalit muutamaan keskustan ankean harmaaseen rakennukseen.
Tämä loisi Korson seudulle omaleimaista ilmettä ja sitouttaisi nuoria huolehtimaan kotiympäristöstä. 

Projektin koordinoinnista voisivat huolehtia alueen yläkoulujen opettajat sekä kaupungin nuorisotoimi, huomioiden erityisesti syrjäytymisuhan alla olevien nuorten mukaan saaminen.
Tarvikkeet ja välineet kustannettaisiin tästä ""Korso-budjetista"".
Samalla tarkistetaan ja tarvittaessa lisätään tunneleiden valaistusta tuvallisuuden lisäämiseksi.";accepted;VANTAA-PROP-2018-12-11;"<p>Lisää yhteisöllisyyttä ja viihtyvyyttä.&nbsp;Idea etenee äänestykseen ja se yhdistetään muihin taideprojekteihin, sillä yhdistetylle tapahtumalle löytyy motivoituneet tekijät ja tapahtumalla on potentiaalia.</p>";"";"";0;0;"";8;0;13;2018-12-18 09:45:57 +0200;https://osallistu.vantaa.fi/processes/meidan-korso/f/2/proposals/11;"";"";false;;
8;;"";"";"";;"";"";"";1;https://osallistu.vantaa.fi/processes/meidan-korso?participatory_process_slug=meidan-korso;2;Paikallisten yhdistysten tunnettuuden lisääminen;"Korsossa toimii paljon erilaisia yhdistyksiä ja vapaaehtoisryhmiä ja harrastuspiirejä. Näitä ei kuitenkaan tunneta riittävästi. Ehdotankin säännöllistä ""yhdistysten päivää"", jonka aikana yhdistykset ym. voisivat esitellä toimintaansa Lumossa, yhdistyksiltä ei perittäisi maksuja tästä esittäytymisestä. Tästä pitäisi myös informoida tarpeeksi, myös lehti-ilmoituksilla, sillä kaikki, jotka tietoa tarvitsisivat eivät suinkaan ole somessa. Jokainen voisi tällä tavoin löytää hänelle sopivan harrastuksen tai toimintamuodon.
";accepted;VANTAA-PROP-2018-12-8;"<p>Idea on mahdollista toteuttaa annetussa budjetissa ja aikataulussa. Ideaa kehitettiin keskustelutilaisuudessa suuremmaksi ja monipuolisemmaksi, Lumon kirjaston avajaisiksi,&nbsp;jonne&nbsp;paikalliset yhdistykset kutsutaan esittäytymään. Lumon kirjaston avajaiset etenee äänestykseen.&nbsp;&nbsp;</p>";"";"";0;0;"";2;0;13;2018-12-11 11:08:28 +0200;https://osallistu.vantaa.fi/processes/meidan-korso/f/2/proposals/8;"";"";false;;
9;;"";"";"";;"";"";"";1;https://osallistu.vantaa.fi/processes/meidan-korso?participatory_process_slug=meidan-korso;2;Viihtyisämpi keskusta;"Korson keskusta-alueen viihtyisyyttä ja turvallisuutta voisi parantaa ainakin seuraavilla keinoilla:
- Erotetaan selkeästi toisistaan katu-alue, pysäköintialue ja jalankulkualue. Jostakin kadusta tai esim. kirkon edustasta voisi tehdä kävelykadun, mihin ei olisi asiaa muilla kuin hälyytysajoneuvoilla.
- Ympärillä olevat tavalliset ihmiset luovat turvallisuuden tunnetta, joten ihmisten houkuttelu viihtyisällä ympäristöllä; hyvä valaistus talvisin joka paikkaan, kesäisin istutuksia ja penkkejä. Rakennusten julkisivut kuntoon, riittävästi isoja roskakoreja.
- Kauppoja, kahviloita ja ruokaravintoloita, joista olisi hyvä näkyvyys sisään ja ulos. Nämä voivat olla myös pop-uppeja, jos vakituisia yrittäjiä ei alkuun löydy. Kesäisin sallittaisiin paljon terasseja, mutta niiden anniskelua ja melua tulee valvoa.

Samat toimenpiteet myös Mikkolan ostarille.

Kaksi ensimmäistä ehdotusta olisi kaupungin toteuttamia ja osittain kaupungin normaalista kadunpidon budjetista. Viimeistely, ""pientä ekstraa"" ja mahdollinen kiinteistöjen tukeminen ""Korso-budjetista""
Kolmannessa ehdotuksessa kaupunki olisi lähinnä organisoija ja valvoja, yritykset toteuttaisivat.";rejected;VANTAA-PROP-2018-12-9;"<p>Idea sisältää suurempia&nbsp;muutoksia, joihin&nbsp;vaikuttaminen vaatisi muutoksia asemakaavaan eikä tämän vuoksi ole tässä hankkeessa mahdollista toteuttaa. Äänestykseen menee ehdotus lisäpenkeistä.&nbsp;&nbsp;</p><p>Keskustelutilaisuudessa valaistus&nbsp;Korson suuralueella&nbsp;herätti keskustelua.&nbsp;Katuvalojen huoltosopimuksen mukaisesti Korson suuralueen lamput vaihdetaan uusiksi kevään - kesän 2019 aikana.&nbsp;Huolta herätti&nbsp;myös&nbsp;sotketut&nbsp;lamput, jotka eivät valaise. Ajatuksen pohjalta muodostettiin idea,&nbsp;Katuvalojen puhdistaminen, joka etenee äänestykseen.</p>";"";"";0;0;"";0;0;13;2018-12-11 10:37:29 +0200;https://osallistu.vantaa.fi/processes/meidan-korso/f/2/proposals/9;"";"";false;;
10;;"";"";"";;"";"";"";1;https://osallistu.vantaa.fi/processes/meidan-korso?participatory_process_slug=meidan-korso;2;Päihdeongelmaa piennemmäksi;"Kaikkihan me tiedämme, ihan kaikki, että Korson ( ja monen muunkin paikan) suurin uhka/riski ja vaaratekijä on päihteet, mikä lisää myöskin huomattavasti kustannuksia. 
Ainoa asia mitä voitte/voimme tehdä, on siirtää KorsonALKO pois Korson keskeisimmältä paikalta lisäämästä turvattomuutta. Vain kapitalistien toive on pitää Alko ko.paikassa.
Ne Eurot ( toteutusrahat) voitte käyttää rakentavaan päihdetiedoitukseen.";rejected;VANTAA-PROP-2018-12-10;"<p>Ideaa ei voida toteuttaa tässä hankkeessa,&nbsp;sillä yrityksen sijaintiin ei voida vaikuttaa.&nbsp;Ideassa mukana ollut ehdotus rakentavasta päihdetiedotuksesta olisi hankkeeseen sopiva, mutta koska sille ei löytynyt&nbsp;halukasta toteuttajajoukkoa, idea ei&nbsp;etene äänestykseen.</p>";"";"";0;0;"";0;0;13;2018-12-17 14:50:26 +0200;https://osallistu.vantaa.fi/processes/meidan-korso/f/2/proposals/10;"";"";false;;
12;;"";"";"";;"";"";"";1;https://osallistu.vantaa.fi/processes/meidan-korso?participatory_process_slug=meidan-korso;2;Ystäväuinnit Korson uimahallissa / SAA JUTELLA - kohtaamiset;"Ystäväuinnit  ovat toiminnalliset liikuntatreffit jotka madaltavat kynnystä kohdata toisemme ja lisäävät mahdollisuuksia tutustua uusiin ystäviin. 
Ystäväuinnit ovat kertaluontoisia tapahtumia  tiettyyn aikaan. 
Ystäväuinnin aikana  radat 1-2  on varattu henkilöille jotka toivovat uusien ihmisten kohtaamisia ja joita saa mennä jututtamaan. Radoilta rataköysi on poistettu ja rinnakkain uiminen/vesijuokseminen on sallittu- jopa suositeltavaa. Ratojen päädyssä on  SAA JUTELLA- Kyltti (+ystäväuintilogo)

Uimahallin aulaan asetetaan pyöreitä pöytiä, joissa on myös samat SAA JUTELLA kyltit  logoineen- Saa jutella penkille istuville osoittavat näin olevansa valmis juttelemaan. Pöydille asetetaan  ystäväuinteja varten ideoitu SAA  JUTELLA  kysymyskortti sarja joissa on neutraaleja keskustelunavaus kysymyksiä. Kysymykset voivat helpottaa keskuteluun pääsemistä  toimiessa jään rikkojana tai kysymyssarjaa voi hyödyntää leppoisana  "" kuka olet "" seurapelinä. Saa jutella pöydät toimivat myös ystäväuintien alkaessa  mahdollisena sokkotrffipaikkana tai jos uidessa jutustelu on lähtenyt hyvin käyntiin voi sopia vielä tapaamisen pöydille.
Ystäväuini on  helposti  ja edullisesti toteutettavissa sekä skaalattavissa myös muualle. Ystäväuinnit ovat  edullinen tapa vähentää yksinäisyyttä ja lisätä osallisuuden tunnetta kohdatuksi tulemisen kautta.  SAA JUTELLA korttisarjaa voi hyödyntää myös esim  Lumossa  jonne voi myös asettaa SAA JUTELLA pöytäryhmän.";accepted;VANTAA-PROP-2018-12-12;"<p>Idea on toteutettavissa&nbsp;annetussa budjetissa ja aikataulussa, joten se&nbsp;etenee äänestykseen. Idea edistää yhteisöllisyyttä mahdollistamalla kohtaamisia ja kysymyskortit madaltavat kynnystä aloittaa keskustelu&nbsp;tuntemattoman kanssa.&nbsp;&nbsp;</p>";"";"";0;0;"";7;0;13;2018-12-27 12:23:55 +0200;https://osallistu.vantaa.fi/processes/meidan-korso/f/2/proposals/12;"";"";false;;
14;;"";"";"";;"";"";"";1;https://osallistu.vantaa.fi/processes/meidan-korso?participatory_process_slug=meidan-korso;2;Suomisaundi festivaalit Korsoon;"*Ehdotus jätetty sähköpostitse*

Ehdotamme Suomisaundi festivaaleja Korsoon, tapahtuma olisi ilmainen kävijöille. 

Festivaali voisi olla Ankkalammella tai Korson S-marketin Torilla. 

Tapatumassa olisi tarkoitus jakaa tietoisuutta että kaikilla on lupa pitää hauskaa, eikä tarvitse pelätä liikkua juna-aseman kulmilla. 

Festivaaleilla olisi tarjolla hyvää Suomalaista elektronista musiikkia sekä vanhemmalle väelle vaikka joku kansantanssiryhmä tai tanhuporukka. 
Festivaaleilla olisi myös audiovisuaalinen show.
";accepted;VANTAA-PROP-2019-01-14;<p>Festivaaleja annetussa aikataulussa ja budjetissa alueella ei voida järjestää. Pienimuotoisempana tapahtumana idea on toteutettavissa ja se etenee äänestykseen. </p>;"";"";0;0;"";0;0;12;2019-01-03 12:27:13 +0200;https://osallistu.vantaa.fi/processes/meidan-korso/f/2/proposals/14;"";"";false;;
18;;"";"";"";;"";"";"";1;https://osallistu.vantaa.fi/processes/meidan-korso?participatory_process_slug=meidan-korso;2;Asema: päide ja alkoholi  käyttö kielletetään kokonaan alueella.;Asema ja sen ympäristö ovat todella turvattomat. Vartiointi tehostetaan ja alkoholin käyttö ja nauttiminen kielletetään koko alueella. Alkoholin myyti myymälöissä vartioidaan patremmin ja alkon ehtojen sääntöjen noudattaminen tarkistetaan. ;rejected;VANTAA-PROP-2019-01-18;"<p>Ideaa ei voida tässä hankkeessa&nbsp;toteuttaa.&nbsp;Kaupunki ei voi kieltää alkoholinkäyttöä&nbsp;alueella. Myymälät ovat vastuussa alkoholin myynnin vartioinnista.&nbsp;</p>";"";"";0;0;"";0;0;13;2019-01-06 11:49:20 +0200;https://osallistu.vantaa.fi/processes/meidan-korso/f/2/proposals/18;"";"";false;;
19;;"";"";"";;"";"";"";1;https://osallistu.vantaa.fi/processes/meidan-korso?participatory_process_slug=meidan-korso;2;Laavu ja/tai lisää ulkoilutoimintaa ankkapuistoon;"Laavu tulisijalla ankkapuistoon. Lisäisi yhteisöllisyyttä ja olisi varmasti lapsiperheiden käytössä silloin kun ei ole tulipalovaroitusta. Joulupolku myös voisi hyödyntää laavua.

Lisäksi ankkapuistoon voisi tehdä ulkokuntoilualueen (missä erilaisia omalla painolla tehtäviä laitteita).";rejected;VANTAA-PROP-2019-01-19;"<p>Ideaa ei&nbsp;voida tässä&nbsp;hankkeessa toteuttaa, sillä laavu vaatii aktiivista ylläpitoa ja sen sijoittaminen taajamaan on haasteellista.&nbsp;Toiveet on kuitenkin kuultu ja toivottavasti Korson ulkoilumahdollisuuksia kehitetään muuta kautta.</p>";"";"";0;0;"";1;0;12;2019-01-06 20:44:20 +0200;https://osallistu.vantaa.fi/processes/meidan-korso/f/2/proposals/19;"";"";false;;
21;;"";"";"";;"";"";"";1;https://osallistu.vantaa.fi/processes/meidan-korso?participatory_process_slug=meidan-korso;2;Adoptoi mummu tai pappa pop-up tapahtuma;"Meidän Korso - Kaikkien Korso 
Adoptoi mummu tai pappa – tule ystäväksi ikäihmiselle Korson vanhustenkeskukseen! 
Vantaan kaupungin toiminta on innovatiivista, jossa huomioidaan kestävä kehitys ja yhteisöllisyys. Vantaan kaupungin yhtenä strategiana on edistää asukkaiden hyvinvointia. Vantaalla kannustetaan kuntalaisia aktiivisuuteen,  omatoimisuuteen sekä huolehditaan lähipiirin hyvinvoinnista. 
Tervetuloa 23.5.2018 klo 14-17 Korson vanhustenkeskuksen sisäpihalle pop-up pihatapahtumaan! 
Tervetuloa tutustumaan Korson vanhustenkeskuksen kuntoutus- ja arviointiyksikön kuntoutujiin ja ympärivuorokautisen asumispalvelun asukkaisiin sekä henkilökuntaan,  ollaan yhdessä ja tullaan tutuiksi. 
Ohjelmassa musiikkia, perinnepelejä ja pientä purtavaa.  Lisäksi kerromme toiminnastamme ja toivotamme Sinut ja teidät tervetulleeksi meidän ystävätoimintaamme.  Ystävyys voi olla esimerkiksi juttelua, musiikin kuuntelua, lukemista, ulkoilua tai pelaamista yksin tai yhdessä. Henkilökuntamme on koko ajan tukenasi, ohjaa ja opastaa tarvittaessa. 
Tavoite 
Tavoitteemme on kutsua eri-ikäisiä, eri elämänvaiheessa olevia korsolaisia Korson vanhustenkeskukseen ystävätoimintaan: adoptoi mummu tai pappa. Haluamme tarjota Korsossa oleville nuorille, perheille, aikuisille, yksinäisille, eläkeläisille ja muille asiasta kiinnostuneille mahdollisuuden ystävystyä ikäihmisen, mummun tai papan kanssa.  
Haluamme tarjota mahdollisuutta oppia olemaan ikäihmisten ja erilaisten ihmisten kanssa, kuunnella heidän elämäntarinoitaan ja elämänviisauksiaan, oppia kenties jotakin. 
Ystävyys vähentää yksinäisyyttä ja eristäytyneisyyttä. Ystävyys tuo kaikille osapuolille elämäniloa, jatkuvuutta ja ryhtiä arkeen. Se voi olla esimerkiksi yksi keino tukea palaamista normaaliin arkeen, harjoitella sitoutumista. Se on mahdollisuus tehdä hyvää ja tuntea itsensä tarpeelliseksi. Se on mahdollisuus olla osa yhteisöämme ja luoda Korsoon yhteisöllisyyttä. 
Meille on helppo tulla tutustumaan. Meillä kynnys on matala, ensimmäiset tutustumiskerrat voivat olla esimerkiksi arkemme seuraamista tai osallistumista toimintatuokioihimme. 
Päihteettömyys on ainoa ehdoton vaatimuksemme. 
Meillä on pitkät perinteet tehdä yhteistyötä vammais- ja työllisyyspalvelujen asiakkaiden työkokeiluissa ja erilaisissa avustavissa työtehtävissä kodeissamme. 
Kutsumme mukaan pihatapahtumaan Etsivän nuorisotyö Kipinän, työllisuuspalvelut, Diakoniatyön, Partiolaiset sekä Korson Martat. 
Toiveemme on löytää korsolainen nuorisobändi sekä  soitinyhtye/haitarinsoittaja. Pop up- pihatapahtuma tulee olemaan  jokavuotinen tapahtuma. 
Tapahtuman ajankohta: Toukokuu 23.5 klo 14-17 pop-up 
 
Kustannusarvio 
Musiikki 1000,- 
Ruokailut  ja oheistarvikkeet  J(telttakatos)1500,- 
Mainoskulut (Korson keskustaan ständit), mainoskulut,  400 
 
Yhteensä 3000,- 
 
Esityksen tekijät: Marjaana Jääskeläinen, Anitta Hietaranta, Päivi Junttanen ja Kärt Zibulski 
";accepted;VANTAA-PROP-2019-01-21;"<p>Idea on toteutettavissa&nbsp;budjetin ja aikataulun puitteissa. Idea&nbsp;etenee äänestykseen. Ystävyystoiminta lisää yhteisöllisyyttä&nbsp;sekä&nbsp;vähentää yksinäisyyttä ja syrjäytymistä.</p>";"";"";0;0;"";2;1;13;2019-01-08 13:38:16 +0200;https://osallistu.vantaa.fi/processes/meidan-korso/f/2/proposals/21;"";"";false;;
22;;"";"";"";;"";"";"";1;https://osallistu.vantaa.fi/processes/meidan-korso?participatory_process_slug=meidan-korso;2;Aktiiviset nuoret paremman Korson puolesta;Kaikissa Korson yläkouluissa on nuoria jotka haluavat vaikuttaa asioihin. Haluamme tuoda nuoret yhteen tapaamaan toisiaan ja innostumaan yhteisen Korson kehittämisestä. Oppilaat voisivat suunnitella esimerkiksi erilaisia yhteisöllisyyttä lisääviä pop-up -tempauksia, kuten kahvilan asemalle tai alkoululaisille suunnattua Korsoon liittyvää toimintaa. Pääasia olisi se että aktiiviset nuoret voisivat kohdata toisiaan ja parantaa niin lähialuetta kuin maailmaakin tämän forumin avulla.;rejected;VANTAA-PROP-2019-01-22;<p>Idea peruutettu toteutusaikataulun vuoksi.</p>;"";"";0;0;"";1;0;13;2019-01-09 12:20:07 +0200;https://osallistu.vantaa.fi/processes/meidan-korso/f/2/proposals/22;"";"";false;;
23;;"";"";"";;"";"";"";1;https://osallistu.vantaa.fi/processes/meidan-korso?participatory_process_slug=meidan-korso;2;Nuorten ja vanhusten yhteistoimintaa;Korsossa voisi järjestää yhteistä toimintaa ja tapaamisia esimerkiksi nuorille ja vanhuksille. Tapaamisia varten nuoret voisivat leipoa ja keittää kahvia ja vanhukset tulisivat kahvittelemaan ja tapaamaan nuoria. Tämä vähentäisi yksinäisyyttä Korson alueella ja toisi luontevalla tavalla nuoret ja vanhat yhteen. Tapaamiset voisi järjestää esimerkiksi Lumon tiloissa.;accepted;VANTAA-PROP-2019-01-23;"<p>Toteutettavissa budjetin ja aikataulun puitteissa, joten idea etenee äänestykseen.&nbsp;Idea lisää&nbsp;sukupolvien välistä yhteisöllisyyttä.</p>";"";"";0;0;"";1;0;13;2019-01-09 19:26:58 +0200;https://osallistu.vantaa.fi/processes/meidan-korso/f/2/proposals/23;"";"";false;;
24;;"";"";"";;"";"";"";1;https://osallistu.vantaa.fi/processes/meidan-korso?participatory_process_slug=meidan-korso;2;Maalausseinä Korsoon;"Korson alueelle olisi hyvä perustaa paikka tai paikkoja, jonne saisi vapaasti maalata spray-maaleilla. Kyseessä voisi olla esimerkiksi jonkinlainen maalausseinä. Tämä toisi sallitun paikan käyttää spray-maaleja sekä toivottavasti vähentäisi ilkivaltaa ja loisi näin myös viihtyvyyttä Korson alueelle. Lisäksi nuorten ja vanhempienkin katutaide pääsisi esille.

";accepted;VANTAA-PROP-2019-01-24;"<p>Idea yhdistetään muihin taideprojekteihin,&nbsp;sillä yhdistetylle tapahtumalle löytyy motivoituneet tekijät ja tapahtumalla on potentiaalia.&nbsp;</p>";"";"";0;0;"";0;0;13;2019-01-09 19:28:39 +0200;https://osallistu.vantaa.fi/processes/meidan-korso/f/2/proposals/24;"";"";false;;
34;;"";"";"";;"";"";"";1;https://osallistu.vantaa.fi/processes/meidan-korso?participatory_process_slug=meidan-korso;2;Turvallisuustapahtumia;"Korson Turvallisuustyöryhmä on vuosien mittaan järjestänyt lukuisia turvallisuuteen liittyviä tapahtumia. Tapahtumia voisi jatkaa rahoituksella ja järjestää lisää.
 
Esimerkkejä tapahtumista:

Turvallisuuskävelyt sekä valoisaan että pimeään Korson keskeisimmillä paikoilla ovat niistä tehtyjen raporttien avulla saaneet monia parannuksia aikaan.

Myös muut kun fyysiseen turvallisuuteen kohdistuvat uhat aiheena, esim. nettihuijaukset.";accepted;VANTAA-PROP-2019-01-34;"<p>Idea on toteutettavissa budjetin ja aikataulun puitteissa, joten se&nbsp;etenee äänestykseen.&nbsp;Tapahtumalla voidaan edistää korsolaisten turvallisuustaitoja ja turvallisuuden tunnetta.</p>";"";"";0;0;"";1;0;12;2019-01-11 17:03:08 +0200;https://osallistu.vantaa.fi/processes/meidan-korso/f/2/proposals/34;"";"";false;;
25;;"";"";"";;"";"";"";1;https://osallistu.vantaa.fi/processes/meidan-korso?participatory_process_slug=meidan-korso;2;Nikinmäen niitty;"Nikikinmäki on kolmen kunnan kulmaus ja portti Sipoontieltä Vantaalle. Olisi hienoa että kulkijat voisi toivottaa  tervetulleeksi Viihtyisään ja vehreälle  Vantaalle muutoin kun  ,pujoa ja lupiinia kasvavalla maavalilla.

Ehdotan että Nikinmäki saisi määrärahan niittysiementen tai kukkasipuleiden ostoon josta asukastalkoilla istutettaisiin Sipoontien ja ja Täkytien kulmauksen kaupunkin maalla olevalle meluesteelle johon Kaupunki ei ole tehnyt vuosien aikana maisemointisuunnitelmaa ja alue kasvaa nyt rikkaruohoa.
Alue on keskeisellä paikalla ja sen kunnostaminen vaikuttaa koko Nikinmäen ilmeeseen.

Asukkaat ovat kitkeneet jo valmiiksi jöttipalsamin ko paikalta joten keväällä olisi hyvä pohja istuttaa alueelle yhdessä jotain kaunista.
valittu kasvi niittykukka, tulppaani,Neilikka ...voisi muodostua myös Nikinmäen yhteiseksi tunnukseksi. Kaunis kylä olis yhteinen ylpeyden aihe.

Rahallinen investointi hyötyyn nähden olisi hyvin pieni. ";rejected;VANTAA-PROP-2019-01-25;<p>Meluvallin jyrkkä rinne ei sovellu niittyalueeksi. Alueelle tullaan kaupungin toimesta tekemään kunnostustöitä. Meluvallille istutetaan metsitystaimia sekä luiskan alaosaan muutamia isompia puuntaimia. Kunnostustoimenpiteet pyritään toteuttamaan vuoden 2019 aikana.</p>;"";"";0;0;"";2;0;13;2019-01-10 01:41:55 +0200;https://osallistu.vantaa.fi/processes/meidan-korso/f/2/proposals/25;"";"";false;;
26;;"";"";"";;"";"";"";1;https://osallistu.vantaa.fi/processes/meidan-korso?participatory_process_slug=meidan-korso;2;Sandiksesta yhteinen ulko-olohuone;"Korson suuralueen kesäinen keskus on Leppäkorven maauimala. Maauimala on kerännyt vuosia rannoille lapsiperheitä.
Hiekkakuopalla käyvät myös entiset Korsolaiset lapset ja venhempi väki mm Uskomattoman ihanan kioskin vetotoimasta. Nuoriso on myös perinteisesti kokoontunut erityisesti illan suussa Sandiksen rappusille.

uimavalvontaa tai  ylisukupolvien välistä toimintaa ei kuitenkaan ole koskaan järjestetty. Toiminnan ja tapahtumien vienti alueelle joka on jo luonnollisesti muodostunut oleskelutilaksi on järkevää. Leppäkorven maauimalalla on potentiaalia todelliseksi yhteisölliseksi asukkaiden  olohuoneeksi.

Ehdotan että ensi kesänä kaupunki palkkkaisi pilotointi mielessä esim  yhteisöpedagogin käynisstämään ja organisoimaan Leppäkorven maauimalan  olohuonemaista toimintaa eli luomaan  tilaa viipyillä ja tulla kohdatuksi.

Ideassa yhdistyisi turvallisuuden lisääminen syrjäytymisen ehkäisy ja yhteisöllisyys.";rejected;VANTAA-PROP-2019-01-26;"<p>Ideaa ei voida tässä hankkeessa toteuttaa.&nbsp;Kustannukset nousevat liian korkeiksi eikä ideaa voi toteuttaa kevään 2019 aikana.&nbsp;</p>";"";"";0;0;"";0;0;13;2019-01-10 02:02:54 +0200;https://osallistu.vantaa.fi/processes/meidan-korso/f/2/proposals/26;"";"";false;;
27;;"";"";"";;"";"";"";1;https://osallistu.vantaa.fi/processes/meidan-korso?participatory_process_slug=meidan-korso;2;Pelastetaan Korson maine;"Tarinoita korsolaisuudesta, viestejä päättäjille, yhteisöllisyyttä ja vuorovaikutusta.
Huhti-kesäkuussa eri puolilla Korsoa kiertää työryhmä kyselemässä tarinoita korsolaisuudesta ja tekee tarinat näkyväksi tarinateatterin keinoin (tarinateatteri on improvisaatioon perustuvaa yhteisöteatteria, jossa pääosassa on kertojan tarina). Haastattelut ja esitykset kuvataan, editoidaan ja laitetaan sos. mediaan esim.youtubeen. Esitysten kautta korsolaisten on mahdollista saada äänensä kuuluviin ja kertoa mikä korsossa on hyvää ja missä olisi parantamiseen varaa.
Foorumit eli tilaisuudet, joissa on mahdollista kertoa tarinoita järjestetään neljänä lauantaina huhti-kesäkuun aikana, paikkoina esim. Lumo, asematunneli, Ankkapuisto, tori.  
Toteutus Inkun Ideapaja: mainonta ja tiedotus, rahaliikenne.  Milja Kolmonen, Taina Huoman ja Sami Koivuneva = Tarinateatteriryhmä: haastattelut ja tarinateatteri esitykset. Lumon lukion oppilaat tai joku muu nuorista innokkaista kuvaajista muodostuva ryhmä/henkilö kuvaa ja editoi aineiston sekä lataa sos.mediaan.
Kustannusarvio: Inkun ideapajalle tiedotukseen ja rahaliikenteen pyörittämiseen 300 e, Tarinateatteri esitykset (4*600)2400 e, kuvaus ja editointi 1500 e . Yhteensä 4200 e";accepted;VANTAA-PROP-2019-01-27;"<p>Toteutettavissa budjetin ja aikataulun puitteissa, joten idea etenee äänestykseen.&nbsp;Idea lisää yhteisöllisyyttä ja tuo korsolaisten ajatuksia alueen turvallisuudesta näkyväksi.&nbsp;</p>";"";"";0;0;"";1;0;13;2019-01-10 13:24:07 +0200;https://osallistu.vantaa.fi/processes/meidan-korso/f/2/proposals/27;"";"";false;;
28;;"";"";"";;"";"";"";1;https://osallistu.vantaa.fi/processes/meidan-korso?participatory_process_slug=meidan-korso;2;Korson nuorisotilan nuorien ideat;"*Korson nuorisotilan nuorien ideat*

Korson nuorisotilan nuoret ideoivat muun muassa seuraavia:
- Kirpputoritapahtuma kaikille
- Nuorisolle enemmän aktiviteettejä, esim. liikunta
- Enemmän roskiksia ja kukkia

Loput ehdotukset näkyvät alla olevassa kuvassa.
";accepted;VANTAA-PROP-2019-01-28;<p>Osa nuorten ideoista ovat osana taideprojektiehdotusta, joka etenee äänestykseen.</p>;"";"";0;0;"";3;1;12;2019-01-10 14:34:23 +0200;https://osallistu.vantaa.fi/processes/meidan-korso/f/2/proposals/28;"";"";false;;
29;;"";"";"";;"";"";"";1;https://osallistu.vantaa.fi/processes/meidan-korso?participatory_process_slug=meidan-korso;2;Kukkalaatikoita kaupunkilaisten hoidettaviksi;"*Ehdotus jätetty sähköpostitse*

Lisää isoja kukkalaatikoita, joita kaupunkilaiset hoitaisivat (erilaiset ryhmät saisivat kukin nimetyn laatikon hoidettavakseen)

Kukkalaatikoita radan alitusten yhteyteen. Asukkaiden hoitoon";rejected;VANTAA-PROP-2019-01-29;"<p>Ideaa ei voida tämän hankkeen aikataulussa toteuttaa. Kukkalaatikoiden hoito vaatisi pitkäaikaista sitoutumista kukkalaatikoiden hoitamiseen hankkeen päätyttyäkin.&nbsp;</p>";"";"";0;0;"";0;0;12;2019-01-11 14:25:59 +0200;https://osallistu.vantaa.fi/processes/meidan-korso/f/2/proposals/29;"";"";false;;
30;;"";"";"";;"";"";"";1;https://osallistu.vantaa.fi/processes/meidan-korso?participatory_process_slug=meidan-korso;2;Penkkejä Korson keskustaan;"*Ehdotus jätetty sähköpostitse*

Lisää penkkejä Korson keskustaan";accepted;VANTAA-PROP-2019-01-30;"<p>Idea on toteutettavissa budjetin ja aikataulun puitteissa ja se&nbsp;etenee äänestykseen.&nbsp;Penkit houkuttelevat ihmisiä viettämään aikaa ulkona ja muiden läsnäolo lisää turvallisuuden tunnetta.&nbsp;</p>";"";"";0;0;"";0;0;12;2019-01-11 14:28:56 +0200;https://osallistu.vantaa.fi/processes/meidan-korso/f/2/proposals/30;"";"";false;;
31;;"";"";"";;"";"";"";1;https://osallistu.vantaa.fi/processes/meidan-korso?participatory_process_slug=meidan-korso;2;Yhteispuutarha korsolaisille;"*Ehdotus jätetty sähköpostitse*

Yhteispuutarha radan itäpuolelle Nesteen ja radan puoliväliin, jossa on rakantamaton tontti
";rejected;VANTAA-PROP-2019-01-31;<p>Ideaa ei voida tämän hankkeen aikataulussa toteuttaa. Avoimien pelto- ja niittymaisemien muokkaaminen maisemakukkapelloksi vaatii ennakkoon suunnittelua sekä huoltotoimenpiteitä. Maisemakukkapellon sijoittelussa tulee huomioida myös turvallisuus, mm. pysäköinnin mahdollisuus peltojen läheisyydessä.</p>;"";"";0;0;"";0;0;12;2019-01-11 14:30:01 +0200;https://osallistu.vantaa.fi/processes/meidan-korso/f/2/proposals/31;"";"";false;;
32;;"";"";"";;"";"";"";1;https://osallistu.vantaa.fi/processes/meidan-korso?participatory_process_slug=meidan-korso;2;Radan ja Korsontien alitusten seinien maalaus;"*Ehdotus jätetty sähköpostitse*

Radan ja Korsontien alitusten ""suttuseinät"" maalattaisiin uudelleen tai ensimmäisen kerran";rejected;VANTAA-PROP-2019-01-32;<p>Idean toteuttamiseen ei löytynyt kiinnostunutta toteuttajaa.</p>;"";"";0;0;"";0;0;12;2019-01-11 14:31:26 +0200;https://osallistu.vantaa.fi/processes/meidan-korso/f/2/proposals/32;"";"";false;;
33;;"";"";"";;"";"";"";1;https://osallistu.vantaa.fi/processes/meidan-korso?participatory_process_slug=meidan-korso;2;Kävelyportaat Ankkapuistoon;"*Ehdotus jätetty Ideointipäivystyksessä*

- Kävelyportaat Ankkapuistoon
- Penkkejä alueelle
- Metsikkö koulun ja kisatien välissä raivaamisella viihtyisämmäksi";rejected;VANTAA-PROP-2019-01-33;"<p>Ideaa ei pystytä annetun budjetin ja aikataulun puitteissa&nbsp;toteuttamaan. Toiveet on kuitenkin kuultu ja toivottavasti Korson ulkoilumahdollisuuksia kehitetään muuta kautta.</p>";"";"";0;0;"";1;0;12;2019-01-11 14:37:16 +0200;https://osallistu.vantaa.fi/processes/meidan-korso/f/2/proposals/33;"";"";false;;
35;;"";"";"";;"";"";"";1;https://osallistu.vantaa.fi/processes/meidan-korso?participatory_process_slug=meidan-korso;2;Kirjailijavierailu Lumon kirjastossa;"Juha Hurme Lumon kirjastossa
Ehdotan, että kirjasto kutsuisi Juha Hurmeen kirjailija-iltaan. Pyydetään, että Juha Hurme pitää puheen korsolaisille. Alkajaisiksi jonkin paikallisen koulun musiikkiluokalta pieni musiikkiesitys. Tilaisuuteen järjestettäisiin avustaja pyörätuolia käyttävien osallistujien ohjaamiseksi hyville paikoille. Viittomakielen tulkki välittäisi puheen kuulovammaisille. Kirjaston henkilökunta esittelisi jokainen oman suosikkikirjansa joko suullisesti tai järjestämällä asiasta näyttelyn. 
Pakksuomesta intosuomeen!";accepted;VANTAA-PROP-2019-01-35;"<p>Ideaa kehitettiin keskustelutilaisuudessa suuremmaksi ja monipuolisemmaksi, Lumon kirjaston avajaisiksi, joka sisältäisi&nbsp;myös&nbsp;kirjailijavierailuita. Lumon kirjaston avajaiset etenee äänestykseen.</p>";"";"";0;0;"";2;1;13;2019-01-13 08:50:31 +0200;https://osallistu.vantaa.fi/processes/meidan-korso/f/2/proposals/35;"";"";false;;
36;;"";"";"";;"";"";"";1;https://osallistu.vantaa.fi/processes/meidan-korso?participatory_process_slug=meidan-korso;2;Vantaan kaupungin johdon Asukasilta Korson suuralueen kehittämisestä ;"Korson suuralueen kehittäminen rakentamisen, sosiaali- ja terveyspalvelujen, koulujen ja liikunnan mahdollisuuksien osalta. Tarvitsemme kokonaisuudesta asukkaina tietoa suunnitelmista ja niiden toteuttamisen aikatauluista. Vantaan kaupungin johdon selostukset ja mahdollisuus yleisökysymyksiin aiheeseen liittyen on yhteisöllisyyttä lisäävä ja alueen kehittämisen kannalta hyödyllinen.  

Järjestäjänä Vantaan kaupunki
Ehdottaja Maija Hurri
 ";rejected;VANTAA-PROP-2019-01-36;"<p>Vantaan kaupunki on järjestämässä keväällä alueenpäivän&nbsp;8.5.&nbsp;Korson kyläjuhlaan, jossa&nbsp;kaupungin toimijoita&nbsp;on&nbsp;tavattavissa. Syksyllä Korson suuralueella järjestetään&nbsp;kaupungin&nbsp;johdon&nbsp;asukasfoorumi,&nbsp;jossa&nbsp;asukkaat pääsevät kyselemään ja kohtaamaan kaupungin johtoa.</p>";"";"";0;0;"";0;0;13;2019-01-13 14:03:44 +0200;https://osallistu.vantaa.fi/processes/meidan-korso/f/2/proposals/36;"";"";false;;
38;;"";"";"";;"";"";"";1;https://osallistu.vantaa.fi/processes/meidan-korso?participatory_process_slug=meidan-korso;2;Kulomäkeen ja Korson alueelle parannettavaa.;"- Maauunintien bussipysäkki V8114 pidennys. Parantaa turvallista bussista poistumista.
- Maauunintien rekka-autojen parkkeeraus ratkaistava!
- Koirienulkoilutusaitaus, Kulomäen urheilupuiston leikkialueen ja kuntolaitteiden eteläpuolelle.
- Maauunitie 14 talojen ulkoasun ja aidan korjauskehotukset  Vantaan kaupungilta.
- Mauuninkuja 2 parkkipaikan kautta Mauuninkuja 4:ään kulkureitti on huonossa hoidossa. Talvella vaarallinen. Hoito kuuluu 2-talolle.
- Vielä lisäksi kaikille Korso-Koivukylän suuralueen asukkaille vihdoin Elmo-puisto, uimahalli ja muut tarvittavat tilat. Asiaa vietävä eteenpäin!
- Korson rautatieaseman ja rappusten kunnossapitoon puututtava niin talvella kuin kesällä.  
- Bussikatoksiin liitettyihin roskapönttöihin pitäisi lisätä tupakantumppiosa.
";rejected;VANTAA-PROP-2019-01-38;"<p>Kyse on&nbsp;isommista&nbsp;kaupunkitasoisista&nbsp;kehityskohteista, joita ei tässä hankkeessa voida toteuttaa.&nbsp;Korson rautatieaseman ja rappusten kunnossapidosta voi laittaa palautetta osoitteessa:&nbsp;<a href=""https://asiointi.vantaa.fi/anna-palautetta#/"" target=""_blank"">https://asiointi.vantaa.fi/anna-palautetta#/</a>.&nbsp;</p>";"";"";0;0;"";0;0;13;2019-01-13 19:33:40 +0200;https://osallistu.vantaa.fi/processes/meidan-korso/f/2/proposals/38;"";"";false;;
39;;"";"";"";;"";"";"";1;https://osallistu.vantaa.fi/processes/meidan-korso?participatory_process_slug=meidan-korso;2;Yhteisötaideteos;"Korson keskustaan voisi maalata yhteisöllisen muraalin eli 
seinämaalauksen. Teos olisi ammattitaidolla suunniteltu, ympäristöön sopiva, huolella valmistettu ja viimeistelty, yhdessä Korsolaisten kanssa toteutettu näyttävä seinämaalaus.

Teoksen paikka valitaan Korson juna-aseman läheisyyteen yhdessä 
Ruusuvuoren koulun oppilaiden kanssa eniten hyvinvointia ja 
turvallisuuden tunnetta korsolaisten arkireitille tuottamaan. Teos 
maalataan kohtaan, joka koetaan sellaisenaan epämiellyttävänä, 
pelottavana tai esimerkiksi kohtana joka on niin näkyvällä paikalla, 
että sen maalaaminen toisi hyvää mieltä monille Korson asukkaille.

Teos maalataan keväällä 2019, kun säät ovat ulkona maalaamiseen 
mahdolliset, todennäköisesti toukokuussa.

Teos suunnitellaan ja toteutetaan yhdessä Korson asukkaiden kanssa, 
erityisesti Ruusuvuoren koulun oppilaiden kanssa. Projektista vastaavat Street Art Vantaan ammattitaiteilijat.  Teoskohde valitaan Ruusuvuoren oppilaiden kanssa. Oppilaat esittelevät kohteita, jotka heidän mielestään kaipaisivat teosta ja Street Art Vantaan jäsenet valitsevat niistä sellaisen kohteen, joka maalausteknisesti olisi mahdollinen ja johon saadaan lupa kohteen omistajalta. Jos potentiaalisia kohteita on useita, voidaan järjestää myös esimerkiksi äänestys.


Alustava kustannusarvio
Ammattitaiteilijan ja tuottajan/työpajaohjaajan palkkiot (2 hlö)  4000e

suunnittelu (tekninen toteutus, luvat, teosluonnos, työpajaosuuden 
suunnittelu ja valmistelu

toteutus (käytännönjärjestelyt, työpajaohjaaminen, teos)

Materiaalit 1000e

Maalit ja maalausmateriaalit (sokkelimaali sekä spraymaalit, pensselit, 
telat, teipit ym. sekä suojausvälineet kuten suojamuovit sekä työpajaan 
osallistuvien suojaaminen yms.)
";accepted;VANTAA-PROP-2019-01-39;"<p>Lisää yhteisöllisyyttä ja viihtyvyyttä.&nbsp;Idea etenee äänestykseen ja se yhdistetään&nbsp;muihin taideprojekteihin,&nbsp;sillä yhdistetylle tapahtumalle löytyy motivoituneet tekijät ja tapahtumalla on potentiaalia.</p>";"";"";0;0;"";0;0;12;2019-01-18 10:02:31 +0200;https://osallistu.vantaa.fi/processes/meidan-korso/f/2/proposals/39;"";"";false;;
40;;"";"";"";;"";"";"";1;https://osallistu.vantaa.fi/processes/meidan-korso?participatory_process_slug=meidan-korso;2;Nuorille oleskelutila;"Tähtitorin tyhjillään olevaa liiketilaa nuorten oleskelutilaksi. Nythän nuoret hengailevat talojen pihoilla, päiväkotien pihoilla, kaduilla ja ties missä säällä kuin säällä. Pitäisihän heillä olla jokin paikka, jossa kuluttaa aikaa. Seinät ympärille, katto pään päälle, lämpöä, vessa, pöytiä, istuimia... Nuoret voisivat itse sisustaa paikkaa. Kevyttä valvontaa, riittävät aukioloajat ja nuorille itselleen vastuuta paikan hoitamisesta. Oma paikka rauhoittaisi myös muuta menoa, kun nuorten ei tarvitse kasaantua vaikkapa jonkin kerrostalon pihalle ja aiheuttamaan häiriötä ja turhaa sanaharkkaa talon asukkaiden kanssa. 

Kun on seurannut viimeaikaisia uutisia lasten hyväksikäytöstä, sitä suuremmalla syyllä nuoret pitäisi saada pois kadulta. Ulkona värjötteleville nuorille voi olla liian iso houkutus lähteä jonkun houkuttelemana jonnekin, missä sitten sattuu jotain ikävää. 

Ja mikäpä estäisi paikallisia kuntapäättäjiä ohimennen käymästä joskus paikalla  juttelemassa ja oikeasti kuuntelemassa, mitä nuorilla (tulevilla äänestäjillä ja oman puolueen ehdokkailla) on sanottavaa. ";rejected;VANTAA-PROP-2019-01-40;"<p>Ideaa ei voida tässä hankkeessa toteuttaa.&nbsp;Idea ei ole kertahankinta ja vaatii suuremman budjetin.&nbsp;</p>";"";"";0;0;"";0;0;12;2019-01-18 10:05:06 +0200;https://osallistu.vantaa.fi/processes/meidan-korso/f/2/proposals/40;"";"";false;;
41;;"";"";"";;"";"";"";1;https://osallistu.vantaa.fi/processes/meidan-korso?participatory_process_slug=meidan-korso;2;Kolmen kodan Korso;"Moni junalla Korson ohi kulkeva ei ole varmasti tullut ajatelleeksi, että Korso on yksi maan suurimpia pientaloalueita ja alueelta löytyy paljon metsiä ja jopa kolme valaistua ulkoilureittiä. Kolmen kodan Korso -idean ajatuksena olisi saada ulkoilureittien sisämetsiin tulisijat niin asukkaiden kuin mm. koulujen, päiväkotien ja partioiden käyttöön.

Ulkoilureitit
•	Leppäkorpi 2,2 km (Leppäkorven ja Jokivarren koulut ja päiväkodit)
•	Vierumäki 2,8 km (Vierumäen, Korson ja Ruusuvuoren koulut ja päiväkoti)
•	Matari 2,5 km (Mikkolan ja Rekolan koulu ja päiväkodit)

Ajatus tulisijoista lähti siitä, että Leppäkorven koulussa tällä hetkellä on monta innokasta opettajaa luokkineen, jotka opiskelevat säännöllisesti ulkona. Syitä ulkona oppimiseen on paljon. Tärkein on lasten luontosuhteen vahvistaminen. Metsään toki tehdään perinteisiä metsäretkiä, joissa tutustutaan luontoon tai liikutaan liikuntatunneilla, mutta osa luokista viettää koko koulupäivän metsässä ja he opiskelevat siellä kaikkia oppiaineita. Metsolansuon metsissä usein törmää myös alueen päiväkotien lapsiryhmiin ja Jokivarren koulun oppilaisiin. Valaistun ulkoilureitin sisämetsissä on siis paljon käyttäjiä arkipäivisin. Olisi upeaa, jos pururadan sisämetsästä löytyisi kota tai laavu, johon saisi tehdä tulen ja siellä voisi tehdä ruokaa, jolloin metsästä ei tarvitsisi lähteä koululle ruokailemaan.

Vierumäen koulussa on kolmatta vuotta toiminut aktiivinen ERÄJORMAT -kerho, joka on retkeillyt pääkaupunkiseudulla ja he ovat harmitelleet, että Korsosta löytyy paljon hyviä metsiä retkeilyyn, mutta yhdessäkään metsässä ei ole tulisijoja.

Jos kota olisi tarvetta pitää lukossa, tilaa voisi varata TIMMIn kautta ja avaimen voisi hakea vaikkapa Lumosta tai lähikouluista.

Uskon, että tulisijat ilahduttaisivat myös asukkaita, kannustaisi ulkoilemaan, lisäisi ilmaista yhdessäoloa ja yhteisöllisyyttä. Korson kolkkoa keskustaa on kohennettu kovasti viime aikoina, minusta Korsoon kaivataan mukavuuksia mukaviin metsiin.
";rejected;VANTAA-PROP-2019-01-41;"<p>Ideaa ei voida tässä hankkeessa toteuttaa.&nbsp;Kustannukset nousevat liian korkeiksi&nbsp;ja laavut&nbsp;vaativat aktiivista ylläpitoa, joten kyse ei ole kertahankinnasta.&nbsp;</p>";"";"";0;0;"";0;0;12;2019-01-18 10:07:18 +0200;https://osallistu.vantaa.fi/processes/meidan-korso/f/2/proposals/41;"";"";false;;
