id;created_at;body;locale;author/id;author/name;alignment;depth;user_group/id;user_group/name/ca;user_group/name/es;commentable_id;commentable_type;root_commentable_url
1;2018-04-16 18:23:25 UTC;Bona iniciativa;ca;2;Administrador;1;0;;"";"";2;Decidim::Accountability::Result;https://decidim.calafell.cat/processes/pressupostos-participatius-2018/f/5/results/2
112;2020-03-12 09:31:44 UTC;"Hello....
Agenter is a platform that creates employment opportunities for everyone who can earn commission as freelancers, agent and common people. To know more https://www.agenter.com/
[url=https://www.agenter.com/]Sales commission[/url]
<a href=""https://www.agenter.com/"">commission agent jobs</a>
";ca;2961;Salih;0;0;;"";"";81;Decidim::Accountability::Result;https://decidim.calafell.cat/processes/pam20192023/f/114/results/81
