id;created_at;body;locale;author/id;author/name;alignment;depth;user_group/id;user_group/name/ca;user_group/name/es;commentable_id;commentable_type;root_commentable_url
27;2018-09-27 21:07:55 UTC;Molt bona idea! Una manera d’aprofitar espai de la millor manera, per a petits i grans! ;ca;326;Joel ;0;0;;"";"";34;Decidim::Proposals::Proposal;https://decidim.calafell.cat/processes/pressupostos-participatius-2019/f/28/proposals/34
5;2018-09-18 19:41:35 UTC;Em sembla una bona proposta però crec que tambè s'hauria d'implantar a tot el municipi, sense oblidar Segur de Calafell que encara no hi ha.;ca;82;Susana;0;0;;"";"";15;Decidim::Proposals::Proposal;https://decidim.calafell.cat/processes/pressupostos-participatius-2019/f/28/proposals/15
6;2018-09-19 20:52:58 UTC;HOla necesitamos una pista de atletismo para todos los niños y niñas que le gustan practicar deporte. Deporte es salud y esta ciudad necesita esta pista para seguir mejorando.;ca;98;Manuel lopez varo;0;0;;"";"";9;Decidim::Proposals::Proposal;https://decidim.calafell.cat/processes/pressupostos-participatius-2019/f/28/proposals/9
7;2018-09-25 13:18:09 UTC;"Ho trobo una necessitat real i molt necessària que ha d'anar acompanyada de mesures REALS de promoció de l'ús bicicleta, especialment entre els més joves.
Hem de posar-nos a l'alçada de qualsevol ciutat moderna!
Participem de la setmana de mobilitat sostenible, fem la festa de la bicicleta... però res més! Cal capgirar-ho!";ca;78;JR;1;0;;"";"";27;Decidim::Proposals::Proposal;https://decidim.calafell.cat/processes/pressupostos-participatius-2019/f/28/proposals/27
8;2018-09-26 10:41:51 UTC;Com a Patrimoni de Calafell, reclam turístic... si afegim Patrimoni de la Humanitat per la Unesco, sens dubte les voltes del Bot, ahir, avui i demà seran caràcter de Calafell. ;ca;165;Salvi;0;0;;"";"";31;Decidim::Proposals::Proposal;https://decidim.calafell.cat/processes/pressupostos-participatius-2019/f/28/proposals/31
9;2018-09-26 12:16:51 UTC;Bona proposta, es podria utilitzar per retornar serveis a la Platja de Calafell.;ca;6;Jo;0;0;;"";"";17;Decidim::Proposals::Proposal;https://decidim.calafell.cat/processes/pressupostos-participatius-2019/f/28/proposals/17
10;2018-09-27 07:44:58 UTC;Molt bona idea!no ocupa gaire espai ja que estaria instalat a la paret....no necesita quasi manteniment i el mercat vell és el lloc perfecte!;ca;215;Gerard;0;0;;"";"";34;Decidim::Proposals::Proposal;https://decidim.calafell.cat/processes/pressupostos-participatius-2019/f/28/proposals/34
11;2018-09-27 07:46:19 UTC;Boníssima idea!!! Així els nostres nens poden fer una activitat psicomotriu diferent!!👌🏻;ca;217;Encarna;0;0;;"";"";34;Decidim::Proposals::Proposal;https://decidim.calafell.cat/processes/pressupostos-participatius-2019/f/28/proposals/34
12;2018-09-27 07:55:00 UTC;Es genial pel la formació dels petits i l entreteniment dels grans..;ca;218;Gerard salas;0;0;;"";"";34;Decidim::Proposals::Proposal;https://decidim.calafell.cat/processes/pressupostos-participatius-2019/f/28/proposals/34
13;2018-09-27 08:05:38 UTC;També haurien de tapar correctament totes les rases i sots que es fan i els que ja han fet les empreses de serveis a la calçada. SOREA,  GAS,  AJUNTAMENT,  ETC.;ca;220;Jo;0;0;;"";"";32;Decidim::Proposals::Proposal;https://decidim.calafell.cat/processes/pressupostos-participatius-2019/f/28/proposals/32
14;2018-09-27 09:05:38 UTC;Molt bona idea! Hem de fomentar tot tipus d'esport. El mercat vell es un bon espai per això. ;ca;225;Enric;0;0;;"";"";34;Decidim::Proposals::Proposal;https://decidim.calafell.cat/processes/pressupostos-participatius-2019/f/28/proposals/34
15;2018-09-27 10:46:31 UTC;Seria genial tenir un rocòdrom! Una nova activitat per totes les edats. El mercat vell seria un bon lloc!;ca;238;Júlia Crespin;0;0;;"";"";34;Decidim::Proposals::Proposal;https://decidim.calafell.cat/processes/pressupostos-participatius-2019/f/28/proposals/34
16;2018-09-27 11:06:27 UTC;"Molt bona idea!!! una activitat pendent al municipi de Calafell, al mercat vell es un bon lloc
";ca;239;Josep ;0;0;;"";"";34;Decidim::Proposals::Proposal;https://decidim.calafell.cat/processes/pressupostos-participatius-2019/f/28/proposals/34
17;2018-09-27 11:12:10 UTC;Genial idea!! A molts pobles està funcionant de meravella i seria fabulós poder-ne gaudir a Calafell també. ;ca;242;Jordi;0;0;;"";"";34;Decidim::Proposals::Proposal;https://decidim.calafell.cat/processes/pressupostos-participatius-2019/f/28/proposals/34
18;2018-09-27 11:28:16 UTC;Iep fantàstica iniciativa! El caliu que es genera a l entorn d'aquesta pràctica que et permet després viure-la en espai natural és un complent imprescindible en l educació eb temps de lleure! I en família!;ca;229;Anna Triadó I Soler;0;0;;"";"";34;Decidim::Proposals::Proposal;https://decidim.calafell.cat/processes/pressupostos-participatius-2019/f/28/proposals/34
19;2018-09-27 13:01:19 UTC;Bona iniciativa i ara que sabeu com funciona, feu el mateix per fer un carril bici com cal per a tot l any, que pogui conviure amb peatons i cotxes 👍🏼;ca;257;Ruben;1;0;;"";"";34;Decidim::Proposals::Proposal;https://decidim.calafell.cat/processes/pressupostos-participatius-2019/f/28/proposals/34
20;2018-09-27 13:50:34 UTC;Ja Ho he fet aquest matí! Que això també falta aquí !!!;ca;189;Cécile ;0;1;;"";"";19;Decidim::Comments::Comment;https://decidim.calafell.cat/processes/pressupostos-participatius-2019/f/28/proposals/34
21;2018-09-27 14:15:26 UTC;Bona proposta! Jo vaig gaudir molt a la Foixarda de Barcelona;ca;265;Marta Soler;0;0;;"";"";34;Decidim::Proposals::Proposal;https://decidim.calafell.cat/processes/pressupostos-participatius-2019/f/28/proposals/34
22;2018-09-27 15:51:14 UTC;Bona idea! ;ca;272;Juanan;0;0;;"";"";34;Decidim::Proposals::Proposal;https://decidim.calafell.cat/processes/pressupostos-participatius-2019/f/28/proposals/34
23;2018-09-27 16:14:33 UTC;Doy fe! ;ca;272;Juanan;0;0;;"";"";37;Decidim::Proposals::Proposal;https://decidim.calafell.cat/processes/pressupostos-participatius-2019/f/28/proposals/37
24;2018-09-27 18:40:51 UTC;Imprescindible! Dona mala imatge d’un poble que fa seu el lema del Turisme Familiar. Totes les families hi porten els nens i esta que fa peneta de veure’l.;ca;297;Ivan Solé;0;0;;"";"";37;Decidim::Proposals::Proposal;https://decidim.calafell.cat/processes/pressupostos-participatius-2019/f/28/proposals/37
25;2018-09-27 19:25:39 UTC;"Contacta amb Generalitat i tindre un preu assequible en el abonament del billet.
I no la bestiesa que es paga ara.";ca;302;Javier Bayona  Osorio;0;0;;"";"";13;Decidim::Proposals::Proposal;https://decidim.calafell.cat/processes/pressupostos-participatius-2019/f/28/proposals/13
26;2018-09-27 20:01:50 UTC;Es un dels carrers mes transitats per anar a l'escola La Ginesta, i al camp de futbol,  i realment està en mal estat ;ca;306;Charles;1;0;;"";"";32;Decidim::Proposals::Proposal;https://decidim.calafell.cat/processes/pressupostos-participatius-2019/f/28/proposals/32
28;2018-09-27 21:41:48 UTC;I es podria fer mes gran amb una zona de jocs per a nens menors de 2 anys, com hi ha al Passeig de Sant Joan de Barcelona. ;ca;270;Chamaquita ;0;0;;"";"";37;Decidim::Proposals::Proposal;https://decidim.calafell.cat/processes/pressupostos-participatius-2019/f/28/proposals/37
29;2018-09-28 10:44:41 UTC;Es molt bona idea;ca;340;Neus;0;0;;"";"";35;Decidim::Proposals::Proposal;https://decidim.calafell.cat/processes/pressupostos-participatius-2019/f/28/proposals/35
30;2018-09-29 12:35:24 UTC;Es una tradició que no s'hauria de perdre atès que estimar les tradicions es estimar les nostres arrels. És important saber d'on venim per decidir cap on volem anar. A més a més, és un esport molt complert i típic de tota la costa mediterrània...;ca;504;Jana Mañé ;1;0;;"";"";40;Decidim::Proposals::Proposal;https://decidim.calafell.cat/processes/pressupostos-participatius-2019/f/28/proposals/40
31;2018-09-29 19:59:52 UTC;Molts nens del Club Atletisme Calafell estan entrenant sense unes instalacions adequades. La nostra comarca, El Baix Penedès encara està sense una pista d'atletisme mentre que d'altres comarques ja en disposen.;ca;64;MARTA HITA;0;0;;"";"";9;Decidim::Proposals::Proposal;https://decidim.calafell.cat/processes/pressupostos-participatius-2019/f/28/proposals/9
32;2018-09-30 11:27:11 UTC;Qui perd els orígens perd la identitat. Aquest esport també és cultura de Calafell. S'hauria de fer el possible per conservar aquesta tradició i dignificar-la.;ca;629;Pau;0;0;;"";"";40;Decidim::Proposals::Proposal;https://decidim.calafell.cat/processes/pressupostos-participatius-2019/f/28/proposals/40
33;2018-10-06 20:17:12 UTC;Hi passan molta calor els alumnes a les aules. Es molt necessari.;ca;732;Tony vasago;0;0;;"";"";42;Decidim::Proposals::Proposal;https://decidim.calafell.cat/processes/pressupostos-participatius-2019/f/28/proposals/42
34;2018-10-14 09:01:37 UTC;"Una font d'aigua potable estaria molt be pel públic en general.



";ca;220;Jo;1;0;;"";"";43;Decidim::Proposals::Proposal;https://decidim.calafell.cat/processes/pressupostos-participatius-2019/f/28/proposals/43
35;2018-10-14 09:11:22 UTC;"Estic d'acord,  a Segur no arriba internet de qualitat. Ès necessaria la fibra óptica, urgentment.



";ca;220;Jo;0;0;;"";"";15;Decidim::Proposals::Proposal;https://decidim.calafell.cat/processes/pressupostos-participatius-2019/f/28/proposals/15
36;2018-10-14 09:17:54 UTC;Estoy de acuerdo. Tambien cabria pensar en un estacionamiento para descongestionar y dar movilidad al instituto La Talaia y comercios adyacentes. Solar frente ferreteria Hnos Martinez y Av. Alemania, facilmente acondicionable y accesible.;ca;220;Jo;0;0;;"";"";10;Decidim::Proposals::Proposal;https://decidim.calafell.cat/processes/pressupostos-participatius-2019/f/28/proposals/10
37;2018-10-14 09:33:49 UTC;Estic d'acord. Per a fomentar el no haver de fer recollida de tants trastos que obstaculitzen les voreres i fan mala imatge del poble.;ca;220;Jo;0;0;;"";"";19;Decidim::Proposals::Proposal;https://decidim.calafell.cat/processes/pressupostos-participatius-2019/f/28/proposals/19
38;2018-10-15 13:25:31 UTC;"Mail enviat el dia 21 d'Agost al Servei d'Atenció Ciutadana (sac@calafell.org) pel qual encara estic esperant resposta:

Bona nit,
Sóc el veí del Carrer Filipines 33B i m'adreço a vosaltres per exposar-vos el següent: 
tots els vehícles que pujen carrer amunt ho fan a una velocitar molt més alta que la permesa amb el  perill i soroll nocturn conseqüents.
Us voldria demanar que considereu posar salts de plàstic al llarg del carrer per tal que els vehícles redueixin a una velocitat adeqüada i així els nostres fills estiguin una mica més segurs quan creuen el crrer, doncs actualment no hi ha cap pas de zebra...
Salutacions cordials,
César Merino";ca;84;César Merino;0;0;;"";"";44;Decidim::Proposals::Proposal;https://decidim.calafell.cat/processes/pressupostos-participatius-2019/f/28/proposals/44
39;2018-10-26 09:33:48 UTC;Aquesta actuació és bàsica ja que els veïns que van a deixar la brossa a l'illa de contenidors han d'anar pel vell mig del carrer al no disposar de vorera aquesta part del carrer.  El mateix passa als usuaris del parc infantil i de gimnàstica, fet que s'agreuja quan plou .;ca;56;Albert Iturbe Recasens;0;0;;"";"";26;Decidim::Proposals::Proposal;https://decidim.calafell.cat/processes/pressupostos-participatius-2019/f/28/proposals/26
40;2018-10-26 14:44:34 UTC;M’agrada molt! ;ca;774;Vicky Benítez Blanco;0;0;;"";"";35;Decidim::Proposals::Proposal;https://decidim.calafell.cat/processes/pressupostos-participatius-2019/f/28/proposals/35
42;2018-10-29 16:24:12 UTC;No sóc usuari d'atlerisme, però crec que és mol necessari per els nostres infants i joves tenir instal.lacions adequades. Em vaig sorpendre quan vaig saber, que entrena a un parc públic(Sinia). Això no és de rebut.;ca;806;Ricard Sebastiàn Lagunas ;0;0;;"";"";9;Decidim::Proposals::Proposal;https://decidim.calafell.cat/processes/pressupostos-participatius-2019/f/28/proposals/9
43;2018-10-29 16:36:10 UTC;Tot i que tindrien que arribar fins a tota la línea de Calafell-Segur, per que Calafell som tots, platja, port, poble, Segur i urbanitzacions, iniciativa es bona per benefici de tots.;ca;806;Ricard Sebastiàn Lagunas ;0;0;;"";"";16;Decidim::Proposals::Proposal;https://decidim.calafell.cat/processes/pressupostos-participatius-2019/f/28/proposals/16
44;2018-10-29 16:44:53 UTC;Certament és una zona problemàtica del nostre municipi i cal posar-ho ordre i millores per garantir la seguretat dels ciutadans.;ca;806;Ricard Sebastiàn Lagunas ;1;0;;"";"";13;Decidim::Proposals::Proposal;https://decidim.calafell.cat/processes/pressupostos-participatius-2019/f/28/proposals/13
46;2018-10-29 21:09:28 UTC;es vital,  recuperar el patrimoni de calafell, donar suport a i iciatives colectives com l'associacio pati català decalafell per a fer viables projectes de restauracio y recuperacio del patrimoni de calafell!! Hi no nomes son els presupost, fa falta molta gent implicada per a dur a terme un projecte tan tradicional com la construccio dels vaixells tradicionals...;ca;823;cristian;0;0;;"";"";35;Decidim::Proposals::Proposal;https://decidim.calafell.cat/processes/pressupostos-participatius-2019/f/28/proposals/35
48;2018-11-01 13:00:40 UTC;Genial idea!!! Una molt bona activitat per introduir en Calafell que fomentaria la pràctica d’esport tant a petits com a adults!;ca;717;Anna;0;0;;"";"";34;Decidim::Proposals::Proposal;https://decidim.calafell.cat/processes/pressupostos-participatius-2019/f/28/proposals/34
49;2018-11-01 14:18:01 UTC;Colectivo vulnerable, necesita ayuda urgente, son seres vivos.;ca;126;Menuda;0;0;;"";"";23;Decidim::Proposals::Proposal;https://decidim.calafell.cat/processes/pressupostos-participatius-2019/f/28/proposals/23
50;2018-11-01 17:15:22 UTC;Bona proposta tant per reutilitzar el mercat  com per incentivar nous esports.;ca;910;ANNA;1;0;;"";"";34;Decidim::Proposals::Proposal;https://decidim.calafell.cat/processes/pressupostos-participatius-2019/f/28/proposals/34
53;2018-11-06 19:00:28 UTC;Cada vegada que plou és impossible aparcar allà, i si estigués asfaltat i senyalitzat hi cabrien més cotxes;ca;1109;Elena ;0;0;;"";"";24;Decidim::Proposals::Proposal;https://decidim.calafell.cat/processes/pressupostos-participatius-2019/f/28/proposals/24
54;2018-11-07 13:47:10 UTC;Ok;ca;1104;Lucia;1;0;;"";"";14;Decidim::Proposals::Proposal;https://decidim.calafell.cat/processes/pressupostos-participatius-2019/f/28/proposals/14
56;2018-11-09 15:48:36 UTC;Bona proposta i ens apropa a altres pobles de capital de comarca amb el mateix servei. Jo muntaria bulder i ens evitem vies més altes de tres metres, colxoneta i no faria falta més manteniment, evitar possibles accidents.;ca;1371;David;0;0;;"";"";34;Decidim::Proposals::Proposal;https://decidim.calafell.cat/processes/pressupostos-participatius-2019/f/28/proposals/34
59;2018-11-11 12:29:02 UTC;Les tradicions no es poden perdre. La historia pesquera de Calafell va unida a les desaparegudes barques que quan erem petits veiem a Calafell a la vora del mar i descobriem les diferents especies marines que habitaven a la costa calafellenca.;ca;1643;Cesar;0;0;;"";"";31;Decidim::Proposals::Proposal;https://decidim.calafell.cat/processes/pressupostos-participatius-2019/f/28/proposals/31
84;2019-09-15 18:54:53 UTC;El entorn de l'estació de Segur està brut i deixat, falta llum i sobre tot vigilancia que a certes hores fa por pasar-hi. Aceres trencades i torres d'alta tensió que són perilloses que ja seria hora de soterrar-les.;ca;2329;Maria Jose ;0;0;;"";"";13;Decidim::Proposals::Proposal;https://decidim.calafell.cat/processes/pressupostos-participatius-2019/f/28/proposals/13
113;2020-07-08 09:26:46 UTC;también se podría utilizar como reclamo turístico la terraza arreglándola daría mucho juego al turismo;ca;2130;Diego Mañogil;0;0;;"";"";17;Decidim::Proposals::Proposal;https://decidim.calafell.cat/processes/pressupostos-participatius-2019/f/28/proposals/17
91;2019-10-07 21:44:46 UTC;ok;ca;2491;Josep Maria Pons Vallès;1;0;;"";"";211;Decidim::Proposals::Proposal;https://decidim.calafell.cat/processes/pressupostos-participatius-2020/f/95/proposals/211
83;2019-09-13 20:33:05 UTC;Posible fusión con otras propuestas, muy viable económicamente debido a su baja inversión y con grandes beneficios y visión de futuro. Si quieres conocer más acerca de ello, dudas o sugerencia consultame. Gracias;ca;2139;juanma fernandez;0;0;;"";"";188;Decidim::Proposals::Proposal;https://decidim.calafell.cat/processes/pressupostos-participatius-2020/f/95/proposals/188
82;2019-09-13 19:57:35 UTC;Unas instalaciones decentes ya para los gimnastas de Calafell! Se lo merecen ya!;ca;1600;Anna ;0;0;;"";"";186;Decidim::Proposals::Proposal;https://decidim.calafell.cat/processes/pressupostos-participatius-2020/f/95/proposals/186
81;2019-09-13 19:21:32 UTC;Todo es poco para nuestra juventud y más si es para el deporte ;ca;2235;Dani Lloret Romero;0;0;;"";"";186;Decidim::Proposals::Proposal;https://decidim.calafell.cat/processes/pressupostos-participatius-2020/f/95/proposals/186
80;2019-09-13 16:55:54 UTC;Las niñas y niños que practican este deporte necesitan unas instalaciones dignas y fijas teniendo en cuenta que entre ellos hay un campeón del mundo y alguna campeona de España. ;ca;1148;José Vicente Royo Coll;0;0;;"";"";186;Decidim::Proposals::Proposal;https://decidim.calafell.cat/processes/pressupostos-participatius-2020/f/95/proposals/186
104;2019-10-17 13:35:28 UTC;me interesa vivo cerca y utilizo este paso con bicicleta y esta muy abandonado. Paso a la playa por una zona que podria ser muy bonita;ca;2750;Merce Carbo;1;0;;"";"";176;Decidim::Proposals::Proposal;https://decidim.calafell.cat/processes/pressupostos-participatius-2020/f/95/proposals/176
93;2019-10-07 22:06:16 UTC;Que conste Raquel que he contestado sin leerte primero. De instinto. De amor por lo que amamos. Me alegro que hablemos el mismo lenguaje. Pagamos, recibimos NO ES PARA MENOS. ;ca;1314;MCP;0;0;;"";"";168;Decidim::Proposals::Proposal;https://decidim.calafell.cat/processes/pressupostos-participatius-2020/f/95/proposals/168
92;2019-10-07 22:03:37 UTC;"Ara entenc... Alguna proposta s'ha rebutjat perquè aquesta havia d'entrar sí o sí! A Mas Romeu es necessita fibra òptica perquè siiii parlar ja d'ADSL no anem bé. Necessitem acondicionar el parc infantil i la pista. ARREGLAR L'ASFALT i no parxejar a lo cutre i barat. És necessita que els ELS EXCESSIUS IMPOSTOS QUE ES PAGUEN... es gastin en el que necessiten els parcelistes. A Mas Romeu es necessita més vigilància perquè això se va de madre. També es necessita que deforestin els boscos, que ens deixin de passar els avions per sobre... Es tan llarga la llista. Era fàcil encertar-ne alguna si realment hagués preguntat als ciutadans i els hi hagués deixat SINCERAMENT DECIDIR. És inconcebible  aquesta proposta que vostè fa. 
Els veïns... ";ca;1314;MCP;1;0;;"";"";168;Decidim::Proposals::Proposal;https://decidim.calafell.cat/processes/pressupostos-participatius-2020/f/95/proposals/168
90;2019-10-07 20:48:30 UTC;"No necessiten un pla de mobilitat que té per únic objectiu cobrar l'impost dels guals.
Aquí a Mas Romeu només paguem i paguem, els que paguem clar, els ocupes només gasten I molesten.
I Ramón, no tenim cap tipus de serve, ni telf, ni fibra, ni cobertura Mobil, ni voreres, ni seguretat, ni un accés a la urbanización lliure de perill, ja que qualsevol día un autobús s'empotrara amb algún cotxe a la Vaqueria, pq no hi caben.
No hi ha franja de seguretat amb els boscos, la llum s'en va cada dos per tres, la zona de LIuis Millet está sempre plena de porquería, pitjor que un abocado, els carrers están plens de forats que fan malb~ els cotxes,... I m'estas dient que necessitem que se'ns marquin els guals i els pasos de vianants, quines? 
Quin objectiu tens fent aquesta proposta? Només pregunto, perque no la deixes gens clara.
Segur que faras el millor per a Mas Romeu, així ho vull creure, Segur que ens possaras algún servei que no tenim, en compte de posar-nos més impostos.
Moltes grácies
Raq";ca;1882;Raquel Bejarano;0;0;;"";"";168;Decidim::Proposals::Proposal;https://decidim.calafell.cat/processes/pressupostos-participatius-2020/f/95/proposals/168
94;2019-10-07 22:06:51 UTC;Que conste Raquel que he contestado sin leerte primero. De instinto. De amor por lo que amamos. Me alegro que hablemos el mismo lenguaje. Pagamos, recibimos NO ES PARA MENOS.;ca;1314;MCP;0;1;;"";"";90;Decidim::Comments::Comment;https://decidim.calafell.cat/processes/pressupostos-participatius-2020/f/95/proposals/168
96;2019-10-09 11:56:01 UTC;Bona ubicació perquè els peques de Masmel tinguin un lloc on poder gaudir amb seguretat;ca;2509;Lasand;1;0;;"";"";165;Decidim::Proposals::Proposal;https://decidim.calafell.cat/processes/pressupostos-participatius-2020/f/95/proposals/165
77;2019-09-11 18:06:41 UTC;Seria maravilloso que hubiera una gran sombra, por que en verano no sabemos donde meternos : (;ca;729;Laia;1;0;;"";"";165;Decidim::Proposals::Proposal;https://decidim.calafell.cat/processes/pressupostos-participatius-2020/f/95/proposals/165
95;2019-10-09 08:09:16 UTC;Complementa el Parc de la Sinia a l'altre canto de Calafell;ca;2499;Jaime Codina Alvarez;1;0;;"";"";165;Decidim::Proposals::Proposal;https://decidim.calafell.cat/processes/pressupostos-participatius-2020/f/95/proposals/165
107;2019-10-20 09:08:01 UTC;Molt necessari;ca;2856;MJOSE;1;0;;"";"";160;Decidim::Proposals::Proposal;https://decidim.calafell.cat/processes/pressupostos-participatius-2020/f/95/proposals/160
100;2019-10-14 21:10:01 UTC;Tota millora per aquesta escola es una bona proposta;ca;1600;Anna ;0;0;;"";"";160;Decidim::Proposals::Proposal;https://decidim.calafell.cat/processes/pressupostos-participatius-2020/f/95/proposals/160
78;2019-09-13 11:07:37 UTC;Muy necesario.Es una propuesta para todo el municipio,no solo para una zona concreta.;ca;2038;Paola Ojeda;1;0;;"";"";152;Decidim::Proposals::Proposal;https://decidim.calafell.cat/processes/pressupostos-participatius-2020/f/95/proposals/152
74;2019-09-09 10:30:26 UTC;Cierto, y no solo eso. La población a crecido y son parques muy pequeños. Calafell y segur necesitan un gran parque de referencia donde pasar un buen rato y no marchar por qué no pueden jugar o se aburren porque solo hay 2 cosas..en verano hay más cosas pero es pagando y te salen las vacaciones más caras que marchando a un resort. Y ahora parece que quieren poner en el antiguo mercado un chikipark, ..pero más de lo mismo, pagando. Para los vecinos de calafell y segur entretener a nuestros hijos a veces nos sale muy caro.;ca;336;Jaime;0;0;;"";"";143;Decidim::Proposals::Proposal;https://decidim.calafell.cat/processes/pressupostos-participatius-2020/f/95/proposals/143
72;2019-09-06 20:37:10 UTC;Molt Bona proposta...donem molt mala imatge!;ca;271;Anna Casanova;0;0;;"";"";141;Decidim::Proposals::Proposal;https://decidim.calafell.cat/processes/pressupostos-participatius-2020/f/95/proposals/141
71;2019-09-06 17:23:40 UTC;Som-hi!;ca;1987;Carles;0;0;;"";"";141;Decidim::Proposals::Proposal;https://decidim.calafell.cat/processes/pressupostos-participatius-2020/f/95/proposals/141
70;2019-09-06 11:55:07 UTC;!!! Endavant !!!;ca;1983;Joan Sole;0;0;;"";"";141;Decidim::Proposals::Proposal;https://decidim.calafell.cat/processes/pressupostos-participatius-2020/f/95/proposals/141
85;2019-10-07 11:46:52 UTC;Bona proposta i és necessària;ca;2469;Anna;0;0;;"";"";132;Decidim::Proposals::Proposal;https://decidim.calafell.cat/processes/pressupostos-participatius-2020/f/95/proposals/132
73;2019-09-08 20:32:02 UTC;"Jo també comparteixo el tema de fomentar l esport a la platja i organitzar torneigos de futbol per exemple.
Gràcies.";ca;2041;Olga Flores Blanco;1;0;;"";"";127;Decidim::Proposals::Proposal;https://decidim.calafell.cat/processes/pressupostos-participatius-2020/f/95/proposals/127
68;2019-09-04 19:44:46 UTC;Mucha razón. Una vergüenza que se hayan ido quitando las porterías mientras que se conserva un lodazal sin sentido al lado, dónde solo hay estás y agua estancada.;ca;1947;Gonzalo Muñoz Salvador;0;0;;"";"";121;Decidim::Proposals::Proposal;https://decidim.calafell.cat/processes/pressupostos-participatius-2020/f/95/proposals/121
103;2019-10-16 19:48:34 UTC;No puede ser tener a nuestros hijos entrenando en una plaza de parking porque no hay donde entrenar. Es necesario para el crecimiento deportivo de nuestro pueblo.;ca;190;Oscar Naranjo Sánchez;0;0;;"";"";112;Decidim::Proposals::Proposal;https://decidim.calafell.cat/processes/pressupostos-participatius-2020/f/95/proposals/112
88;2019-10-07 14:30:27 UTC;Como secretaria de la escola futbol base Calafell comento que todos los niños de la escola quieren disfrutar de cesped nuevo en las instalaciones del segur para jugar y disfrutarlo 100%;ca;2477;Cristina Muela Aviles;0;0;;"";"";110;Decidim::Proposals::Proposal;https://decidim.calafell.cat/processes/pressupostos-participatius-2020/f/95/proposals/110
87;2019-10-07 13:51:27 UTC;El campo tiene clapas y zonas con distintos niveles , el césped que al caer y se están produciendo lesiones devidonal mal estado ;ca;2476;Jaime Diaz Draky;1;0;;"";"";110;Decidim::Proposals::Proposal;https://decidim.calafell.cat/processes/pressupostos-participatius-2020/f/95/proposals/110
86;2019-10-07 12:27:38 UTC;El campo está en muy mal estado. Aquí pasan muchos chicos/as cada día y se podrían hacer daño!!!;ca;2472;Guillermo Daniel Diaz;0;0;;"";"";110;Decidim::Proposals::Proposal;https://decidim.calafell.cat/processes/pressupostos-participatius-2020/f/95/proposals/110
76;2019-09-09 13:50:51 UTC;Les voreres són a més molt estretes i no permet passar amb cotxets ni cadires de rodes.  ;ca;2055;M.Teresa Alcoceba;0;0;;"";"";106;Decidim::Proposals::Proposal;https://decidim.calafell.cat/processes/pressupostos-participatius-2020/f/95/proposals/106
111;2019-10-20 21:37:50 UTC;Estic totalment d’ acord tambe puc dir que s’hauria de neteixar parceles abandonadas amb bruticia y rates es va comentar a l’ Alcalde pero ni cas al meu carrer Lliri a la altura del número 7 no funciona be la llum i es necesaria pel vespre en cuan al transport l’ horari es molt curt y que sigui cada hora fa perdre molt de temps volémosles mes millores ;ca;2030;Diana Tulleuda;0;0;;"";"";103;Decidim::Proposals::Proposal;https://decidim.calafell.cat/processes/pressupostos-participatius-2020/f/95/proposals/103
108;2019-10-20 20:36:39 UTC;Valldemar, carece de muchas cosas y una y muy principal también, arreglasen el camino de Calafell Park;ca;2892;Antonio;0;0;;"";"";103;Decidim::Proposals::Proposal;https://decidim.calafell.cat/processes/pressupostos-participatius-2020/f/95/proposals/103
75;2019-09-09 13:24:25 UTC;En valldemar se pagan los mismos impuestos que en el resto de calafell, porqué no tenemos ni la mitad de servicios??;ca;2054;maikny;0;0;;"";"";103;Decidim::Proposals::Proposal;https://decidim.calafell.cat/processes/pressupostos-participatius-2020/f/95/proposals/103
69;2019-09-04 20:25:57 UTC;Ya es hora q se invierta en las urbanizaciones .Esta muy abandonado todo . Se pusieron papeleras Y las quitaron por no venir a vaciarlas .;ca;1952;José ;0;0;;"";"";103;Decidim::Proposals::Proposal;https://decidim.calafell.cat/processes/pressupostos-participatius-2020/f/95/proposals/103
67;2019-09-04 18:40:25 UTC;" valldemar carece de tantas cosas... creo que es hora que el ayuntamiento y los vecinos la tengan en cuenta, ya que también es parte del pueblo pero no es tratada como tal por el simple hecho de estar alejada.
";ca;1942;Anna Sánchez;0;0;;"";"";103;Decidim::Proposals::Proposal;https://decidim.calafell.cat/processes/pressupostos-participatius-2020/f/95/proposals/103
66;2019-09-04 18:21:48 UTC;Además de nosotros, todo el municipio puede disfrutar de un precioso y sano entorno, dará vida a nuestra urbanización y servirá para educar a nuestros jóvenes en el respeto por la naturaleza.;ca;134;Malu;0;0;;"";"";103;Decidim::Proposals::Proposal;https://decidim.calafell.cat/processes/pressupostos-participatius-2020/f/95/proposals/103
62;2019-09-03 15:12:57 UTC;Nuestros jovenes ..necesitan pistas deportivas ,donde pasar tiempo con sus amigos ,y hacer deporte ,para estar entretenidos  y no caer en el desanimo y otras cosas ,tenemos que proporcionarles estos sitios ,los cuales no tenemos en valldemar ;ca;61;María Jesús duque herrera;0;0;;"";"";103;Decidim::Proposals::Proposal;https://decidim.calafell.cat/processes/pressupostos-participatius-2020/f/95/proposals/103
60;2019-09-02 22:58:52 UTC;En Valldemar carecemos de muchos servicios, entre otros , unas pistas deportivas con instalaciones sanitarias son necesarias para activar las relaciones sociales y no permitir que los jóvenes quieran marcharse del municipio, estas pistas serían un balón de oxígeno para la urbanización más abandonada del municipio, Valldemar lo merece.;ca;137;javaco;1;0;;"";"";103;Decidim::Proposals::Proposal;https://decidim.calafell.cat/processes/pressupostos-participatius-2020/f/95/proposals/103
79;2019-09-13 15:26:06 UTC;Los primeros que no votaron fueron los vecinos de la asociación de mas romeu ;ca;1907;Ruth Martín Lanzas;0;0;;"";"";99;Decidim::Proposals::Proposal;https://decidim.calafell.cat/processes/pressupostos-participatius-2020/f/95/proposals/99
65;2019-09-04 17:45:26 UTC;Se  planteó el año pasado pero por falta de votos no se llevó hacia adelante ;es;1924;Antonio Fernandez Redondo;0;0;;"";"";99;Decidim::Proposals::Proposal;https://decidim.calafell.cat/processes/pressupostos-participatius-2020/f/95/proposals/99
101;2019-10-15 06:49:18 UTC;Estic dacord;ca;2689;Nuria Martin;1;0;;"";"";97;Decidim::Proposals::Proposal;https://decidim.calafell.cat/processes/pressupostos-participatius-2020/f/95/proposals/97
61;2019-09-03 11:51:06 UTC;Que razón tienes. Todas las zonas verdes que se crean en este pueblo luego se abandonan. Da pena ver, como todo el dinero se queda en nada;ca;1876;Carol Muela Andres;1;0;;"";"";95;Decidim::Proposals::Proposal;https://decidim.calafell.cat/processes/pressupostos-participatius-2020/f/95/proposals/95
64;2019-09-03 20:39:14 UTC;Pienso que lo mejor sería instalar semáforos peatonales de los de pulsar el botón para pasar. En Julio y Agosto te juegas la vida para cruzar, no para nadie y van a toda velocidad ;ca;1928;Manuel Casado Monge;0;0;;"";"";116;Decidim::Proposals::Proposal;https://decidim.calafell.cat/processes/pressupostos-participatius-2020/f/95/proposals/116
63;2019-09-03 17:21:53 UTC;I on no hi ha passos de vianants s han de posar mecanismes que controlin la velocitat en el tram que va entre les dues estacions de trens;ca;702;aroa;0;0;;"";"";116;Decidim::Proposals::Proposal;https://decidim.calafell.cat/processes/pressupostos-participatius-2020/f/95/proposals/116
89;2019-10-07 20:24:50 UTC;Voto la propuesta porque creo que és imprescindible. Pero la propuesta original la hice yo. A ver si vota toda la gente que conoces y que te siguen tanto.. ;ca;1882;Raquel Bejarano;1;0;;"";"";128;Decidim::Proposals::Proposal;https://decidim.calafell.cat/processes/pressupostos-participatius-2020/f/95/proposals/128
148;2020-08-15 06:45:47 UTC;Seria interesante ampliar la propuesta a todas las rutas y puntos de interes posibles.;ca;2031;Oscar Sr;0;0;;"";"";245;Decidim::Proposals::Proposal;https://decidim.calafell.cat/processes/pressupostos-participatius-2021/f/120/proposals/245
146;2020-08-04 23:54:22 UTC;Muy interesante la propuesta con fines de crear condiciones para que los transeúntes, tanto los que viven en el pueblo como para los turistas que lo visitan pues mejoraría la accesibilidad  a la playa, así como la idea de hacer un parque natural en la ciudadela.;ca;3091;Carmen Lorenzo;1;0;;"";"";234;Decidim::Proposals::Proposal;https://decidim.calafell.cat/processes/pressupostos-participatius-2021/f/120/proposals/234
147;2020-08-08 18:11:00 UTC;Estaría muy bien para los chicos;ca;1263;Elizabet ;0;0;;"";"";244;Decidim::Proposals::Proposal;https://decidim.calafell.cat/processes/pressupostos-participatius-2021/f/120/proposals/244
149;2020-08-27 17:47:16 UTC;Fa temps en teníem una. Ara que ja estem al SXXI i que cada cop les persones respecten i es preocupen més pels animals, és el moment de ser un  poble que ajuda als més necessitats. ;ca;3200;Mónica;1;0;;"";"";253;Decidim::Proposals::Proposal;https://decidim.calafell.cat/processes/pressupostos-participatius-2021/f/120/proposals/253
150;2020-08-28 23:19:02 UTC;"Museu del Pany i la Clau
La persona de Jaume de Bargas, es fa respetar i estimar només per les seves qualitats personals, sino per la seva gran saviesa profesional ocupant el tercer lloc de la saga familiar plenament dedicada a la serralleria metal.lúrgica del ferro.
Coneixador dels antics treballs sobre furnal fins els actuals sistemes mecànics, tancaments de seguretat, li fa disposar d'un ampli bagatge d'enconi sobre el ofici de manyeria. Recuperació d'antics tancaments i reparació genersl de panys.
Persona, que es fa aprecia, per la seva manera humil de fer i alt grau d'estimació per el nostre Païs, aixi comtemplat en el temps per la plena dedicació en les seves tasques culturals de manera molt perseverant, li fa disposar d'un alt grau de solvencia en els seus proposits, per fer realitat el seu gran sonmi. I que tots plegats, gaudir de la creació del Museu del Pany i La Clau.
Una peça mes, per el enriquiment històric de futures generacions.
Signat,
Josep Giralt";ca;3205;Josep Giralt;1;0;;"";"";279;Decidim::Proposals::Proposal;https://decidim.calafell.cat/processes/pressupostos-participatius-2021/f/120/proposals/279
151;2020-08-29 11:30:06 UTC;"Es absolutamente necesaria una actuación para limitar la velocidad a 20 km/h. y elevar los pasos de peatones a nivel de la acera. Se ha demostrado la forma mas efectiva de seguridad. Una Avd. muy mal diseñada, con atropellos , muy peligrosa. Cuantos accidentes tendrán que ocurrir para solucionar un diseño hecho en los tiempos en que los coches eran los dueños y señores del espacio público? 
Afortunadamente los tiempos cambian a mejor en algunas cosas y hemos de reconvertir esta importante avenida, en un espacio seguro para los peatones, un lugar de paseo y encuentro con acceso fácil a los comercios desde la acera de zona azul. BASTA DE ATROPELLOS !!!  BASTA DE VEHÍCULOS  QUE PASAN POR LA AVENIDA SIN RESPETAR NADA!!!  BASTA DE UN TRAFICO INTENSO IRRESPETUOSO CON EL DESCANSO Y BIENESTAR DE LOS VECINOS!!!";ca;3213;José Antonio ;1;0;;"";"";232;Decidim::Proposals::Proposal;https://decidim.calafell.cat/processes/pressupostos-participatius-2021/f/120/proposals/232
152;2020-08-30 09:17:38 UTC;penso que és una iniciativa molt encertada i que , a part de complementar l’oferta cultural del municipi, pot ser origen d’atracció per visitants. Enric Martín;ca;3225;enric;0;0;;"";"";279;Decidim::Proposals::Proposal;https://decidim.calafell.cat/processes/pressupostos-participatius-2021/f/120/proposals/279
153;2020-08-30 14:42:24 UTC;"La proposta del ""Museu del Pany i la Clau"" em sembla força interessant per diferents motius.

De primer hem de tenir en compte que la part més important, Jaume de Bargas, ja ens la dona feta, i és el contingut del  museo, amb la seva història, catalogació, explicaciones, etc. tot ja fet, i que en realitat està ja funconant, a les seves expenses, en les millors condicions que a ell li ha estat possible de crear.
En segón lloc, un museu d'aquestes característiques és sumament útil per els escolars, i completa l'existència de la Ciutadella Ibèrica i d'altres llocs històrics, patrimoni de Calafell. El Museu del Pany i la Clau, en mans de l'Ajuntament, es podria aixemplar i enriquir amb les pròpies peçes del ferro, antigues,  que, probablement dormen el son dels justos en alguns magatzems desconeguts, amb el perill de la seva destrucció o pèrdua.
En tercer lloc, el fet d'enriquir el poble amb aquesta proposta cultural i històrica, contribuiria a filtrar un turisme de qualitat intel·lectual
";ca;3218;Nas Poètic de la Lluna Grup de Poesia;0;0;;"";"";279;Decidim::Proposals::Proposal;https://decidim.calafell.cat/processes/pressupostos-participatius-2021/f/120/proposals/279
154;2020-08-30 17:41:35 UTC;"1/2 Llegiu sius plau Recomano que us mireu el projecte sencer en el document annex, ja que tan sols en la proposta se'ns deixa ficar 500 caràcters: 
Durant anys les d’entitats de protecció i rescat animal han observat que a la nostra localitat la majoria d’animals de companyia NO ESTAN IDENTIFICATS, per lo tant existeix realment una gran necessitat la de impulsar aquesta proposta per un benefici dels animals i nostre. En principi es un dels principals requisits de la nostra ordenança municipal publicada al DOGC número 7364 de 8 de maig de 2017 , TÍTOL 2, CAPÍTOL 2 , Article 14 que te un cost per identificar 30-50€ i un cost per censar d’uns 5€
Article 14. Obligacions de les persones propietàries i posseïdores d’animals de companyia
1. Les persones propietàries o posseïdores d’animals de companyia estan obligats a:
a) Identificar-los electrònicament amb un microxip homologat d’acord amb l’article 3 del Decret 328/1998 ";ca;669;Anna Català ;0;0;;"";"";287;Decidim::Proposals::Proposal;https://decidim.calafell.cat/processes/pressupostos-participatius-2021/f/120/proposals/287
155;2020-08-30 17:43:49 UTC;"2- continuació
a)...Decret 328/1998 de forma indeleble i a proveir-se d’una cartilla sanitària oficial, de manera prèvia a la seva inscripció en el Registre Censal Municipal.
b) Inscriure l’animal en el Registre Censal Municipal, dins del termini de tres mesos des del naixement o de trenta dies des de la data d’adquisició, canvi de residència de l’animal o trasllat temporal per un període superior a tres mesos al terme municipal de Calafell. La persona propietària o posseïdora ha d’acreditar la identificació de l’animal, presentar el document acreditatiu lliurat per l’entitat responsable de la identificació i comunicar les dades de la persona propietària o posseïdora relatives al nom i cognoms, domicili, telèfon i DNI i les dades de l’animal relatives a l’espècie, raça, sexe, data de naixement, codi d’identificació i domicili habitual de l’animal, assegurança de responsabilitat civil així com també altres dades que es puguin establir per decret d’Alcaldia o per la Junta de Govern.
";ca;669;Anna Català ;0;0;;"";"";287;Decidim::Proposals::Proposal;https://decidim.calafell.cat/processes/pressupostos-participatius-2021/f/120/proposals/287
156;2020-08-30 17:44:30 UTC;"3-continuació
Anualment es recullen aproximadament més de 200 gossos trobats/perduts al municipi ( no contem els gats que en aquest municipi NO TENEN AQUEST PRIVILEGI DE SER RESCATATS), d’aquest 200 gossos tan sols un 30% arriben a estar identificats, la resta ni tenen xip ni estan identificats, per lo que retornar-los a les seves famílies es pot tornar tota una odissea i si som empàtics una molt mala experiència per els nostres animals tenir que estar engabiats dies, en un lloc fred, solitari i poc segur. 
També ens comporta unes despeses econòmiques anuals per cada animal trobat i no retornat al seu propietari i que es traslladat a (Protectora de Torredembarra/SPAC ( antic Olescan, amb denuncies de maltractament i centres tancats per autoritats) ens causa una despesa de més de 300€ per gos trobat. Anualment si multipliquem la xifra per 100 gossos que no son recuperats fan la fantàstica xifra de més de 30.000 Euros. 
";ca;669;Anna Català ;0;0;;"";"";287;Decidim::Proposals::Proposal;https://decidim.calafell.cat/processes/pressupostos-participatius-2021/f/120/proposals/287
157;2020-08-30 17:45:11 UTC;"4- 
Per altra banda i no menys important per aconseguir una societat civilitzada es important ensenyar-la, conscienciar-la i fer-la RESPONSABLE de les seves obligacions al tenir un animal de companyia; ja que mentre un animal no estigui identificat davant la llei no es pot demanar responsabilitats a ninguna persona física ja que es desconeix el propietari. Lo que vol dir es que malauradament la majoria d’abandonaments no comporten conseqüències, ni càstig per als RESPONSABLES CAUSANTS dels fets d’abandonament i maltractament.
Habitualment la Generalitat de Catalunya ja té una subvenció d’identificació d’animals de companyia anuals (que el nostre ajuntament ni demana, ni posa en pràctica). Degut al Covid-19 aquest any encara no han estat publicades i es desconeix si seguiran. Per lo que la proposta podria ser una de les millors sortides de millora en concepte de tinença responsable d’animals i aconseguir més consensos entre ciutadans. 
Per lo que les estadístiques acaben demostrant que ";ca;669;Anna Català ;0;0;;"";"";287;Decidim::Proposals::Proposal;https://decidim.calafell.cat/processes/pressupostos-participatius-2021/f/120/proposals/287
158;2020-08-30 17:45:47 UTC;"5-Per lo que les estadístiques acaben demostrant que no s’estan fent les coses bé, donem una empenta a que canviïn.
Deixo enllaç de l’ordenança municipal complerta molt interessant per els que estan interessats:

 http://calafell.cat/sites/default/files/I_20170724_2017_06136.pdf
";ca;669;Anna Català ;0;0;;"";"";287;Decidim::Proposals::Proposal;https://decidim.calafell.cat/processes/pressupostos-participatius-2021/f/120/proposals/287
159;2020-08-30 18:32:09 UTC;"Per desgracia aquesta proposta no serà acceptada ja que ja esta en projecte un centre d'acollida i adopció des de el 2016, les bases del procés. Ho sento seguirem esperant i esperant....
";ca;669;Anna Català ;0;0;;"";"";253;Decidim::Proposals::Proposal;https://decidim.calafell.cat/processes/pressupostos-participatius-2021/f/120/proposals/253
160;2020-08-30 18:43:46 UTC;"Jaume de Bargas, és una autèntica personalitat en el terreny del pany i de la clau, labor que ha desenvolupat durant molts anys a Barcelona on va ser seleccionat per l'ajuntament per a confeccionar la clau de la ciutat oferta al Papa.        En el seu domicili té una extensa col.lecció de panys i claus de des de l'antiguitat fins els nostres dies amb explicacions molt didàctiques tan pel públic en general com pels escolars que ell ofereix desinteressadament a Calafell. Serà un goig tenir tenir-la com a Museu municipal.  



 ";ca;3230;Antoni Freixes;0;0;;"";"";279;Decidim::Proposals::Proposal;https://decidim.calafell.cat/processes/pressupostos-participatius-2021/f/120/proposals/279
161;2020-08-31 14:10:11 UTC;Vivo a pié de via del tren en Segur de Calafell, y ahora que pasan los trenes de carga es super necesaria esta propuesta, sobretodo para la noche, no se puede dormir.;ca;1301;Eulàlia Massuet Torrus;0;0;;"";"";284;Decidim::Proposals::Proposal;https://decidim.calafell.cat/processes/pressupostos-participatius-2021/f/120/proposals/284
162;2020-09-11 18:16:02 UTC;Es un problema más importante de lo que pensamos, tenemos a vecinos de nuestra comunidad que no pueden dormir, os pedimos vuestro apoyo. muchas gracias;ca;2465;José Javier Nieto Checa;1;0;;"";"";284;Decidim::Proposals::Proposal;https://decidim.calafell.cat/processes/pressupostos-participatius-2021/f/120/proposals/284
163;2020-09-12 11:25:37 UTC;No se debería tratar de un proyecto para presupuestos municipales, pero la falta de empatía de ADIF/RENFE con todos los vecinos que no pueden dormir por el paso de mercancías hace que sea un proyecto necesario para la salud de los vecinos de la zona. Hay otros proyectos interesantes, pero el descanso de los vecinos está por encima de todo.;ca;3291;Josefa Muñoz;0;0;;"";"";284;Decidim::Proposals::Proposal;https://decidim.calafell.cat/processes/pressupostos-participatius-2021/f/120/proposals/284
164;2020-09-16 10:34:31 UTC;"Es algo muy importante para el municipio de calafell y para todos los vecinos que vivimos cerca de las vías del tren .
Aparte de la mejora para el turismo de hoteles apartamentos cercanos al tren 
Proyectos para calafell hay muchos y todos importantes pero creo que este es necesario para la salud de todos los vecinos que estamos empadronados en este pueblo y vivimos todo el año en este municipio cerca de las vías del tren .";ca;2733;ANGEL RABAL LUJAN;0;0;;"";"";284;Decidim::Proposals::Proposal;https://decidim.calafell.cat/processes/pressupostos-participatius-2021/f/120/proposals/284
165;2020-09-16 11:02:21 UTC;"Vivo pegada a las vías del tren, es imposible vivir en estas condiciones diarias,  con el paso del tren de mercancías , sin comerlo ni beberlo estamos en esta situación . He de decir que cuando pasa, ademas de ir a unas velocidades extremas  y de la inmensa largura de dichos trenes, vibra toda nuestra casa y todo lo que hay en el contorno , aparte de pasar a todas horas tanto de día como de noche, no hay límite de horas . Esto es impresionante . Solo me gustaría que algunos dirigentes o altos mandatarios de RENFE pudieran vivir aquí y que lo pudieran comprobar en sus propias carnes .
Esperamos que todos los comentarios junto con las votaciones no vaya a SACO ROTO";ca;3299;Santi Parraga;0;0;;"";"";284;Decidim::Proposals::Proposal;https://decidim.calafell.cat/processes/pressupostos-participatius-2021/f/120/proposals/284
166;2020-09-28 10:35:32 UTC;De veritat que costa tant posar reductors de velocitat al carrer per tal d'evitar les altes velocitats a les que pugen els cotxes per aquest carrer?;ca;84;César Merino;0;0;;"";"";252;Decidim::Proposals::Proposal;https://decidim.calafell.cat/processes/pressupostos-participatius-2021/f/120/proposals/252
