id;category/id;category/name/ca;category/name/es;category/name/en;scope/id;scope/name/ca;scope/name/es;scope/name/en;participatory_space/id;participatory_space/url;component/id;title;body;state;reference;answer/ca;answer/es;answer/en;supports;endorsements/total_count;endorsements/user_endorsements;comments;attachments;followers;published_at;url;meeting_urls;related_proposals;is_amend;original_proposal/title;original_proposal/url
5057;;"";"";"";;"";"";"";255;http://decidim-gualba.diba.cat/processes/Pressupost2020Gualba?participatory_process_slug=Pressupost2020Gualba;1101;Taules de ping pong a can figueres;"Hola a tots i totes,

La meva proposta és la de posar dues taules de ping pong a can figueres, per fomentar l’esport i la trobada a l’aire lliure i anar ampliant els recursos de lleure. 

Tot i que en realitat crec que hi ha moltíssimes més prioritats per Gualba i sobretot  en el context actual que no es podem contemplar en aquesta convocatòria pels requisits exigits. Ja que penso més en serveis i recursos encaminats a infància i joventut que en mobiliari urbà.
#GualbaDecideix";accepted;gualba-PROP-2020-05-5057;<p>La comissió tècnica ha considerat adient validar la proposta presentada, ja que compleix amb els requisits tècnics definits prèviament.</p><p>Tanmateix, per executar-la caldrà ampliar el grau de definició de la proposta. En cas que surti guanyadora, la Comissió tècnica, amb la col.laboració de la persona que l'ha realitzat, definiran aquells aspectes necessàris perquè tiri endavant.</p><p>La comissió tècnica ha xifrat el pressupost d'execució previst en 3.000 €, malgrat pot tenir alguna variació en funció de com s'acabi formalitzant.</p>;"";"";15;2;Elsa, Miguel Angel;0;0;23;2020-05-24 11:36:51 +0200;http://decidim-gualba.diba.cat/processes/Pressupost2020Gualba/f/1101/proposals/5057;"";"";false;;
5202;;"";"";"";;"";"";"";255;http://decidim-gualba.diba.cat/processes/Pressupost2020Gualba?participatory_process_slug=Pressupost2020Gualba;1101;Estanteries per ordenar material de so i il·luminació;"Una estanteria de mecanotubo de paret a paret en el magatzem del tanatori per ordenar i classificar tot el material de so, il·luminació, generadors i decorats. Actualment aquest material està dispers i tirat de qualsevol manera i és material de molts diners.

Associació Cultural 12+1 de Gualba
Entre 2000-2500 €
#GualbaDecideix";accepted;gualba-PROP-2020-06-5202;<p>La comissió tècnica ha considerat adient validar la proposta presentada, ja que compleix amb els requisits tècnics definits prèviament.</p><p>En cas que surti guanyadora, la Comissió tècnica, amb la col.laboració de la persona que l'ha realitzat, definiran aquells aspectes necessàris perquè tiri endavant.</p><p>La comissió tècnica ha xifrat el pressupost d'execució previst en una xifra que pot variar entre els 2.000 i els 3.000 €.</p><p><br></p><p><br></p>;"";"";7;1;Miquel Herre;1;0;22;2020-06-08 11:41:35 +0200;http://decidim-gualba.diba.cat/processes/Pressupost2020Gualba/f/1101/proposals/5202;"";"";false;;
5199;;"";"";"";;"";"";"";255;http://decidim-gualba.diba.cat/processes/Pressupost2020Gualba?participatory_process_slug=Pressupost2020Gualba;1101;Millorar accessibilitat camí ral;"Millorar l'accés al camí ral des de la font de Can Blanxó, afavorir que la gent gran pugui gaudir d'aquest camí (que és planer i de bon transitar per les que tenim la mobilitat condicionada) i fer exercici en contacte amb la natura; Consisteix en fer unes escales o un baixador que comuniqui el camí ral amb la font. Actualment és un marge que rellisca bastant. El pressupost... des de quatre cops d'aixada i ficar pedres fins a fer unes escales en condicions. Potser posar-hi una barana.
#GualbaDecideix";accepted;gualba-PROP-2020-06-5199;<p>La comissió tècnica ha considerat adient validar la proposta presentada, ja que compleix amb els requisits tècnics definits prèviament.</p><p>Tanmateix, per executar-la caldrà ampliar el grau de definició de la proposta ja que necessita d'un projecte tècnic. En cas que surti guanyadora, la Comissió tècnica, amb la col.laboració de la persona que l'ha realitzat, definiran aquells aspectes necessàris perquè tiri endavant.</p><p>La comissió tècnica ha xifrat el pressupost d'execució previst en una xifra que pot variar entre els 9.000 i els 12.000€, malgrat pot tenir alguna variació en funció de com s'acabi formalitzant.</p><p><br></p><p><br></p>;"";"";25;0;"";0;0;23;2020-06-06 12:20:47 +0200;http://decidim-gualba.diba.cat/processes/Pressupost2020Gualba/f/1101/proposals/5199;"";"";false;;
5236;;"";"";"";;"";"";"";255;http://decidim-gualba.diba.cat/processes/Pressupost2020Gualba?participatory_process_slug=Pressupost2020Gualba;1101;"Restauració ""illeta""";"Arreglar (o fer noves, en pedra) les escales que van de la ""illeta"" al camí del RACC. Hi ha molts graons que estan podrits, fluixos, torts o falten trossos, a part del que rellisquen. Restaurar el ""monument"" de l'arboç que hi ha al costat de la font abans de que s'acabi de podrir. Reposar les plaques explicatives del que simbolitza aquest arbre, que ja no es poden llegir. Uns 2 o 3.000€
#GualbaDecideix";accepted;gualba-PROP-2020-06-5236;<p>La comissió tècnica ha considerat adient validar la proposta presentada, ja que compleix amb els requisits tècnics definits prèviament.</p><p>Tanmateix, per executar-la caldrà ampliar el grau de definició de la proposta ja que necessita d'un projecte tècnic. En cas que surti guanyadora, la Comissió tècnica, amb la col.laboració de la persona que l'ha realitzat, definiran aquells aspectes necessàris perquè tiri endavant.</p><p>La comissió tècnica ha xifrat el pressupost d'execució previst en una xifra que pot variar entre els 3.000 i els 6.000€, malgrat pot tenir alguna variació en funció de com s'acabi formalitzant.</p><p><br></p><p><br></p>;"";"";19;0;"";0;0;22;2020-06-11 09:59:05 +0200;http://decidim-gualba.diba.cat/processes/Pressupost2020Gualba/f/1101/proposals/5236;"";"";false;;
5160;;"";"";"";;"";"";"";255;http://decidim-gualba.diba.cat/processes/Pressupost2020Gualba?participatory_process_slug=Pressupost2020Gualba;1101;Equipar la biblioteca de l'escola perquè arribi a ser la biblioteca del poble!;"-Comprar mobiliari per crear espais de lectura adequats als més petits, un espai atractiu on els nens/es se sentin a gust.                            -Crear espais d'estudi pels més grans, amb ordinadors de consulta.                                            - Dotar de més llibres i contes la biblioteca de tots.                                                           Gràcies!
#GualbaDecideix";accepted;gualba-PROP-2020-06-5160;<p>La comissió tècnica ha considerat adient validar la proposta presentada, ja que compleix amb els requisits tècnics definits prèviament.</p><p>Tanmateix, per executar-la caldrà ampliar el grau de definició de la proposta i matisar-ne alguns camps que podrien quedar fora de l'abast d'uns pressupostos participatius. En cas que surti guanyadora, la Comissió tècnica, amb la col.laboració de la persona que l'ha realitzat, definiran tot allò necessari perquè tiri endavant.</p><p>La comissió tècnica ha xifrat el pressupost d'execució previst en 3.000 €, malgrat pot tenir alguna variació en funció de com s'acabi formalitzant.</p><p><br></p><p><br></p>;"";"";13;1;Eduard Puigjaner Colom;0;0;21;2020-06-03 18:30:36 +0200;http://decidim-gualba.diba.cat/processes/Pressupost2020Gualba/f/1101/proposals/5160;"";"";false;;
4304;;"";"";"";;"";"";"";255;http://decidim-gualba.diba.cat/processes/Pressupost2020Gualba?participatory_process_slug=Pressupost2020Gualba;1101;Millora i bifurcació del Carrer Eugeni d'Ors;"Arreglar la baixada cap a la riera col·locant una barana i uns graons respectant l'entorn tant estètic com natural per arribar a la font de la illeta. Pavimentar i establint punts d'enlluernament públic.
Evitarem que en moments de temporal o pluja el camí posi en perill la gent que passa.
Per decència democràtica i respectant la memòria històrica, és necessari no mantenir el nom de carrer vinculat a la dictadura Franquista. El cost dependria de les actuacions i la intencionalitat.
#GualbaDecideix";accepted;gualba-PROP-2020-04-4304;<p>La comissió tècnica ha considerat adient validar la proposta presentada, ja que compleix amb els requisits tècnics definits prèviament tot i que es vol clarificar que només s'executarà, en cas de ser guanyadora, allò referent a la millora de l'acessibilitat, ja que el canvi de nom del carrer queda fora de l'abast d'uns pressupostos participatius.</p><p>Per executar-la caldrà ampliar el grau de definició de la proposta ja que necessita d'un projecte tècnic. En cas que surti guanyadora, la Comissió tècnica, amb la col.laboració de la persona que l'ha realitzat, definiran aquells aspectes necessàris perquè tiri endavant.</p><p>La comissió tècnica ha xifrat el pressupost d'execució previst en una xifra que pot variar entre els 6.000 i els 9.000€, malgrat pot tenir alguna variació en funció de com s'acabi formalitzant.</p><p><br></p><p><br></p>;"";"";10;0;"";6;1;22;2020-04-28 12:45:43 +0200;http://decidim-gualba.diba.cat/processes/Pressupost2020Gualba/f/1101/proposals/4304;"";"";false;;
5155;;"";"";"";;"";"";"";255;http://decidim-gualba.diba.cat/processes/Pressupost2020Gualba?participatory_process_slug=Pressupost2020Gualba;1101;Millorar seguretat a l'Accés de l'escola;"La proposta vol aprofitar per cercar una fórmula de millora de l'accés dels infants a l'escola. Equival a posar unes baranes a les sortides i pintar un pas de zebra de color diferent.
#GualbaDecideix";accepted;gualba-PROP-2020-06-5155;<p>La comissió tècnica ha considerat adient validar la proposta presentada, ja que compleix amb els requisits tècnics definits prèviament.</p><p>En cas que surti guanyadora, la Comissió tècnica, amb la col.laboració de la persona que l'ha realitzat, definiran aquells aspectes necessàris perquè tiri endavant.</p><p>La comissió tècnica ha xifrat el pressupost d'execució previst en 3.000 €, malgrat pot tenir alguna variació en funció de com s'acabi formalitzant.</p>;"";"";11;0;"";0;1;22;2020-06-02 18:53:28 +0200;http://decidim-gualba.diba.cat/processes/Pressupost2020Gualba/f/1101/proposals/5155;"";"";false;;
5157;;"";"";"";;"";"";"";255;http://decidim-gualba.diba.cat/processes/Pressupost2020Gualba?participatory_process_slug=Pressupost2020Gualba;1101;Col·locació de taules als voltants de l’escola per aprofitar l’entorn com a aula. ;"Com a mare i mestra coincideixo amb altres persones del poble que l’entorn de Gualba és privilegiat. I convida als nostres infants i mestres a realitzar una part de les activitats escolar a l’exterior. La proposta seria col·locar dues taules de fusta en dos espais dels voltants de l’escola. Seria un recurs més a tenir en compte per tal de poder fer classe en grups reduïts i a l'aire lliure. Per descomptat que també és una proposta per tothom que en vulgui fer-ne ús en moments d’oci.
#GualbaDecideix";accepted;gualba-PROP-2020-06-5157;<p>La comissió tècnica ha considerat adient validar la proposta presentada, ja que compleix amb els requisits tècnics definits prèviament. </p><p>Tanmateix, per executar-la caldrà ampliar el grau de definició de la proposta. En cas que surti guanyadora, la Comissió tècnica, amb la col.laboració de la persona que l'ha realitzat, definiran aquells aspectes necessàris perquè tiri endavant.</p><p>D'entrada, la comissió tècnica ha xifrat el pressupost d'execució previst en una quantitat que pot anar dels  3.000 a 6.000 €.</p>;"";"";7;0;"";0;1;22;2020-06-02 23:46:26 +0200;http://decidim-gualba.diba.cat/processes/Pressupost2020Gualba/f/1101/proposals/5157;"";"";false;;
4133;;"";"";"";;"";"";"";255;http://decidim-gualba.diba.cat/processes/Pressupost2020Gualba?participatory_process_slug=Pressupost2020Gualba;1101;Recursos nous per la Coral de Gualba;"En nom de la Junta, entenem i som molt conscients que en aquests moments la demanda de millores de la nostra entitat passa a segon terme, ja que hi ha altres prioritats per a resoldre.
Si amb tot això es pot millorar la nostra entitat, ens convindria: Un piano elèctric, uns suros per les parets de Can Xiroi, un mirall i una estanteria. I per poder millorar una mica l'acústica de la sala, ens convindria posar unes teles que fessin de sostre a l'escenari, per evitar tanta alçada.
#GualbaDecideix";accepted;gualba-PROP-2020-04-4133;<p>La comissió tècnica ha considerat adient validar la proposta presentada, ja que compleix amb els requisits tècnics definits prèviament. </p><p>Malgrat la proposta està definida, caldrà concretar el pressupost si surt guanyadora. D'entrada, la comissió tècnica ha xifrat el pressupost d'execució previst en una quantitat que pot anar dels  3.000 a 6.000 €.</p><p><br></p><p><br></p>;"";"";9;0;"";0;1;22;2020-04-21 21:00:58 +0200;http://decidim-gualba.diba.cat/processes/Pressupost2020Gualba/f/1101/proposals/4133;"";"";false;;
3885;;"";"";"";;"";"";"";255;http://decidim-gualba.diba.cat/processes/Pressupost2020Gualba?participatory_process_slug=Pressupost2020Gualba;1101;Retolació accés Can Pla;"A l’accés del veïnat de Can Pla es podria instal·lar, aprop de la zona dels contenidors d’escombraries i de la parada de bus, un rètol de certes dimensions, d’acer tipus Corten o similar, retroiluminat, sobre una base de pedra o formigó, indicant CAN PLA, com a mesura d embelliment, atès que aquesta entrada no resulta gens atractiva en el seu estat actual. El cost aproximat és de 8.000€.
#GualbaDecideix";withdrawn;gualba-PROP-2020-03-3885;<p>La comissió tècnica ha considerat adient validar la proposta presentada, ja que compleix amb els requisits tècnics definits prèviament, i que encaixa amb d'altres iniciatives que l'ajuntament ha tirat endavant recentment al mateix entorn. </p><p>Tanmateix, per executar-la caldrà ampliar el grau de definició de la proposta. En cas que surti guanyadora, la Comissió tècnica, amb la col.laboració de la persona que l'ha realitzat, definiran aquells aspectes necessàris perquè tiri endavant.</p><p>La comissió tècnica ha xifrat el pressupost d'execució previst en 8.000 €, malgrat pot tenir alguna variació en funció de com s'acabi formalitzant.</p><p><br></p><p><br></p>;"";"";1;0;"";0;1;21;2020-03-11 19:35:57 +0100;http://decidim-gualba.diba.cat/processes/Pressupost2020Gualba/f/1101/proposals/3885;"";"";false;;
5208;;"";"";"";;"";"";"";255;http://decidim-gualba.diba.cat/processes/Pressupost2020Gualba?participatory_process_slug=Pressupost2020Gualba;1101;Esbart Jove de Gualba - Vestuari;"Es tractaria de renovar el vestuari dels homes del grup de veterans, fent uns vestits nous de vellut amb els seus complements. No tenim recursos per comprar la roba i pagar a la modista i  el vestuari actual té més de 25 anys, el seu desgast és evident.
També faltaria ajuda per finançar el trasllat del vestuari i material al nou lloc que se’ns ha assignat. Això ens comporta una despesa en l’adaptació de les lleixes i mobiliari existents i nou material.
Som conscients de les prioritats actuals.
#GualbaDecideix";accepted;gualba-PROP-2020-06-5208;<p>La comissió tècnica ha considerat adient validar la proposta presentada, ja que compleix amb els requisits tècnics definits prèviament.</p><p>Tanmateix, per executar-la caldrà ampliar el grau de definició de la proposta i matisar-ne alguns camps. En cas que surti guanyadora, la Comissió tècnica, amb la col.laboració de la persona que l'ha realitzat, definiran tot allò necessari perquè tiri endavant.</p><p>La comissió tècnica ha xifrat el pressupost d'execució previst en 3.000 €, malgrat pot tenir alguna variació en funció de com s'acabi formalitzant.</p><p><br></p><p><br></p>;"";"";5;0;"";0;0;24;2020-06-08 20:20:10 +0200;http://decidim-gualba.diba.cat/processes/Pressupost2020Gualba/f/1101/proposals/5208;"";"";false;;
5203;;"";"";"";;"";"";"";255;http://decidim-gualba.diba.cat/processes/Pressupost2020Gualba?participatory_process_slug=Pressupost2020Gualba;1101;Allargar el camí de la font can Blanxó al molí;"Beneficia a tot el poble per passejar des de la Illeta passant per Can Pó, Can Duarry, Cases Blanques, Depuradora, Font de Can Blanxó, El Molí, Can Xec I tornar a la Illeta.

Per poder dona la volta a la riera.
#GualbaDecideix";rejected;gualba-PROP-2020-06-5203;<p>La comissió tècnica ha considerat adient desestimar la proposta presentada, ja que no compleix amb els requisits tècnics definits prèviament</p><p>Malgrat es considera que aborda una proposta de gran interès, és inviable donat que part de l'àmbit d'actuació no és de titularitat municipal. L'Ajuntament està treballant en aquest tema des de fa temps per mirar de trobar una solució idònia per a totes les parts.</p><p><br></p><p><br></p>;"";"";0;0;"";0;0;22;2020-06-08 11:48:02 +0200;http://decidim-gualba.diba.cat/processes/Pressupost2020Gualba/f/1101/proposals/5203;"";"";false;;
5244;;"";"";"";;"";"";"";255;http://decidim-gualba.diba.cat/processes/Pressupost2020Gualba?participatory_process_slug=Pressupost2020Gualba;1101;Afavorir les activitats de les associacions, especialment noves i futures;"Habilitar/equipar amb estanteries,taules,cadires i armaris algun espai (p. ex. la era de Can Figueras, el garatge de Can Sanmartí...) per tal que les entitats, especialment les noves, hi puguin fer activitats,tallers i desar-hi material (durant dies, setmanes...). Potser seria suficient posar un pany en alguna habitació de Can Sanmartí, però, seria millor que es pogués fer a l'aire lliure.
Des de 1.000€ d'un parell d'estanteries, cadires i taules, fins a 5.000 d'incloure algun lavabo.
#GualbaDecideix";rejected;gualba-PROP-2020-06-5244;"<p>La comissió tècnica ha considerat adient desestimar la proposta presentada, ja que no compleix amb els requisits tècnics definits prèviament</p><p>Malgrat es considera que aborda una temàtica interessant, és inviable ja que els epais que es volen utilitzar no compleixen els critèris establerts; la sala de l'era està destinada a usos temporals i exposicions i el garatge de Can Sanmartí no compleix amb els requisits físics mínims i necessitaria d'un projecte de rehabilitació.</p><p>L'Ajuntament està treballant en aquest tema des de fa temps per mirar de trobar una solució idònia per a totes les parts.</p><p><br></p><p><br></p>";"";"";0;0;"";1;0;22;2020-06-11 19:42:00 +0200;http://decidim-gualba.diba.cat/processes/Pressupost2020Gualba/f/1101/proposals/5244;"";"";false;;
4080;;"";"";"";;"";"";"";255;http://decidim-gualba.diba.cat/processes/Pressupost2020Gualba?participatory_process_slug=Pressupost2020Gualba;1101;Ajudes a famílies afectades pel Covid19;"La proposta és poder destinar els diners d'aquest procés a ajudar a les famílies afectades econòmicament pel coronavirus. Serà difícil de mesurar i de poder concretar però crec que donada la situació és molt necessari.
Pot ser via fer front a algun lloguer o rebut de llum, gas o aigua o amb vales per poder adquirir menjar o  vales per benzina o rebut de telèfon i/o internet.
#GualbaDecideix";rejected;gualba-PROP-2020-04-4080;<p>La comissió tècnica ha considerat adient desestimar la proposta presentada, ja que no compleix amb els requisits tècnics definits prèviament</p><p>Malgrat es considera que aborda una temàtica prioritària actualment, escapa de l'abast d'uns pressupostos participatius. Tanmateix, l'Ajuntament està treballant des de fa mesos en aquesta línia a través de serveis socials i recentment ha ampliat una línia d'ajuts per a fer front a aquesta situació. </p>;"";"";0;0;"";1;0;22;2020-04-15 22:44:23 +0200;http://decidim-gualba.diba.cat/processes/Pressupost2020Gualba/f/1101/proposals/4080;"";"";false;;
3950;;"";"";"";;"";"";"";255;http://decidim-gualba.diba.cat/processes/Pressupost2020Gualba?participatory_process_slug=Pressupost2020Gualba;1101;Aportem el nostre granet de sorra per fer front al Coronavirus!;"Ajudem a contrarestar el contagi o les  seves conseqüències.
Si es vol fer enfocat al municipi de Gualba, que serveixi perquè hi hagi un equip sanitari ben equipat al CAP,  fer servir l'edifici pel que calgui,  assistir a avis i gent vulnerable perquè no els hi falti res; comprar  tests, mascaretes per la màxima gent possible del municipi, desinfectar...
Si no es poden fer servir els diners immediatament,  que serveixin per alliberar a la gent d'algun impost, taxa, crear un menjador social...
#GualbaDecideix";rejected;gualba-PROP-2020-03-3950;<p>La comissió tècnica ha considerat adient desestimar la proposta presentada, ja que no compleix amb els requisits tècnics definits prèviament</p><p>Malgrat es considera que aborda una temàtica prioritària actualment, escapa de l'abast d'uns pressupostos participatius. Tanmateix, l'Ajuntament està treballant des de fa mesos en aquesta línia a través de serveis socials i recentment ha ampliat una línia d'ajuts per a fer front a aquesta situació. </p>;"";"";0;0;"";1;0;22;2020-03-24 16:41:15 +0100;http://decidim-gualba.diba.cat/processes/Pressupost2020Gualba/f/1101/proposals/3950;"";"";false;;
3879;;"";"";"";;"";"";"";255;http://decidim-gualba.diba.cat/processes/Pressupost2020Gualba?participatory_process_slug=Pressupost2020Gualba;1101;Faroles Sector Can Clarens ;"2000€ aprox.  Pintura i conservació

?  € posar-les noves
#GualbaDecideix";accepted;gualba-PROP-2020-03-3879;"<p>La comissió tècnica ha considerat adient validar la proposta presentada, ja que compleix amb els requisits tècnics definits prèviament, i que encaixa amb&nbsp;d'altres&nbsp;iniciatives que l'ajuntament ha tirat endavant recentment al mateix entorn.</p><p>Tanmateix, per executar-la caldrà ampliar el grau de definició de la proposta. En cas que surti guanyadora, la Comissió tècnica, amb la&nbsp;col·laboració&nbsp;de la persona que l'ha realitzat, definiran aquells aspectes&nbsp;necessaris&nbsp;perquè tiri endavant.</p><p>La comissió tècnica ha xifrat el pressupost d'execució previst en 3.000 €, superior al definit prèviament,&nbsp;atenent a&nbsp;experiències similars al municipi de Gualba.</p><p><br></p>";"";"";0;0;"";4;0;22;2020-03-09 16:53:36 +0100;http://decidim-gualba.diba.cat/processes/Pressupost2020Gualba/f/1101/proposals/3879;"";"";false;;
