id;category/id;category/name;scope/id;scope/name;participatory_space/id;participatory_space/url;component/id;title/ca;description/ca;start_time;end_time;attendees;contributions;organizations;address;location/ca;reference;comments;attachments;followers;url;related_proposals;related_results
525;;;;;255;http://decidim-gualba.diba.cat/processes/Pressupost2020Gualba?participatory_process_slug=Pressupost2020Gualba;1100;Taller presentació de les propostes (presencial);"<p>Us esperem el pròxim<strong> dijous 4 de juny</strong>, de les 18h a les 20h,&nbsp;a la sala audiovisual de Can Figueres per ajudar-vos a&nbsp;presentar les vostres propostes i compartir-les amb el veïnat!</p><p>Per facilitar la gestió del taller us preguem que confirmeu la vostra assistència&nbsp;a <strong>gualba@diba.ca</strong>t o per telèfon al <strong>938487027</strong> fins el dia <strong>2 de juny.&nbsp;&nbsp;</strong></p><p><br></p>";2020-06-04 18:00:00;2020-06-04 20:00:00;0;0;;Masia de Can Figueres;Gualba;gualba-MEET-2020-05-525;0;0;21;http://decidim-gualba.diba.cat/processes/Pressupost2020Gualba/f/1100/meetings/525;"";""
516;;;;;255;http://decidim-gualba.diba.cat/processes/Pressupost2020Gualba?participatory_process_slug=Pressupost2020Gualba;1100;Sessió de suport per a la presentació de propostes -1-;<p>https://meet.jit.si/PressupostosParticipatiusGualba_Debat</p>;2020-04-20 18:00:00;2020-04-20 20:00:00;0;0;;Sessió virtual;sessió virtual;gualba-MEET-2020-04-516;0;0;21;http://decidim-gualba.diba.cat/processes/Pressupost2020Gualba/f/1100/meetings/516;"";""
515;;;;;255;http://decidim-gualba.diba.cat/processes/Pressupost2020Gualba?participatory_process_slug=Pressupost2020Gualba;1100;Sessió de suport per a la presentació de propostes -3-;<p>https://meet.jit.si/PressupostosParticipatiusGualba_Debat</p>;2020-04-24 18:00:00;2020-04-24 20:00:00;0;0;;Sessió virtual;sessió virtual;gualba-MEET-2020-04-515;0;0;21;http://decidim-gualba.diba.cat/processes/Pressupost2020Gualba/f/1100/meetings/515;"";""
514;;;;;255;http://decidim-gualba.diba.cat/processes/Pressupost2020Gualba?participatory_process_slug=Pressupost2020Gualba;1100;Sessió de suport per a la presentació de propostes -2-;<p>https://meet.jit.si/PressupostosParticipatiusGualba_Debat</p>;2020-04-21 18:00:00;2020-04-21 20:00:00;0;0;;Sessió virtual;Sessió virtual;gualba-MEET-2020-04-514;0;0;21;http://decidim-gualba.diba.cat/processes/Pressupost2020Gualba/f/1100/meetings/514;"";""
481;;;;;255;http://decidim-gualba.diba.cat/processes/Pressupost2020Gualba?participatory_process_slug=Pressupost2020Gualba;1100;Taller de suport a la presentació de propostes;<p>Es durà a terme un taller per ajudar a la presentació de propostes per part d'Estel. Hi poden participar tots els veïns i veînes que tinguin interès en conèixer de forma detallada com presentar les propostes a través de la plataforma Decidim Gualba. </p>;2020-03-19 17:00:00;2020-03-19 19:00:00;0;0;;Masia de Can Figueres;Gualba;gualba-MEET-2020-02-481;10;0;21;http://decidim-gualba.diba.cat/processes/Pressupost2020Gualba/f/1100/meetings/481;"";""
480;;;;;255;http://decidim-gualba.diba.cat/processes/Pressupost2020Gualba?participatory_process_slug=Pressupost2020Gualba;1100;Taller de suport per a la priorització de propostes i per a la votació de les propostes;<p>Es durà a terme un taller, amb la col.laboració d'Estel, per a informar sobre criteris de priorització de propostes i per a la correcta votació de les propostes mitjançant la plataforma Decidim Gualba</p>;2020-05-21 17:00:00;2020-05-21 19:00:00;0;0;;Masia de Can Figueres;Gualba;gualba-MEET-2020-02-480;0;0;21;http://decidim-gualba.diba.cat/processes/Pressupost2020Gualba/f/1100/meetings/480;"";""
478;;;;;255;http://decidim-gualba.diba.cat/processes/Pressupost2020Gualba?participatory_process_slug=Pressupost2020Gualba;1100;Sessió informativa inicial del proces ;<p>S’inicia la campanya informativa per difondre els objectius i els canals de participació ciutadana. </p>;2020-02-15 12:00:00;2020-02-15 13:00:00;0;0;;Sala Gorg Negre;Passeig del Montseny 17;gualba-MEET-2020-02-478;0;3;22;http://decidim-gualba.diba.cat/processes/Pressupost2020Gualba/f/1100/meetings/478;"";""
