id;category/id;category/name;scope/id;scope/name;participatory_space/id;participatory_space/url;component/id;title/ca;description/ca;start_time;end_time;attendees;contributions;organizations;address;location/ca;reference;comments;attachments;followers;url;related_proposals;related_results
5;;;;;5;http://palamos-decidim.ddgi.cat/processes/pressupost2019?participatory_process_slug=pressupost2019;5;Reunió per presentar els resultats  i fer valoració del procés;"<p><span style=""font-size: inherit; color: rgb(32, 39, 52);"">Reunió per presentar els resultats&nbsp;i fer valoració del procés</span></p><p><br></p>";2019-01-30 19:00:00;2019-01-30 21:00:00;0;0;;Carrer Ave Maria, 3 1r pis, Palamós, Girona;Carrer Ave Maria, 3 1r pis, Palamós, Girona;PALAM-MEET-2018-08-5;0;0;8;http://palamos-decidim.ddgi.cat/processes/pressupost2019/f/5/meetings/5;"";""
3;;;;;5;http://palamos-decidim.ddgi.cat/processes/pressupost2019?participatory_process_slug=pressupost2019;5;Reunió de les persones que van fer propostes al pressupost 2019;"<p><span style=""font-size: inherit; color: rgb(32, 39, 52);"">Reunió de les persones que van fer propostes al pressupost 2019</span></p><p><br></p>";2018-09-13 19:00:00;2018-09-13 21:00:00;0;0;;Carrer Ave Maria, 3 1r pis, Palamós, Girona;Carrer Ave Maria, 3 1r pis, Palamós, Girona;PALAM-MEET-2018-08-3;0;0;8;http://palamos-decidim.ddgi.cat/processes/pressupost2019/f/5/meetings/3;"";""
2;;;;;5;http://palamos-decidim.ddgi.cat/processes/pressupost2019?participatory_process_slug=pressupost2019;5;Reunió de presentació i inici del procés;"<p><span style=""font-size: inherit; color: rgb(32, 39, 52);"">Informació i tret de sortida del procés participatiu</span></p><p><br></p>";2018-09-04 19:00:00;2018-09-04 20:30:00;0;0;;Carrer Ave Maria, 3 1r pis, Palamós, Girona;Carrer Ave Maria, 3 1r pis, Palamós, Girona;PALAM-MEET-2018-08-2;0;0;8;http://palamos-decidim.ddgi.cat/processes/pressupost2019/f/5/meetings/2;"";""
6;;;;;5;http://palamos-decidim.ddgi.cat/processes/pressupost2019?participatory_process_slug=pressupost2019;5;Taller de priorització de propostes;"<p><span style=""font-size: inherit; color: rgb(32, 39, 52);"">Taller de priorització de propostes</span></p><p><br></p>";2018-10-27 10:00:00;2018-10-27 13:00:00;0;0;;Carrer Ave Maria, 3 1r pis, Palamós, Girona;Carrer Ave Maria, 3 1r pis, Palamós, Girona;PALAM-MEET-2018-08-6;0;0;8;http://palamos-decidim.ddgi.cat/processes/pressupost2019/f/5/meetings/6;"";""
