id;category/id;category/name;scope/id;scope/name;participatory_space/id;participatory_space/url;component/id;title/fr;description/fr;start_time;end_time;attendees;contributions;organizations;address;location/fr;reference;comments;attachments;followers;url;related_proposals;related_results
40;;;;;5;http://participation.u-bordeaux.fr/processes/U30-campus-apprenant?participatory_process_slug=U30-campus-apprenant;22;Deuxième temps fort des focus groups Doctorat et Anciens étudiants;<p>Deuxième temps fort pour les Focus group Doctorat et Anciens étudiants : approfondissement des réflexions sur les 3 thématiques</p>;2021-04-06 15:30:00;2021-04-06 16:30:00;0;0;;Zoom;Zoom;UB-MEET-2021-03-40;0;0;28;http://participation.u-bordeaux.fr/processes/U30-campus-apprenant/f/22/meetings/40;"";""
35;;;;;5;http://participation.u-bordeaux.fr/processes/U30-campus-apprenant?participatory_process_slug=U30-campus-apprenant;22;Réunion de lancement des focus groups : ;<p>- Echanges sur le cadrage de l'atelier et l'animation des focus groupes</p><p>- Répartition par focus group et chaque focus group traitera des 3 thématiques suivantes : </p><ul><li>la personnalisation des parcours ou qu'est-ce qu'un parcours personnalisé pour vous ?</li><li>le numérique dans le campus ou un campus numérique/une université sans patrimoine</li><li>la création d'une communauté UB d'apprenants tout au long de la vie</li></ul>;2021-03-29 15:30:00;2021-03-29 16:30:00;0;0;;zoom;zoom;ubx-MEET-2021-02-35;0;0;28;http://participation.u-bordeaux.fr/processes/U30-campus-apprenant/f/22/meetings/35;"";""
42;;;;;5;http://participation.u-bordeaux.fr/processes/U30-campus-apprenant?participatory_process_slug=U30-campus-apprenant;22;Séminaire U30;<p>Séminaire U30</p>;2021-05-03 14:00:00;2021-05-03 15:00:00;0;0;;Zoom;Zoom;UB-MEET-2021-03-42;0;0;27;http://participation.u-bordeaux.fr/processes/U30-campus-apprenant/f/22/meetings/42;"";""
55;;;;;5;http://participation.u-bordeaux.fr/processes/U30-campus-apprenant?participatory_process_slug=U30-campus-apprenant;22;World café ouvert aux personnes;"<p>Dans le cadre de cet atelier, sera présentée une synthèse des résultats des productions des focus groups (groupes d'étudiants challengés sur les thématiques ""personnalisation des parcours"", ""campus digital"" et ""vie de campus"". Vous allez, par groupe, vous succéder à trois tables afin d'apporter des pistes d'actions. Chaque table est consacrée à une thématique.</p>";2021-04-12 12:30:00;2021-04-12 14:00:00;0;0;;zoom;zoom;UB-MEET-2021-03-55;0;0;26;http://participation.u-bordeaux.fr/processes/U30-campus-apprenant/f/22/meetings/55;"";""
54;;;;;5;http://participation.u-bordeaux.fr/processes/U30-campus-apprenant?participatory_process_slug=U30-campus-apprenant;22;Deuxième temps fort des focus groups Licence et Master;<p>Deuxième temps fort pour les focus group Licence et Master : approfondissement des réflexions sur les 3 thématiques</p>;2021-04-07 15:30:00;2021-04-07 16:30:00;0;0;;zoom;zoom;UB-MEET-2021-03-54;0;0;26;http://participation.u-bordeaux.fr/processes/U30-campus-apprenant/f/22/meetings/54;"";""
46;;;;;6;http://participation.u-bordeaux.fr/processes/U30-scinnovante?participatory_process_slug=U30-scinnovante;29;Atelier 2 : Science Innovante et pratiques innovantes;<p><strong>L<em>iberté d’action, temps long et imprévus, coproduction, critères d’évaluation repensés …</em></strong></p><p>Pour vous guider dans votre réflexion nous vous proposons de vous projeter dans l’un des deux scenarios suivant :</p><p>• En 2030 il n’y a plus d’AAP</p><p>• En 2030 l’université de Bordeaux est 3ème au classement de Shanghai</p><p><br></p><p><strong>Pour vous inscrire à l'atelier, envoyez un mail à l'adresse u30@u-bordeaux.fr</strong></p><p><br></p><p><strong>Pour participer à la réunion Zoom</strong></p><p>https://u-bordeaux-fr.zoom.us/j/83226089415?pwd=a3FtRitsZUtBazNBMFM4TTBjNGdvUT09</p><p><br></p><p>ID de réunion : 832 2608 9415</p><p>Code secret : 307654</p>;2021-04-02 14:00:00;2021-04-02 16:00:00;0;0;;166 cours de la libération, 33400 Talence;Zoom meeting;UB-MEET-2021-03-46;0;0;13;http://participation.u-bordeaux.fr/processes/U30-scinnovante/f/29/meetings/46;"";""
45;;;;;6;http://participation.u-bordeaux.fr/processes/U30-scinnovante?participatory_process_slug=U30-scinnovante;29;Atelier 1 : Science innovante et société ;"<p><strong><em>Utilité sociale du chercheur, décloisonnement et implication du citoyen, enjeux sociétaux, transmission, éthique …</em></strong></p><p>Pour vous guider dans votre réflexion nous vous proposons de vous projeter dans l’un des deux scenarios suivant :</p><ul><li>En 2030 les laboratoires universitaires sont ouverts au citoyen​</li><li>En 2030 ce sont les GAFA qui pilotent et financent la recherche&nbsp;publique&nbsp;</li></ul><p><br></p><p><strong>Pour vous inscrire à l'atelier, envoyez un mail à l'adresse u30@u-bordeaux.fr</strong></p><p><br></p><p><strong>Pour se connecter à l'atelier : </strong></p><p>Lien zoom : https://u-bordeaux-fr.zoom.us/j/86947140395?pwd=WjFQaWtvU2tWRUNPZCtkMHhlMjJzQT09</p><p>ID de réunion : 869 4714 0395</p><p>Code secret : 770356</p>";2021-03-24 07:00:00;2021-03-24 09:00:00;0;0;;166 cours de la libération, 33400 Talence;Zoom Meeting;UB-MEET-2021-03-45;0;0;15;http://participation.u-bordeaux.fr/processes/U30-scinnovante/f/29/meetings/45;"";""
48;;;;;6;http://participation.u-bordeaux.fr/processes/U30-scinnovante?participatory_process_slug=U30-scinnovante;29;Séminaire U30;<p>Attendus, livrables par ateliers</p>;2021-05-02 22:00:00;2021-05-03 21:55:00;0;0;;166 cours de la libération, 33400 Talence;Zoom Meeting;UB-MEET-2021-03-48;0;0;10;http://participation.u-bordeaux.fr/processes/U30-scinnovante/f/29/meetings/48;"";""
49;;;;;6;http://participation.u-bordeaux.fr/processes/U30-scinnovante?participatory_process_slug=U30-scinnovante;29;Atelier 4 : Science innovante et moyens innovants;"<p><strong><em>Transformation de l’université, centre de&nbsp;compétences, living&nbsp;lab, data center …​</em></strong></p><p>Pour vous guider dans votre réflexion nous vous proposons de vous projeter dans l’un des deux scenarios suivant :</p><ul><li>En 2030 l’université n’a plus de mur​</li><li>En 2030 l’université est sans chercheur​</li><li>En 2030 les philosophes coordonnent la data science</li></ul><p><br></p><p><strong>Pour vous inscrire à l'atelier, envoyez un mail à l'adresse u30@u-bordeaux.fr</strong></p><p><br></p><p><strong>Pour se connecter à l'atelier :</strong></p><p>https://u-bordeaux-fr.zoom.us/j/81723669757?pwd=WFNsdWJjNk56UEw0b2NoalpPZndyQT09</p><p>ID de réunion : 817 2366 9757</p><p>Code secret : 573712</p><p><br></p><p><br></p>";2021-04-16 08:30:00;2021-04-16 10:30:00;0;0;;166 cours de la libération, 33400 Talence;Zoom Meeting;UB-MEET-2021-03-49;0;0;14;http://participation.u-bordeaux.fr/processes/U30-scinnovante/f/29/meetings/49;"";""
47;;;;;6;http://participation.u-bordeaux.fr/processes/U30-scinnovante?participatory_process_slug=U30-scinnovante;29;Atelier 3 : Science innovante et data;"<p><strong><em>IA, transdisciplinarité, opendata, open-algorithmes, usage des data …</em></strong></p><p>Scenarios prospectifs proposés :​</p><ul><li>En 2030, la gouvernance de l’UB est transparente, les&nbsp;données de l'établissement sont publiées et librement&nbsp;accessibles en temps réel.​</li><li>En 2030 l’université est pilotée en totalité grâce à son jumeau&nbsp;numérique</li></ul><p><br></p><p><strong>Pour vous inscrire à l'atelier, envoyez un mail à l'adresse u30@u-bordeaux.fr</strong></p><p><br></p><p><strong>Pour participer à l'atelier via Zoom : </strong></p><p>https://u-bordeaux-fr.zoom.us/j/84725572303?pwd=cytMdTZpT0RRUGJzVWVMRnlQUFdodz09</p><p><br></p><p>ID de réunion : 847 2557 2303</p><p>Code secret : 827461</p>";2021-04-09 13:30:00;2021-04-09 15:30:00;0;0;;166 cours de la libération, 33400 Talence;Zoom Meeting;UB-MEET-2021-03-47;0;0;12;http://participation.u-bordeaux.fr/processes/U30-scinnovante/f/29/meetings/47;"";""
50;;;;;7;http://participation.u-bordeaux.fr/processes/U30-ACTDD?participatory_process_slug=U30-ACTDD;55;Première réunion du comité de pilotage de l'atelier;<p>- Présentation du cadre U30 et du fonctionnement de l'atelier</p><p>- Echanges sur le cadrage de l'atelier et l'animation des groupes</p><p>- Répartition des thématiques par groupes, en lien avec les Objectifs de développement durable de l'ONU.</p>;2021-03-26 10:30:00;2021-03-26 12:00:00;0;0;;Zoom;Réunion Zoom (le lien de connexion sera communiqué par e-mail au comité de pilotage);UB-MEET-2021-03-50;0;0;14;http://participation.u-bordeaux.fr/processes/U30-ACTDD/f/55/meetings/50;"";""
52;;;;;7;http://participation.u-bordeaux.fr/processes/U30-ACTDD?participatory_process_slug=U30-ACTDD;55;GT thématique gid://development-app/Decidim::Hashtag/2/2 : Ville durable, ressources naturelles et biodiversité;"<h4>GT ouvert à toutes et tous, sur <a href=""https://enquetessphinx.u-bordeaux.fr/v4/s/kqvpyi"" target=""_blank"">inscription préalable ici</a></h4><p>Sous l'angle de la thématique ci-dessus, le GT traitera des questions suivantes:</p><p><strong>Comment&nbsp;l'université&nbsp;peut&nbsp;s'engager&nbsp;en&nbsp;faveur&nbsp;des grands&nbsp;enjeux&nbsp;de&nbsp;développement&nbsp;durable et&nbsp;développer&nbsp;son impact&nbsp;sociétal&nbsp;? </strong></p><ul><li>Sur quels enjeux de développement durable&nbsp;l'université peut-elle faire la différence : pour ses&nbsp;publics, son territoire, la société, la planète ?&nbsp;​</li><li>Quelles sont les conditions à réunir pour agir&nbsp;efficacement sur ces grands enjeux&nbsp;?​</li><li>Concrètement, par où commençons-nous ?</li></ul><p><br></p>";2021-04-07 13:30:00;2021-04-07 15:30:00;0;0;;Zoom;Réunion Zoom (le lien de connexion sera communiqué par e-mail aux personnes s'étant inscrites à l'atelier);UB-MEET-2021-03-52;0;0;10;http://participation.u-bordeaux.fr/processes/U30-ACTDD/f/55/meetings/52;"";""
53;;;;;7;http://participation.u-bordeaux.fr/processes/U30-ACTDD?participatory_process_slug=U30-ACTDD;55;GT thématique gid://development-app/Decidim::Hashtag/3/3 : Innovation responsable, économie circulaire, infrastructures résilientes;"<h4>GT ouvert à toutes et tous, sur <a href=""https://enquetessphinx.u-bordeaux.fr/v4/s/kqvpyi"" target=""_blank"">inscription préalable ici</a></h4><p>Sous l'angle de la thématique ci-dessus, le GT traitera des questions suivantes:</p><p><strong>Comment&nbsp;l'université&nbsp;peut&nbsp;s'engager&nbsp;en&nbsp;faveur&nbsp;des grands&nbsp;enjeux&nbsp;de&nbsp;développement&nbsp;durable et&nbsp;développer&nbsp;son impact&nbsp;sociétal&nbsp;? </strong></p><ul><li>Sur quels enjeux de développement durable&nbsp;l'université peut-elle faire la différence : pour ses&nbsp;publics, son territoire, la société, la planète ?&nbsp;​</li><li>Quelles sont les conditions à réunir pour agir&nbsp;efficacement sur ces grands enjeux&nbsp;?​</li><li>Concrètement, par où commençons-nous ?</li></ul><p><br></p>";2021-04-07 13:30:00;2021-04-07 15:30:00;0;0;;Zoom;Réunion Zoom (le lien de connexion sera communiqué par e-mail aux personnes s'étant inscrites à l'atelier);UB-MEET-2021-03-53;0;0;9;http://participation.u-bordeaux.fr/processes/U30-ACTDD/f/55/meetings/53;"";""
51;;;;;7;http://participation.u-bordeaux.fr/processes/U30-ACTDD?participatory_process_slug=U30-ACTDD;55;GT thématique gid://development-app/Decidim::Hashtag/1/1 : lutter contre les inégalités et la précarité, protéger les personnes vulnérables;"<h4>GT ouvert à toutes et tous, <a href=""https://enquetessphinx.u-bordeaux.fr/v4/s/kqvpyi"" target=""_blank"">sur inscription préalable ici</a></h4><p>Sous l'angle de la thématique ci-dessus, le GT traitera des questions suivantes:</p><p><strong>Comment&nbsp;l'université&nbsp;peut&nbsp;s'engager&nbsp;en&nbsp;faveur&nbsp;des grands&nbsp;enjeux&nbsp;de&nbsp;développement&nbsp;durable et&nbsp;développer&nbsp;son impact&nbsp;sociétal&nbsp;? </strong></p><ul><li>Sur quels enjeux de développement durable&nbsp;l'université peut-elle faire la différence : pour ses&nbsp;publics, son territoire, la société, la planète ?&nbsp;​</li><li>Quelles sont les conditions à réunir pour agir&nbsp;efficacement sur ces grands enjeux&nbsp;?​</li><li>Concrètement, par où commençons-nous ?</li></ul><p><br></p>";2021-04-01 14:30:00;2021-04-01 16:30:00;0;0;;Zoom;Réunion Zoom (le lien de connexion sera communiqué par e-mail aux personnes s'étant inscrites à l'atelier);UB-MEET-2021-03-51;0;0;10;http://participation.u-bordeaux.fr/processes/U30-ACTDD/f/55/meetings/51;"";""
58;;;;;7;http://participation.u-bordeaux.fr/processes/U30-ACTDD?participatory_process_slug=U30-ACTDD;55;GT thématique gid://development-app/Decidim::Hashtag/4/4 : Répondre aux défis de l'anthropocène;"<h4>GT ouvert à toutes et tous, sur <a href=""https://enquetessphinx.u-bordeaux.fr/v4/s/kqvpyi"" target=""_blank"">inscription préalable ici</a></h4><p>Sous l'angle de la thématique ci-dessus, le GT traitera des questions suivantes:</p><p><strong>Comment&nbsp;l'université&nbsp;peut&nbsp;s'engager&nbsp;en&nbsp;faveur&nbsp;des grands&nbsp;enjeux&nbsp;de&nbsp;développement&nbsp;durable et&nbsp;développer&nbsp;son impact&nbsp;sociétal&nbsp;? </strong></p><ul><li>Sur quels enjeux de développement durable&nbsp;l'université peut-elle faire la différence : pour ses&nbsp;publics, son territoire, la société, la planète ?&nbsp;​</li><li>Quelles sont les conditions à réunir pour agir&nbsp;efficacement sur ces grands enjeux&nbsp;?​</li><li>Concrètement, par où commençons-nous ?</li></ul><p><br></p>";2021-04-13 06:30:00;2021-04-13 08:30:00;0;0;;Zoom;Réunion Zoom (le lien de connexion sera communiqué par e-mail aux personnes s'étant inscrites à l'atelier);UB-MEET-2021-03-58;0;0;9;http://participation.u-bordeaux.fr/processes/U30-ACTDD/f/55/meetings/58;"";""
44;;;;;4;http://participation.u-bordeaux.fr/assemblies/U30?assembly_slug=U30;136;Séminaire U30;<p>Save the date ! </p><p>Le séminaire de restitution du travail engagé dans les ateliers U30 se tiendra le 3 mai prochain ! </p>;2021-05-03 07:00:00;2021-05-03 10:00:00;0;0;;33000 Bordeaux;Lieu à confirmer;UB-MEET-2021-03-44;0;0;32;http://participation.u-bordeaux.fr/assemblies/U30/f/136/meetings/44;"";""
