id;category/id;category/name/fr;scope/id;scope/name/fr;parent/id;title/fr;description/fr;start_date;end_date;status/id;status/key;status/name/fr;progress;created_at;url;component/id;proposal_urls
25;10;Campus Pessac;2;Développement durable;;Favoriser la biodiversité sur le campus de Pessac;"<p>Favoriser la biodiversité sur le campus en soutenant des espèces menacées avec l’installation de nichoirs à chauves-souris et abris pour hérissons. </p><p>Les chauves-souris, peu connues et très fragiles, sont pour certaines espèces très liées au bâti et fabrications humaines. Les 34 espèces de chauves-souris sont protégées par l'arrêté du 23 avril 2007 et la directive européenne Habitats de 1992. Le hérisson est protégé depuis l'arrêté du 17 avril 1981. Ces deux espèces sont aujourd’hui menacées de disparition à cause de l'homme du fait de la destruction de leurs habitats. Les chauves-souris peuvent manger jusqu'à 600 moustiques par nuit. La région du sud-ouest est notamment touchée par le fléau des moustiques, le meilleur moyen de le combattre est de multiplier les lieux d'habitations. Le hérisson est aussi un insectivore utile.</p><p>Les campus de Pessac et Talence permettraient de créer des corridors de biodiversité car ils offrent les bonnes conditions pour accueillir chauves-souris et hérissons: de nombreux espaces boisés ou végétalisés, des résidences collectives avec des espaces verts, l’existence de jardins partagés, des bâtiments universitaires, une pollution nocturne réduite grâce au dispositif d'extinction des lumières publiques sur une grande partie des espaces. </p><p> Plusieurs tutoriels sont accessibles sur internet ; matériel nécessaire : du bois. Possibilité de réaliser le projet avec les associations étudiantes ? Coût estimé: entre 800 et 1200 euros</p>";2021-02-01;2021-09-30;1;1;En attente;0.0;2021-01-24 17:34:44 +0100;http://participation.u-bordeaux.fr/processes/bpe/f/6/results/25;6;http://participation.u-bordeaux.fr/processes/bpe/f/1/proposals/19
24;10;Campus Pessac;7;Aménagement espace public;;L'aménagement d'un espace pour manger sur le site de Pessac;<p>Il manque, à mon sens, un espace, côté Montesquieu, pour pouvoir se poser entre les cours ou les TD sans avoir à aller à la BU pour travailler mais aussi pour pouvoir y manger pour les personnes ne mangeant pas au CROUS. L'espace où l'on trouve les machines à café et les distributeurs est bien trop petit pour contenir un nombre important d'étudiants et il est alors difficile de trouver un endroit où se poser tranquillement.</p>;2021-02-01;2021-09-30;1;1;En attente;0.0;2021-01-24 17:34:07 +0100;http://participation.u-bordeaux.fr/processes/bpe/f/6/results/24;6;http://participation.u-bordeaux.fr/processes/bpe/f/1/proposals/65
17;15;Campus Talence;2;Développement durable;;Un récupérateur d'eau à la Cabane;"<p>Des jardinières ont été installées près de la Cabane par les membres du Conseil de vie de campus et en partenariat avec l'association Astragale et la fourmi, pour ""verdir"" l'esplanade. Aucun point d'eau n'est disponible à proximité (en dehors des toilettes) rendant difficile l'arrosage. </p><p>Nous proposons d'installer un récupérateur d'eau adossé à la Cabane pour faciliter l'entretien des jardinières, tout en promouvant une démarche éco-responsable. Le coût de l'achat est inférieur à 200€ auquel il faut ajouter un coût de raccordement.</p>";2021-02-15;2021-04-25;1;1;En attente;0.0;2021-01-24 17:28:44 +0100;http://participation.u-bordeaux.fr/processes/bpe/f/6/results/17;6;http://participation.u-bordeaux.fr/processes/bpe/f/1/proposals/75
20;5;Campus Carreire;2;Développement durable;;Le tri sélectif sur le site de Carreire;<p>Le développement durable est un enjeu fondamental pour les prochaines décennies. Pourtant, l'université est cancre en la matière. </p><p>Avec ce projet, nous pourrions contribuer à notre échelle à limiter le réchauffement climatique. Cela passe par exemple par le remplacement des poubelles sans tri par des poubelles à plusieurs bacs permettant le tri sélectif.</p>;2021-02-01;2021-09-30;1;1;En attente;0.0;2021-01-24 17:30:46 +0100;http://participation.u-bordeaux.fr/processes/bpe/f/6/results/20;6;""
21;10;Campus Pessac;8;Santé;;Distribution de protections périodiques sur le campus de Pessac;<p>Installation d'un distributeur gratuit de protections périodiques et ses recharges (pour un an) dans les toilettes des femmes du bâtiment A sur le campus de Pessac pour lutter contre la précarité menstruelle. </p><p>Coût : 9 000€ pour l'année comprenant le distributeur, son installation et ses recharges pour un an.</p>;2021-02-01;2021-09-30;1;1;En attente;0.0;2021-01-24 17:31:25 +0100;http://participation.u-bordeaux.fr/processes/bpe/f/6/results/21;6;http://participation.u-bordeaux.fr/processes/bpe/f/1/proposals/12
23;15;Campus Talence;3;Sport;;Une borne de gonflage/réparation de vélos sur le site de Talence;<p>De plus en plus d'étudiants et personnels viennent sur le campus à vélo. Malheureusement, rien n'est prévu pour faire face à un pneu dégonflé ou un garde-boue dévissé et Etu'récup est à 3 arrêts de tram. Une borne de gonflage et de réparation près du Bât. A22 permettrait d'encourager davantage cette pratique, au profit de la planète !</p>;2021-02-01;2021-09-30;1;1;En attente;0.0;2021-01-24 17:33:35 +0100;http://participation.u-bordeaux.fr/processes/bpe/f/6/results/23;6;http://participation.u-bordeaux.fr/processes/bpe/f/1/proposals/78
19;5;Campus Carreire;8;Santé;;Distribution de protections périodiques sur le site de Carreire;<p>Installation d'un distributeur gratuit de protections périodiques et ses recharges (pour un an) dans les toilettes des femmes du campus Carreire pour lutter contre la précarité menstruelle. Coût : 9 000€ pour l'année comprenant le distributeur, son installation et ses recharges pour un an.</p>;;;1;1;En attente;0.0;2021-01-24 17:29:56 +0100;http://participation.u-bordeaux.fr/processes/bpe/f/6/results/19;6;http://participation.u-bordeaux.fr/processes/bpe/f/1/proposals/43
18;15;Campus Talence;7;Aménagement espace public;;Une fontaine à eau sur le site de Talence;<p>L'installation d'une fontaine à eau sur le campus permettrait de limiter l'utilisation de bouteille plastique à usage unique et renforcerait l'impact écologique du campus. Idéalement, ces fontaines seraient raccordées au réseau de la ville. De plus, comme peuvent l'être les machines à café, ces fontaines à eau pourraient devenir des lieux de contact et d’échanges.</p>;2021-02-01;2021-09-30;1;1;En attente;0.0;2021-01-24 17:29:29 +0100;http://participation.u-bordeaux.fr/processes/bpe/f/6/results/18;6;http://participation.u-bordeaux.fr/processes/bpe/f/1/proposals/76
22;10;Campus Pessac;9;Citoyenneté ;;Bac de récupération d'habits sur le site de Pessac;"<p>Mettre en place un ""conteneur"" ; ""bac"" afin de récupérer les habits non utiliser par les étudiants et qui seront redonnés à des associations en charge d'aider les plus démunis.</p>";2021-02-01;2021-09-30;1;1;En attente;0.0;2021-01-24 17:32:09 +0100;http://participation.u-bordeaux.fr/processes/bpe/f/6/results/22;6;http://participation.u-bordeaux.fr/processes/bpe/f/1/proposals/92
30;1;Campus d'Agen;7;Aménagement espace public;;Table de pique-nique au campus d'Agen;<p>Le site Michel Serres est fréquenté par des étudiants de 4 composantes. Le site est doté de multiples espaces verts qui pourraient bénéficier d'aménagements correspondant à des besoins réels. </p><p>Actuellement, aucun espace extérieur ne bénéficie d'aménagement permettant de déjeuner ou travailler en extérieur. Des tables de pique-nique ainsi que des poubelles, de préférence en matériau recyclé et recyclable, en nombre suffisant, offriraient les avantages suivants: </p><ul><li>Répondre à un besoin d'occupation de l'espace extérieur confortable et fonctionnel (travail / déjeuner / détente).</li><li>Permettre aux étudiants de circuler sur les espaces dédiés bien qu'en dehors de leur composante, favorisant les possibilités d'échange et de lien. </li><li>Aménager un espace qui puisse être investi par la population locale pendant et hors temps universitaire. </li><li>Désigner ces espaces aménagés comme lieu de rassemblement lors d'événements culturels / festifs / sociaux. </li></ul><p>Le coût estimé d'une table de pique-nique offrant 6 à 8 places assises varie entre 300 et 550 euros selon le matériau retenu. </p><p>Ci-dessous un lien vers un fournisseur basé à Cenon: direct-collectivites.com Coût de scellement en supplément, devis à établir selon prestataire. Devis pour 10 tables de pique-niques et 6 poubelles de tri (3 bleues, 3 jaune): 5046 € HT</p>;2021-02-01;2021-09-30;1;1;En attente;0.0;2021-01-24 17:37:23 +0100;http://participation.u-bordeaux.fr/processes/bpe/f/6/results/30;6;http://participation.u-bordeaux.fr/processes/bpe/f/1/proposals/88
27;16;Campus Gradignan;4;Solidarité - Vivre ensemble;;Un potager bio sur le site de Gradignan;<p>Ce potager sera un lieu de vie et de rencontre. Il permettra pour ceux ne connaissant que la ville de profiter des joies du jardinage et du travail en extérieur. Et pourquoi pas s'ouvrir au monde qui nous entoure...</p>;2021-02-01;2021-09-30;1;1;En attente;0.0;2021-01-24 17:35:48 +0100;http://participation.u-bordeaux.fr/processes/bpe/f/6/results/27;6;http://participation.u-bordeaux.fr/processes/bpe/f/1/proposals/36
26;10;Campus Pessac;7;Aménagement espace public;;Une fontaine à eau sur le site de Pessac;<p>Lorsqu'on veut remplir sa bouteille ou sa gourde sur le campus nous devons aller au CROUS, sauf que si celui ci est fermé nous devons aller aux toilettes, où les lavabos ne sont pas adaptés. Je propose donc d'installer une fontaine à eau en libre accès sur le campus ! Cela encouragerait en plus les étudiants à investir dans une gourde réutilisable qui est plus écologique et économique.</p>;2021-02-01;2021-09-30;1;1;En attente;0.0;2021-01-24 17:35:15 +0100;http://participation.u-bordeaux.fr/processes/bpe/f/6/results/26;6;http://participation.u-bordeaux.fr/processes/bpe/f/1/proposals/17
28;10;Campus Pessac;7;Aménagement espace public;;La création d'un mur végétal sur le site de Pessac;"<p>Avec la ""rénovation"" du Campus de Pessac, il serait interessant de végétaliser certains murs afin de permettre une meilleure isolation des bâtiments. </p><p>Exemple :&nbsp;<a href=""http://www.jardinsdebabylone.fr/services/mur-vegetalise/exterieur/"" target=""_blank"">http://www.jardinsdebabylone.fr/services/mur-vegetalise/exterieur/</a></p>";2021-02-01;2021-09-30;1;1;En attente;0.0;2021-01-24 17:36:17 +0100;http://participation.u-bordeaux.fr/processes/bpe/f/6/results/28;6;http://participation.u-bordeaux.fr/processes/bpe/f/1/proposals/91
29;10;Campus Pessac;4;Solidarité - Vivre ensemble;;Un potager écologique et participatif sur le site de Pessac;<p>Je proposerai la mise en place d'un potager universitaire participatif basé sur des valeurs écologiques et pédagogiques. Cela permettra de reconnecter les étudiants à la nature, ses bienfaits et les plaisirs qui en découlent, de se réapproprier leurs alimentations et comprendre les enjeux d'une alimentation saine et de qualité tout cela en ramenant de la biodiversité sur les campus. La mise en place de potagers participatifs dans les résidences universitaires pourrait également permettre de diminuer la précarité étudiante tout en permettant aux étudiants de se détendre et de se rencontrer. :)</p>;2021-02-01;2021-09-30;1;1;En attente;0.0;2021-01-24 17:36:42 +0100;http://participation.u-bordeaux.fr/processes/bpe/f/6/results/29;6;http://participation.u-bordeaux.fr/processes/bpe/f/1/proposals/69
16;5;Campus Carreire;6;Amélioration du  campus - propreté;;Université 0 déchet à Carreire;"<p>Inscrivons l'Université de Bordeaux dans une démarche écologique et devenons acteurs d'un des enjeux du siècle ! </p><p>- Points de compostage sur les différents campus : les étudiants pourraient y déposer leurs déchets verts en provenance de leur foyer (nous n'avons pas tous un balcon/cour/jardin pour faire du compost) ainsi que les restaus U/cafet Crous. Ce compost pourrait être revalorisé en servant aux espaces verts des campus. </p><p>- Mise à disposition de boîtes à dons : pour y déposer livres, manuels, objets et petits mobiliers afin de leur donner une seconde vie. </p><p>- Organisation de Clean Walk pour nettoyer les campus. </p><p>- Diminuer le plastique jetable (gobelets, dose individuelle des sauces au RU, etc) mais utiliser des gobelets en carton recyclé, des ""pompes"" pour les sauces, etc. </p><p>- Recycler les brouillons non utilisés/sujets lors des examens au lieu de les jeter </p><p>- Passer à des fournisseurs d'énergies vertes pour l'électricité (Enercoop, Ekwateur) </p><p>- Favoriser les espaces verts : végétaliser au maximum les campus (arbres, murs végétaux, fleurs méliffères) </p><p>- Attirer la faune : fleurs ou ruches pour les abeilles, hôtels à insectes, nichoirs pour les oiseaux </p><p>- Mise en place de cendriers interactifs (les étudiants peuvent voter en jetant leur mégot plutôt que de les jeter)</p>";2021-02-01;2021-09-30;1;1;En attente;0.0;2021-01-24 17:28:00 +0100;http://participation.u-bordeaux.fr/processes/bpe/f/6/results/16;6;http://participation.u-bordeaux.fr/processes/bpe/f/1/proposals/47
