id;category/id;category/name/fr;scope/id;scope/name;participatory_space/id;participatory_space/url;component/id;title/fr;description/fr;start_time;end_time;attendees;contributions;organizations;address;location/fr;reference;comments;attachments;followers;url;related_proposals;related_results
10;2;Campus Périgord ;;;1;http://participation.u-bordeaux.fr/processes/bpe?participatory_process_slug=bpe;2;Permanence d'accompagnement - Dépôt de projet BPE [Périgueux];<p>Vous avez des idées pour votre campus mais vous ne savez pas comment fonctionne le budget participatif de l'université ? On peut vous aider ! Venez à notre rencontre ! Bonne humeur et café offert !</p>;2019-11-15 11:00:00;2019-11-15 13:30:00;0;0;;Rue du doyen Joseph Lajugie 24010 Périgueux;A définir;ubx-MEET-2019-10-10;0;0;12;http://participation.u-bordeaux.fr/processes/bpe/f/2/meetings/10;"";""
8;12;Site Bastide;;;1;http://participation.u-bordeaux.fr/processes/bpe?participatory_process_slug=bpe;2;Permanence d'accompagnement - Dépôt de projet BPE [Bastide];<p>Vous avez des idées pour votre campus mais vous ne savez pas comment fonctionne le budget participatif de l'université ? On peut vous aider ! Venez à notre rencontre ! Bonne humeur et café offert !</p>;2019-11-27 11:00:00;2019-11-27 13:30:00;0;0;;35 Avenue Abadie, 33100 Bordeaux;à définir;ubx-MEET-2019-10-8;0;0;13;http://participation.u-bordeaux.fr/processes/bpe/f/2/meetings/8;"";""
5;15;Campus Talence;;;1;http://participation.u-bordeaux.fr/processes/bpe?participatory_process_slug=bpe;2;Permanence d'accompagnement - Dépôt de projet BPE [Talence];<p>Vous avez des idées pour votre campus mais vous ne savez pas comment fonctionne le budget participatif de l'université ? On peut vous aider ! Venez à notre rencontre ! Bonne humeur et café offert !</p>;2019-11-13 11:00:00;2019-11-13 13:30:00;0;0;;351 cours de la libération 33405 talence;BVE Talence Bât. [A22] ;ubx-MEET-2019-10-5;0;0;12;http://participation.u-bordeaux.fr/processes/bpe/f/2/meetings/5;"";""
2;10;Campus Pessac;;;1;http://participation.u-bordeaux.fr/processes/bpe?participatory_process_slug=bpe;2;Permanence d'accompagnement - Dépôt de projet BPE [Pessac];<p>Vous avez des idées pour votre campus mais vous ne savez pas comment fonctionne le budget participatif de l'université ? On peut vous aider ! Venez à notre rencontre ! Bonne humeur et café offert ! </p>;2019-11-06 11:00:00;2019-11-06 13:30:00;0;0;;16 Avenue Léon Duguit, 33600 Pessac;Salle DVU;ubx-MEET-2019-10-2;0;0;13;http://participation.u-bordeaux.fr/processes/bpe/f/2/meetings/2;"";""
9;1;Campus d'Agen;;;1;http://participation.u-bordeaux.fr/processes/bpe?participatory_process_slug=bpe;2;Permanence d'accompagnement - Dépôt de projet BPE [Agen];<p>Vous avez des idées pour votre campus mais vous ne savez pas comment fonctionne le budget participatif de l'université ? On peut vous aider ! Venez à notre rencontre ! Bonne humeur et café offert !</p>;2019-11-08 10:30:00;2019-11-08 13:00:00;0;0;;Avenue Michel Serres, 47000 Agen;Salle d'examen 05;ubx-MEET-2019-10-9;0;0;12;http://participation.u-bordeaux.fr/processes/bpe/f/2/meetings/9;"";""
6;5;Campus Carreire;;;1;http://participation.u-bordeaux.fr/processes/bpe?participatory_process_slug=bpe;2;Permanence d'accompagnement - Dépôt de projet BPE [Carreire];<p>Vous avez des idées pour votre campus mais vous ne savez pas comment fonctionne le budget participatif de l'université ? On peut vous aider ! Venez à notre rencontre ! Bonne humeur et café offert !</p>;2019-11-18 11:00:00;2019-11-18 13:30:00;0;0;;146 Rue Léo Saignat, 33000 Bordeaux;BVE Bordeaux;ubx-MEET-2019-10-6;0;0;12;http://participation.u-bordeaux.fr/processes/bpe/f/2/meetings/6;"";""
12;6;Campus Victoire;;;1;http://participation.u-bordeaux.fr/processes/bpe?participatory_process_slug=bpe;2;Permanence d'accompagnement - Dépôt de projet BPE [Victoire];<p>Vous avez des idées pour votre campus mais vous ne savez pas comment fonctionne le budget participatif de l'Université ? On peut vous aider ! Venez à notre rencontre ! Bonne humeur et café offert !</p>;2019-11-12 11:00:00;2019-11-12 13:30:00;0;0;;3ter Place de la Victoire, 33000 Bordeaux;BVE cours d'honneur;ubx-MEET-2019-10-12;0;0;13;http://participation.u-bordeaux.fr/processes/bpe/f/2/meetings/12;"";""
7;6;Campus Victoire;;;1;http://participation.u-bordeaux.fr/processes/bpe?participatory_process_slug=bpe;2;Permanence d'accompagnement - Dépôt de projet BPE [Victoire];<p>Vous avez des idées pour votre campus mais vous ne savez pas comment fonctionne le budget participatif de l'Université ? On peut vous aider ! Venez à notre rencontre ! Bonne humeur et café offert !</p>;2019-11-21 11:00:00;2019-11-21 13:30:00;0;0;;3ter Place de la Victoire, 33000 Bordeaux;BVE cours d'honneur;ubx-MEET-2019-10-7;0;0;12;http://participation.u-bordeaux.fr/processes/bpe/f/2/meetings/7;"";""
11;10;Campus Pessac;;;1;http://participation.u-bordeaux.fr/processes/bpe?participatory_process_slug=bpe;2;Permanence d'accompagnement - Dépôt de projet BPE [Pessac];<p>Vous avez des idées pour votre campus mais vous ne savez pas comment fonctionne le budget participatif de l'université ? On peut vous aider ! Venez à notre rencontre ! Bonne humeur et café offert ! </p>;2019-11-19 11:00:00;2019-11-19 13:30:00;0;0;;16 Avenue Léon Duguit, 33600 Pessac;Salle DVU;ubx-MEET-2019-10-11;0;0;12;http://participation.u-bordeaux.fr/processes/bpe/f/2/meetings/11;"";""
4;16;Campus Gradignan;3;;1;http://participation.u-bordeaux.fr/processes/bpe?participatory_process_slug=bpe;2;Permanence d'accompagnement - Dépôt de projet BPE [Gradignan];<p>Vous avez des idées pour votre campus mais vous ne savez pas comment fonctionne le budget participatif de l'université ? On peut vous aider ! Venez à notre rencontre ! Bonne humeur et café offert !</p>;2019-11-28 12:00:00;2019-11-28 14:00:00;0;0;;15 Rue de Naudet, 33175 Gradignan;Scolarité;ubx-MEET-2019-10-4;0;0;12;http://participation.u-bordeaux.fr/processes/bpe/f/2/meetings/4;"";""
13;15;Campus Talence;;;1;http://participation.u-bordeaux.fr/processes/bpe?participatory_process_slug=bpe;2;Permanence d'accompagnement - Dépôt de projet BPE [Talence];<p>Vous avez des idées pour votre campus mais vous ne savez pas comment fonctionne le budget participatif de l'université ? On peut vous aider ! Venez à notre rencontre ! Bonne humeur et café offert !</p>;2019-11-22 11:00:00;2019-11-22 13:30:00;0;0;;351 cours de la libération 33405 talence;BVE Talence Bât. [A22] ;ubx-MEET-2019-10-13;0;0;12;http://participation.u-bordeaux.fr/processes/bpe/f/2/meetings/13;"";""
14;5;Campus Carreire;;;1;http://participation.u-bordeaux.fr/processes/bpe?participatory_process_slug=bpe;2;Permanence d'accompagnement - Dépôt de projet BPE [Carreire];<p>Vous avez des idées pour votre campus mais vous ne savez pas comment fonctionne le budget participatif de l'université ? On peut vous aider ! Venez à notre rencontre ! Bonne humeur et café offert !</p>;2019-11-25 11:00:00;2019-11-25 13:30:00;0;0;;146 Rue Léo Saignat, 33000 Bordeaux;BVE Bordeaux;ubx-MEET-2019-10-14;0;0;12;http://participation.u-bordeaux.fr/processes/bpe/f/2/meetings/14;"";""
15;6;Campus Victoire;;;1;http://participation.u-bordeaux.fr/processes/bpe?participatory_process_slug=bpe;2;Permanence d'accompagnement - Dépôt de projet BPE [IMA];<p>Vous avez des idées pour votre campus mais vous ne savez pas comment fonctionne le budget participatif de l'Université ? On peut vous aider ! Venez à notre rencontre ! Bonne humeur et café offert !</p>;2019-11-21 11:00:00;2019-11-21 13:30:00;0;0;;24 Rue Marcel Issartier, 33700 Mérignac;hall;ubx-MEET-2019-11-15;0;0;12;http://participation.u-bordeaux.fr/processes/bpe/f/2/meetings/15;"";""
16;6;Campus Victoire;;;1;http://participation.u-bordeaux.fr/processes/bpe?participatory_process_slug=bpe;2;Permanence d'accompagnement - Dépôt de projet BPE [ISVV];<p>Vous avez des idées pour votre campus mais vous ne savez pas comment fonctionne le budget participatif de l'Université ? On peut vous aider ! Venez à notre rencontre ! Bonne humeur et café offert !</p>;2019-11-26 11:30:00;2019-11-26 13:30:00;0;0;;210 Chemin de Leysotte, 33140 Villenave-d'Ornon;hall;ubx-MEET-2019-11-16;0;0;12;http://participation.u-bordeaux.fr/processes/bpe/f/2/meetings/16;"";""
21;6;Campus Victoire;;;1;http://participation.u-bordeaux.fr/processes/bpe?participatory_process_slug=bpe;2;A vous de voter [Talence] ;"<p>Cher.e.s étudiant.e.s !&nbsp;</p><p>L'équipe du budget participatif vient à votre rencontre ! Un bureau de vote dématérialisé est organisé sur votre campus !</p><p>Venez voter pour vos projets préférés ! Nous sommes là pour vous présenter les projets et vous aider dans votre vote !&nbsp;</p><p>Prenez le pouvoir ! </p>";2020-02-26 12:00:00;2020-02-26 14:00:00;0;0;;351 Cours de la Libération, 33400 Talence;Suivez le triporteur ! ;ubx-MEET-2020-02-21;0;0;12;http://participation.u-bordeaux.fr/processes/bpe/f/2/meetings/21;"";""
23;5;Campus Carreire;;;1;http://participation.u-bordeaux.fr/processes/bpe?participatory_process_slug=bpe;2;A vous de voter [Carreire] ;"<p>Cher.e.s étudiant.e.s !&nbsp;</p><p>L'équipe du budget participatif vient à votre rencontre ! Un bureau de vote dématérialisé est organisé sur votre campus !</p><p>Venez voter pour vos projets préférés ! Nous sommes là pour vous présenter les projets et vous aider dans votre vote !&nbsp;</p><p>Prenez le pouvoir ! </p>";2020-02-25 12:00:00;2020-02-25 14:00:00;0;0;;146 Rue Léo Saignat, 33000 Bordeaux;Suivez le triporteur ! ;ubx-MEET-2020-02-23;0;0;12;http://participation.u-bordeaux.fr/processes/bpe/f/2/meetings/23;"";""
22;6;Campus Victoire;;;1;http://participation.u-bordeaux.fr/processes/bpe?participatory_process_slug=bpe;2;A vous de voter [Victoire] ;"<p>Cher.e.s étudiant.e.s !&nbsp;</p><p>L'équipe du budget participatif vient à votre rencontre ! Un bureau de vote dématérialisé est organisé sur votre campus !</p><p>Venez voter pour vos projets préférés ! Nous sommes là pour vous présenter les projets et vous aider dans votre vote !&nbsp;</p><p>Prenez le pouvoir ! </p>";2020-02-27 12:00:00;2020-02-27 14:00:00;0;0;;3ter Place de la Victoire, 33000 Bordeaux;Suivez le triporteur ! ;ubx-MEET-2020-02-22;0;0;12;http://participation.u-bordeaux.fr/processes/bpe/f/2/meetings/22;"";""
24;5;Campus Carreire;;;1;http://participation.u-bordeaux.fr/processes/bpe?participatory_process_slug=bpe;2;A vous de voter [Carreire] ;"<p>Cher.e.s étudiant.e.s !&nbsp;</p><p>L'équipe du budget participatif vient à votre rencontre ! Un bureau de vote dématérialisé est organisé sur votre campus !</p><p>Venez voter pour vos projets préférés ! Nous sommes là pour vous présenter les projets et vous aider dans votre vote !&nbsp;</p><p>Prenez le pouvoir ! </p>";2020-03-10 12:00:00;2020-03-10 14:00:00;0;0;;146 Rue Léo Saignat, 33000 Bordeaux;Suivez le triporteur ! ;ubx-MEET-2020-02-24;0;0;12;http://participation.u-bordeaux.fr/processes/bpe/f/2/meetings/24;"";""
25;6;Campus Victoire;;;1;http://participation.u-bordeaux.fr/processes/bpe?participatory_process_slug=bpe;2;A vous de voter [Victoire] ;"<p>Cher.e.s étudiant.e.s !&nbsp;</p><p>L'équipe du budget participatif vient à votre rencontre ! Un bureau de vote dématérialisé est organisé sur votre campus !</p><p>Venez voter pour vos projets préférés ! Nous sommes là pour vous présenter les projets et vous aider dans votre vote !&nbsp;</p><p>Prenez le pouvoir ! </p>";2020-03-09 12:00:00;2020-03-09 14:00:00;0;0;;3ter Place de la Victoire, 33000 Bordeaux;Suivez le triporteur ! ;ubx-MEET-2020-02-25;0;0;12;http://participation.u-bordeaux.fr/processes/bpe/f/2/meetings/25;"";""
26;6;Campus Victoire;;;1;http://participation.u-bordeaux.fr/processes/bpe?participatory_process_slug=bpe;2;A vous de voter [ISVV] ;"<p>Cher.e.s étudiant.e.s !&nbsp;</p><p>L'équipe du budget participatif vient à votre rencontre ! Un bureau de vote dématérialisé est organisé sur votre campus !</p><p>Venez voter pour vos projets préférés ! Nous sommes là pour vous présenter les projets et vous aider dans votre vote !&nbsp;</p><p>Prenez le pouvoir ! </p>";2020-03-11 12:00:00;2020-03-11 14:00:00;0;0;;210 Chemin de Leysotte, 33140 Villenave-d'Ornon;Suivez le triporteur ! ;ubx-MEET-2020-02-26;0;0;12;http://participation.u-bordeaux.fr/processes/bpe/f/2/meetings/26;"";""
27;6;Campus Victoire;;;1;http://participation.u-bordeaux.fr/processes/bpe?participatory_process_slug=bpe;2;A vous de voter [Pessac] ;"<p>Cher.e.s étudiant.e.s !&nbsp;</p><p>L'équipe du budget participatif vient à votre rencontre ! Un bureau de vote dématérialisé est organisé sur votre campus !</p><p>Venez voter pour vos projets préférés ! Nous sommes là pour vous présenter les projets et vous aider dans votre vote !&nbsp;</p><p>Prenez le pouvoir ! </p>";2020-02-28 12:00:00;2020-03-28 14:00:00;0;0;;16 Avenue Léon Duguit, 33600 Pessac;Suivez le triporteur ! ;ubx-MEET-2020-02-27;0;0;13;http://participation.u-bordeaux.fr/processes/bpe/f/2/meetings/27;"";""
28;6;Campus Victoire;;;1;http://participation.u-bordeaux.fr/processes/bpe?participatory_process_slug=bpe;2;A vous de voter [Pessac] ;"<p>Cher.e.s étudiant.e.s !&nbsp;</p><p>L'équipe du budget participatif vient à votre rencontre ! Un bureau de vote dématérialisé est organisé sur votre campus !</p><p>Venez voter pour vos projets préférés ! Nous sommes là pour vous présenter les projets et vous aider dans votre vote !&nbsp;</p><p>Prenez le pouvoir ! </p>";2020-03-12 12:00:00;2020-03-12 14:00:00;0;0;;16 Avenue Léon Duguit, 33600 Pessac;Suivez le triporteur ! ;ubx-MEET-2020-03-28;0;0;12;http://participation.u-bordeaux.fr/processes/bpe/f/2/meetings/28;"";""
