id;category/id;category/name;scope/id;scope/name;participatory_space/id;participatory_space/url;component/id;title/ca;title/es;description/ca;description/es;start_time;end_time;attendees;contributions;organizations;address;location/ca;location/es;reference;comments;attachments;followers;url;related_proposals;related_results
10;;;;;4;https://participa.gavaciutat.cat/processes/unio-cooperadors?participatory_process_slug=unio-cooperadors;21;ImaginAcció;ImaginAcción;<p>L’objectiu del taller és fomentar la identificació i apropiació del projecte de la Unió de Cooperadors. Concretament, es centrarà en pensar, debatre i proposar usos per l’equipament dins l’àmbit de les noves economies i la cohesió social.</p>;<p>El objetivo del taller es fomentar la identificación y apropiación de los proyectos de la Unió de Cooperadors. Concretamente, se centrarà en pensar, debatir y proponer los usos para el equipamiento, dentro del ámbito de las nuevas economías y la cohesión social.</p>;2017-03-11 09:00:00;2017-03-11 13:00:00;0;0;;Carrer del Centre, 3-5, 08850 Gavà;Casal Municipal de la Gent Gran.Torre Lluch;Casal Municipal de la Gent Gran Torre Lluch;G-MEET-2017-02-10;0;0;0;https://participa.gavaciutat.cat/processes/unio-cooperadors/f/21/meetings/10;"";""
11;;;;;4;https://participa.gavaciutat.cat/processes/unio-cooperadors?participatory_process_slug=unio-cooperadors;21;Gestionant;Gestionando;<p>L’objectiu del tallers és treballar diferents propostes i formes de gestió dels espais i equipaments públics.</p>;<p>El objetivo del taller es trabajar diferentes propuestas y formas de gestión de los espacios y equipamientos públicos.</p>;2017-04-01 08:00:00;2017-04-01 12:00:00;0;0;;Carrer del Centre, 3-5, 08850 Gavà;Casal Municipal de la Gent Gran.Torre Lluch;Casal Municipal de la Gent Gran.Torre Lluch;G-MEET-2017-02-11;0;0;0;https://participa.gavaciutat.cat/processes/unio-cooperadors/f/21/meetings/11;"";""
13;;;;;23;https://participa.gavaciutat.cat/processes/Participaccio?participatory_process_slug=Participaccio;74;Trobada oberta per la definició de propostes;"";<p>Trobada oberta per definir conjuntament propostes de projectes, accions o activitats. </p>;"";2019-02-06 17:00:00;2019-02-06 19:30:00;0;0;;carrer major, 33, 08850, Gavà;Espai Jove La Casa Gran ;"";G-MEET-2019-02-13;1;1;1;https://participa.gavaciutat.cat/processes/Participaccio/f/74/meetings/13;"";""
14;;;;;23;https://participa.gavaciutat.cat/processes/Participaccio?participatory_process_slug=Participaccio;74;Punt de votació presencial la Casa Gran;"";<p>Habilitem un punt de votació presencial a l'Espai Jove la Casa Gran.</p><p> L'horari d'aquest espai és:</p><ul><li>Dilluns de 10 a 13 h</li><li>Dilluns a dissabte de 17 a 21 h</li></ul>;"";2019-03-14 16:00:00;2019-03-23 20:00:00;0;0;;C/ Major, nº37  Gavà 08850;Espai Jove la Casa Gran;"";G-MEET-2019-03-14;0;0;1;https://participa.gavaciutat.cat/processes/Participaccio/f/74/meetings/14;"";""
15;;;;;23;https://participa.gavaciutat.cat/processes/Participaccio?participatory_process_slug=Participaccio;74;Punt de votació presencial OAC;"";<p>Habilitem un punt de votació presencial a l'Oficina d'Atenció Ciutadana (OAC).</p><p>L'horari d'aquest espai és:</p><ul><li>Dilluns a divendres de 9 a 14:15 h </li><li>Dimarts i dijous de 14:30 a 19 h </li></ul>;"";2019-03-14 08:00:00;2019-03-22 13:15:00;0;0;;Plaça de Jaume Balmes, s/n, 08850 Gavà, Barcelona;Oficina d'Atenció Ciutadana;"";G-MEET-2019-03-15;0;0;1;https://participa.gavaciutat.cat/processes/Participaccio/f/74/meetings/15;"";""
16;;;;;23;https://participa.gavaciutat.cat/processes/Participaccio?participatory_process_slug=Participaccio;74;Punt de votació presencial Biblioteca Josep Soler Vidal;"";<p>Habilitem un punt de votació presencial a la Biblioteca Josep Soler Vidal.</p><p>L'horari d'aquest espai és:</p><ul><li>Dilluns: 15:30 a 20:30h</li><li>Dimarts-Divendres: 10:00 a 14:00 i de 15:30 a 20:30h</li><li>Dissabte: 10:00 a 14:00h</li></ul><p><br></p>;"";2019-03-19 09:00:00;2019-03-23 13:00:00;0;0;; Plaça de Jaume Balmes, s/n, 08850 Gavá, Barcelona;Biblioteca Josep Soler Vidal;"";G-MEET-2019-03-16;0;0;1;https://participa.gavaciutat.cat/processes/Participaccio/f/74/meetings/16;"";""
17;;;;;10;https://participa.gavaciutat.cat/processes/ForumEnvellimentActiu?participatory_process_slug=ForumEnvellimentActiu;93;II Jornada G3, la soledat en les persones grans;II Jornada G3, la soledad en las personas mayores;"<p>Objectius de la jornada:</p><ul><li>Sensibilitzar a la població sobre la soledat i el donar informació a les persones grans sobre com combatre-la</li><li>Fomentar la participació de les persones grans de Gavà</li><li>Crear un espai on la veu de les persones participants sigui recollida i tinguda en compte</li><li>Implicar a persones de totes les edats</li></ul><p><br></p><p>Pots inscriure't del 21 d’octubre al 15 de novembre enviant un correu
 a: forumg3gentgran@gava.cat, per telèfon: 93 263 91 00 ext. 9316 
(matins) o presencialment a:</p><ul><li>Oficina Atenció Ciutadana Ajuntament de Gavà</li><li>Casal Municipal de Gent Gran El Centre</li><li>Casal Municipal de la Gent Gran Can Tintorer </li></ul>";<p>Objetivos de la jornada: </p><ul><li>Sensibilizar a la población sobre la soledad y el dar información a las personas mayores sobre cómo combatirla</li><li>Fomentar la participación de las personas mayores de Gavà</li><li>Crear un espacio donde la voz de las personas participantes sea recogida y tenida en cuenta </li><li>Implicar a personas de todas las edades</li></ul><p><br></p><p>Puedes inscribirte del 21 de octubre al 15 de noviembre enviando un  correo a: forumg3gentgran@gava.cat, por teléfono: 93 263 91 00 ext. 9316 (matins) o presencialmente en:</p><ul><li>Oficina Atenció Ciutadana Ajuntament de Gavà</li><li>Casal Municipal de Gent Gran El Centre</li><li>Casal Municipal de la Gent Gran Can Tintorer</li></ul>;2019-11-19 08:00:00;2019-11-19 12:30:00;0;0;;Carrer de Jaume I, 7, 08850 Gavà, Barcelona;Parc arqueològic Mines de Gavà;Parque arqueológico minas de Gavà;G-MEET-2019-11-17;1;3;0;https://participa.gavaciutat.cat/processes/ForumEnvellimentActiu/f/93/meetings/17;"";""
18;;;;;30;https://participa.gavaciutat.cat/processes/Pressupost20?participatory_process_slug=Pressupost20;95;Audiència Pública de Pressupost 2020;Audiencia Pública de Presupuesto 2020;<p>L’Audiència Pública és un acte participatiu i obert a tota la ciutadania, sense necessitat d’inscripció prèvia.</p>;<p>La Audiencia Pública es un acto participativo y abierto a toda la ciudadanía, sin necesidad de inscripción previa.</p>;2019-12-04 17:00:00;2019-12-04 19:10:00;0;0;;plaça Jaume Balmes, s/n;Sala de Plens Municipal;Sala de Plenos Municipal;G-MEET-2019-11-18;0;1;1;https://participa.gavaciutat.cat/processes/Pressupost20/f/95/meetings/18;"";""
19;;;;;38;https://participa.gavaciutat.cat/processes/PAMciutadania?participatory_process_slug=PAMciutadania;105;Sessió informativa i de consulta;Sesión informativa y de consulta;<p>Jornada per donar a conèixer i posar a debat els compromisos recollits al Pla.</p>;<p>Jornada para dar a conocer y debatir los compromisos recogidos en el Plan.</p>;2020-02-29 09:00:00;2020-02-29 13:00:00;0;0;;c/Àngela Roca, 2, Gavà;Nou Espai Sant Jordi;Nou Espai Sant Jordi;G-MEET-2020-02-19;0;1;6;https://participa.gavaciutat.cat/processes/PAMciutadania/f/105/meetings/19;"";""
22;;;;;43;https://participa.gavaciutat.cat/processes/MesQueMaiGava?participatory_process_slug=MesQueMaiGava;119;Sessió de propostes en l'àmbit de Recuperació Social;Sesión de propuestas en el ámbito de Recuperación Social;"<p>Aquesta sessió té com a objectiu la presentació i debat de propostes per part de la ciutadania en la temàtica de Recuperació Social (teixit social, acció comunitària, salut i sistema sociosanitari).</p><p>Poden participar en aquesta sessió totes les persones que, prèviament, es van adherir a l'Acord ciutadà i van decidir participar en el grup de treball de Recuperació Social.</p><p>Els membres d'aquest grup poden omplir aquest <a href=""https://docs.google.com/forms/d/e/1FAIpQLScEoDbZZp24cFr3UumR9165ZzyGi9RwzPu5QPuAOdyq85cIQw/viewform"" target=""_blank"">qüestionari</a> a fi d'ordenar la visió i propostes que tenen sobre els principals reptes en l'àmbit de Recuperació Social davant la crisi de la Covid-19. Tenen temps fins al 7 de setembre.</p>";"<p>Esta sesión tiene como objetivo la presentación y debate de propuestas por parte de la ciudadanía en la temática de Recuperación Social (tejido social, acción comunitaria, salud y sistema sociosanitario).</p><p>Pueden participar en esta sesión todas las personas que, previamente, se adhirieron al Acuerdo ciudadano y decidieron participar en el grupo de trabajo de Recuperación Social.</p><p>Los miembros de este grupo pueden llenar este <a href=""https://docs.google.com/forms/d/e/1FAIpQLScEoDbZZp24cFr3UumR9165ZzyGi9RwzPu5QPuAOdyq85cIQw/viewform"" target=""_blank"">cuestionario</a> a fin de ordenar la visión y propuestas que tienen sobre los principales retos en el ámbito de Recuperación Social ante la crisis de la Covid-19. Tienen tiempo hasta el 7 de septiembre.</p><p><br></p>";2020-09-15 18:00:00;2020-09-15 20:00:00;0;0;;Plaça de Jaume Balmes, s/n, 08850 Gavà, Barcelona;Sessió telemàtica;Sesión telemática;G-MEET-2020-08-22;0;0;12;https://participa.gavaciutat.cat/processes/MesQueMaiGava/f/119/meetings/22;"";""
21;;;;;43;https://participa.gavaciutat.cat/processes/MesQueMaiGava?participatory_process_slug=MesQueMaiGava;119;Sessió de constitució de l'Acord;Sesión de constitución del Acuerdo;"<p>Aquesta trobada digital representarà el tret de sortida del procés de configuració del Pla de Reactivació. Aquest Pla el treballarem en cinc grups per poder articular propostes concretes:</p><p>1. Reactivació Econòmica i Transformació Digital (economia, ocupació, comerç, empresa)</p><p>2. Recuperació Social (teixit social, acció comunitària, salut i sistema sociosanitari)</p><p>3. Ciutat Educadora, Cultural i Esportiva (educació i accions en l'àmbit de la cultura i els esports)</p><p>4. Espai Públic, Barris i Seguretat (actuació a la via pública, millores urbanes als barris, manteniment, neteja, prevenció i seguretat ciutadana)</p><p>5. Nou Model Urbà, Sostenibilitat i Mobilitat (urbanisme, mobilitat i transports; transició ecològica, natura i agricultura).</p><p><strong>Per poder assistir és imprescindible inscriure's prèviament a través d'aquest </strong><a href=""https://services.ajuntament.gava.cat/formtools/modules/form_builder/published/mes_que_mai_gava.php"" target=""_blank""><strong>enllaç</strong></a><strong>.</strong>											</p><p><br></p>";"<p>Este encuentro digital representará el pistoletazo de salida del proceso de configuración del Plan de Reactivación. Este Plan lo trabajaremos en cinco grupos para poder articular propuestas concretas:</p><ol><li>Reactivación Económica y Transformación Digital (economía, ocupación, comercio, empresa)</li><li>Recuperación Social (tejido social, acción comunitaria, salud y sistema sociosanitario)</li><li>Ciudad Educadora, Cultural y Deportiva (educación y acciones en el ámbito de la cultura y los deportes)</li><li>Espacio Público, Barrios y Seguridad (actuación en la vía pública, mejoras urbanas en los barrios, mantenimiento, limpieza, prevención y seguridad ciudadana)</li><li>Nuevo Modelo Urbano, Sostenibilidad y Movilidad (urbanismo, movilidad y transportes; transición ecológica, naturaleza y agricultura).</li></ol><p>&nbsp;</p><p><strong>Para poder asistir es imprescindible inscribirse previamente a través de este </strong><a href=""https://services.ajuntament.gava.cat/formtools/modules/form_builder/published/mes_que_mai_gava.php"" target=""_blank""><strong>enlace.</strong></a></p><p><br></p>";2020-07-15 18:00:00;2020-07-15 20:00:00;0;0;;Plaça de Jaume Balmes, s/n, 08850 Gavà, Barcelona;Sessió telemàtica;Sesión telemática;G-MEET-2020-07-21;4;0;18;https://participa.gavaciutat.cat/processes/MesQueMaiGava/f/119/meetings/21;"";""
23;;;;;43;https://participa.gavaciutat.cat/processes/MesQueMaiGava?participatory_process_slug=MesQueMaiGava;119;Sessió de propostes en l'àmbit de Reactivació Econòmica i Transformació Digital ;Sesión de propuestas en el ámbito de Reactivación Económica y Transformación Digital;"<p>Aquesta sessió té com a objectiu la presentació i debat de propostes per part de la ciutadania en la temàtica de Reactivació Econòmica i Transformació Digital (economia, ocupació, comerç, empresa).</p><p>Poden participar en aquesta sessió totes les persones que, prèviament, es van adherir a l'Acord ciutadà i van decidir participar en el grup de treball de Reactivació Econòmica i Transformació Digital.</p><p>Els membres d'aquest grup poden omplir aquest <a href=""https://docs.google.com/forms/d/e/1FAIpQLSererKtK2pmRsuluIt-0gqWuYNAxeL_UrRzA5qBdfv4LvcYtQ/viewform"" target=""_blank"">qüestionari</a> a fi d'ordenar la visió i propostes que tenen sobre els principals reptes en l'àmbit de Reactivació Econòmica i Transformació Digital davant la crisi de la Covid-19. Tenen temps fins al 7 de setembre.</p>";"<p>Esta sesión tiene como objetivo la presentación y debate de propuestas por parte de la ciudadanía en la temática de Reactivación Económica y Transformación Digital (economía, ocupación, comercio, empresa).</p><p>Pueden participar en esta sesión todas las personas que, previamente, se adhirieron al Acuerdo ciudadano y decidieron participar en el grupo de trabajo de Reactivación Económica y Transformación Digital.</p><p>Los miembros de este grupo pueden llenar este <a href=""https://docs.google.com/forms/d/e/1FAIpQLSererKtK2pmRsuluIt-0gqWuYNAxeL_UrRzA5qBdfv4LvcYtQ/viewform"" target=""_blank"">cuestionario</a> a fin de ordenar la visión y propuestas que tienen sobre los principales retos en el ámbito de Reactivación Económica y Transformación Digital ante la crisis de la Covid-19. Tienen tiempo hasta el 7 de septiembre.</p><p><br></p>";2020-09-16 18:00:00;2020-09-16 20:00:00;0;0;;Plaça de Jaume Balmes, s/n, 08850 Gavà, Barcelona;Sessió telemàtica;Sesión telemática;G-MEET-2020-08-23;0;0;12;https://participa.gavaciutat.cat/processes/MesQueMaiGava/f/119/meetings/23;"";""
24;;;;;43;https://participa.gavaciutat.cat/processes/MesQueMaiGava?participatory_process_slug=MesQueMaiGava;119;Sessió de propostes en l'àmbit d'Espai Públic, Barris i Seguretat ;Sesión de propuestas en el ámbito de Espacio Público, Barrios y Seguridad;"<p>Aquesta sessió té com a objectiu la presentació i debat de propostes per part de la ciutadania en la temàtica d'Espai Públic, Barris i Seguretat (actuació a la via pública, millores urbanes als barris, manteniment, neteja, prevenció i seguretat ciutadana).</p><p>Poden participar en aquesta sessió totes les persones que, prèviament, es van adherir a l'Acord ciutadà i van decidir participar en el grup de treball d'Espai Públic, Barris i Seguretat.</p><p>Els membres d'aquest grup poden omplir aquest <a href=""https://docs.google.com/forms/d/e/1FAIpQLSfHUx3FS9DLlLQsOlRtW4ZtPH2uNdz_tfnVNvPgVyOhOrjfgQ/viewform"" target=""_blank"">qüestionari</a> a fi d'ordenar la visió i propostes que tenen sobre els principals reptes en l'àmbit d'Espai Públic, Barris i Seguretat davant la crisi de la Covid-19. Tenen temps fins al 7 de setembre.</p>";"<p>Esta sesión tiene como objetivo la presentación y debate de propuestas por parte de la ciudadanía en la temática Espacio Público, Barrios y Seguridad (actuaciones en la vía pública, mejoras urbanas en los barrios, mantenimiento, limpieza, prevención y seguridad ciudadana). </p><p>Pueden participar en esta sesión todas las personas que, previamente, se adhirieron al Acuerdo ciudadano y decidieron participar en el grupo de trabajo Espacio Público, Barrios y Seguridad.</p><p>Los miembros de este grupo pueden llenar este <a href=""https://docs.google.com/forms/d/e/1FAIpQLSfHUx3FS9DLlLQsOlRtW4ZtPH2uNdz_tfnVNvPgVyOhOrjfgQ/viewform"" target=""_blank"">cuestionario</a> a fin de ordenar la visión y propuestas que tienen sobre los principales retos en el ámbito de Espacio Público, Barrios y Seguridad ante la crisis de la Covid-19. Tienen tiempo hasta el 7 de septiembre.</p><p><br></p>";2020-09-17 18:00:00;2020-09-17 20:00:00;0;0;;Plaça de Jaume Balmes, s/n, 08850 Gavà, Barcelona;Sessió telemàtica;Sesión telemática;G-MEET-2020-08-24;0;0;12;https://participa.gavaciutat.cat/processes/MesQueMaiGava/f/119/meetings/24;"";""
25;;;;;43;https://participa.gavaciutat.cat/processes/MesQueMaiGava?participatory_process_slug=MesQueMaiGava;119;Sessió de propostes en l'àmbit del Nou Model Urbà, Sostenibilitat i Mobilitat ;Sesión de propuestas en el ámbito de Nuevo Modelo Urbano, Sostenibilidad y movilidad ;"<p>Aquesta sessió té com a objectiu la presentació i debat de propostes per part de la ciutadania en la temàtica del Nou Model Urbà, Sostenibilitat i Mobilitat (urbanisme, mobilitat i transports; transició ecològica, natura i agricultura).</p><p>Poden participar en aquesta sessió totes les persones que, prèviament, es van adherir a l'Acord ciutadà i van decidir participar en el grup de treball del Nou Model Urbà, Sostenibilitat i Mobilitat.</p><p>Els membres d'aquest grup poden omplir aquest <a href=""https://docs.google.com/forms/d/e/1FAIpQLSdGqAzjfM15Atxs_3shJKWlQNvbi9-m0qqQzFVBqgHtROsABA/viewform"" target=""_blank"">qüestionari</a> a fi d'ordenar la visió i propostes que tenen sobre els principals reptes en l'àmbit del Nou Model Urbà, Sostenibilitat i Mobilitat davant la crisi de la Covid-19. Tenen temps fins al 7 de setembre.</p>";"<p>Esta sesión tiene como objetivo la presentación y debate de propuestas por parte de la ciudadanía en la temática Nuevo Modelo Urbano, Sostenibilidad y movilidad (urbanismo, movilidad y transporte, transición ecológica, naturaleza y agricultura).</p><p>Pueden participar en esta sesión todas las personas que, previamente, se adhirieron al Acuerdo ciudadano y decidieron participar en el grupo de trabajo de Nuevo Modelo Urbano, Sostenibilidad y movilidad.</p><p>Los miembros de este grupo pueden llenar este <a href=""https://docs.google.com/forms/d/e/1FAIpQLSdGqAzjfM15Atxs_3shJKWlQNvbi9-m0qqQzFVBqgHtROsABA/viewform"" target=""_blank"">cuestionario</a> a fin de ordenar la visión y propuestas que tienen sobre los principales retos en el ámbito de Nuevo Modelo Urbano, Sostenibilidad y movilidad ante la crisis de la Covid-19. Tienen tiempo hasta el 7 de septiembre.</p><p><br></p>";2020-09-21 18:00:00;2020-09-21 20:00:00;0;0;;Plaça de Jaume Balmes, s/n, 08850 Gavà, Barcelona;Sessió telemàtica;Sesión telemática;G-MEET-2020-08-25;0;0;12;https://participa.gavaciutat.cat/processes/MesQueMaiGava/f/119/meetings/25;"";""
26;;;;;43;https://participa.gavaciutat.cat/processes/MesQueMaiGava?participatory_process_slug=MesQueMaiGava;119;Sessió de propostes en l'àmbit de Ciutat Educadora, Cultural i Esportiva;Sesión de propuestas en el ámbito de Ciudad Educadora, Cultural y Deportiva;"<p>Aquesta sessió té com a objectiu la presentació i debat de propostes per part de la ciutadania en la temàtica de Ciutat Educadora, Cultural i Esportiva (educació i accions en l'àmbit de la cultura i els esports).</p><p>Poden participar en aquesta sessió totes les persones que, prèviament, es van adherir a l'Acord ciutadà i van decidir participar en el grup de treball de Ciutat Educadora, Cultural i Esportiva.</p><p>Els membres d'aquest grup poden omplir aquest <a href=""https://docs.google.com/forms/d/e/1FAIpQLSdJgXOLoknvTYM31jp-MAQVhaTaYxdbL5sJyFrGZx5tu4xaoA/viewform"" target=""_blank"">qüestionari</a> a fi d'ordenar la visió i propostes que tenen sobre els principals reptes en l'àmbit de Ciutat Educadora, Cultural i Esportiva davant la crisi de la Covid-19. Tenen temps fins al 7 de setembre.</p>";"<p>Esta sesión tiene como objetivo la presentación y debate de propuestas por parte de la ciudadanía en la temática Ciudad Educadora, Cultural y Deportiva (educación y acciones en el ámbito de la cultura y los deportes). </p><p>Pueden participar en esta sesión todas las personas que, previamente, se adhirieron al Acuerdo ciudadano y decidieron participar en el grupo de trabajo de Ciudad Educadora, Cultural y Deportiva.</p><p>Los miembros de este grupo pueden llenar este <a href=""https://docs.google.com/forms/d/e/1FAIpQLSdJgXOLoknvTYM31jp-MAQVhaTaYxdbL5sJyFrGZx5tu4xaoA/viewform"" target=""_blank"">cuestionario</a> a fin de ordenar la visión y propuestas que tienen sobre los principales retos en el ámbito de Ciudad Educadora, Cultural y Deportiva ante la crisis de la Covid-19. Tienen tiempo hasta el 7 de septiembre.</p><p><br></p>";2020-09-22 18:00:00;2020-09-22 20:00:00;0;0;;Plaça de Jaume Balmes, s/n, 08850 Gavà, Barcelona;Sessió telemàtica;Sesión telemática;G-MEET-2020-08-26;0;0;12;https://participa.gavaciutat.cat/processes/MesQueMaiGava/f/119/meetings/26;"";""
28;;;;;43;https://participa.gavaciutat.cat/processes/MesQueMaiGava?participatory_process_slug=MesQueMaiGava;119;Sessió de contrast i validació de projectes en l'àmbit de Reactivació Econòmica i Transformació Digital;Sesión de contraste y validación de propuestas en el ámbito de Reactivación Económica y Transformación Digital;<p>Aquesta sessió té com a objectiu el contrast, validació i priorització de propostes per part de la ciutadania en la temàtica de Reactivació Econòmica i Transformació Digital (economia, ocupació, comerç, empresa).</p><p>Poden participar en aquesta sessió totes les persones que, prèviament, es van adherir a l'Acord ciutadà i van decidir participar en el grup de treball de Reactivació Econòmica i Transformació Digital.</p><p><br></p>;<p>Esta sesión tiene como objetivo el contraste, validación y priorización de propuestas por parte de la ciudadanía en la temática de Reactivación Económica y Transformación Digital (economía, ocupación, comercio, empresa).</p><p>Pueden participar en esta sesión todas las personas que, previamente, se adhirieron al Acuerdo ciudadano y decidieron participar en el grupo de trabajo de Reactivación Económica y Transformación Digital.</p><p><br></p><p><br></p>;2020-09-28 18:00:00;2020-09-28 20:00:00;0;0;;Plaça de Jaume Balmes, s/n, 08850 Gavà, Barcelona;Sessió telemàtica;Sesión telemática;G-MEET-2020-09-28;0;0;12;https://participa.gavaciutat.cat/processes/MesQueMaiGava/f/119/meetings/28;"";""
27;;;;;43;https://participa.gavaciutat.cat/processes/MesQueMaiGava?participatory_process_slug=MesQueMaiGava;119;Sessió de contrast i validació de projectes en l'àmbit de Ciutat Educadora, Cultural i Esportiva;Sesión de contraste y validación de propuestas en el ámbito de Ciudad Educadora, Cultural y Deportiva;<p>Aquesta sessió té com a objectiu el contrast, validació i priorització de propostes per part de la ciutadania en la temàtica de Ciutat Educadora, Cultural i Esportiva (educació i accions en l'àmbit de la cultura i els esports).</p><p>Poden participar en aquesta sessió totes les persones que, prèviament, es van adherir a l'Acord ciutadà i van decidir participar en el grup de treball de Ciutat Educadora, Cultural i Esportiva.</p><p><br></p>;<p>Esta sesión tiene como objetivo el contraste, validación y priorización de propuestas por parte de la ciudadanía en la temática Ciudad Educadora, Cultural y Deportiva (educación y acciones en el ámbito de la cultura y los deportes). </p><p>Pueden participar en esta sesión todas las personas que, previamente, se adhirieron al Acuerdo ciudadano y decidieron participar en el grupo de trabajo de Ciudad Educadora, Cultural y Deportiva.</p><p><br></p><p><br></p>;2020-09-29 18:00:00;2020-09-29 20:00:00;0;0;;Plaça de Jaume Balmes, s/n, 08850 Gavà, Barcelona;Sessió telemàtica;Sesión telemática;G-MEET-2020-09-27;0;0;12;https://participa.gavaciutat.cat/processes/MesQueMaiGava/f/119/meetings/27;"";""
29;;;;;43;https://participa.gavaciutat.cat/processes/MesQueMaiGava?participatory_process_slug=MesQueMaiGava;119;Sessió de contrast i validació de projectes en l'àmbit d' Espai Públic, Barris i Seguretat;Sesión de contraste y validación de propuestas en el ámbito de Espacio Público, Barrios y Seguridad;<p>Aquesta sessió té com a objectiu el contrast, validació i priorització de propostes per part de la ciutadania en la temàtica d'Espai Públic, Barris i Seguretat (actuació a la via pública, millores urbanes als barris, manteniment, neteja, prevenció i seguretat ciutadana).</p><p>Poden participar en aquesta sessió totes les persones que, prèviament, es van adherir a l'Acord ciutadà i van decidir participar en el grup de treball d'Espai Públic, Barris i Seguretat.</p><p><br></p>;<p>Esta sesión tiene como objetivo el contraste, validación y priorización de propuestas por parte de la ciudadanía en la temática de Espacio Público, Barrios y Seguridad (actuaciones en la vía pública, mejoras urbanas en los barrios, mantenimiento, limpieza, prevención y seguridad ciudadana).</p><p>Pueden participar en esta sesión todas las personas que, previamente, se adhirieron al Acuerdo ciudadano y decidieron participar en el grupo de trabajo de Espacio Público, Barrios y Seguridad.</p><p><br></p><p><br></p>;2020-09-30 18:00:00;2020-09-30 20:00:00;0;0;;Plaça de Jaume Balmes, s/n, 08850 Gavà, Barcelona;Sessió telemàtica;Sesión telemática;G-MEET-2020-09-29;0;0;12;https://participa.gavaciutat.cat/processes/MesQueMaiGava/f/119/meetings/29;"";""
30;;;;;43;https://participa.gavaciutat.cat/processes/MesQueMaiGava?participatory_process_slug=MesQueMaiGava;119;Sessió de contrast i validació de projectes en l'àmbit de Nou Model Urbà, Sostenibilitat i Mobilitat  ;Sesión de contraste y validación de propuestas en el ámbito de Nuevo Modelo Urbano, Sostenibilidad y movilidad ;"<p>Aquesta sessió té com a objectiu el contrast, validació i priorització de propostes per part de la ciutadania en la temàtica de Nou Model Urbà, Sostenibilitat i Mobilitat (urbanisme, mobilitat i transports; transició ecològica, natura i agricultura).</p><p>Poden participar en aquesta sessió totes les persones que, prèviament, es van adherir a l'Acord ciutadà i van decidir participar en el grup de treball de Nou Model Urbà, Sostenibilitat i Mobilitat. </p><p><br></p><p><br></p>";<p>Esta sesión tiene como objetivo el contraste, validación y priorización de propuestas por parte de la ciudadanía en la temática de Nuevo Modelo Urbano, Sostenibilidad y movilidad (urbanismo, movilidad y transporte, transición ecológica, naturaleza y agricultura).</p><p>Pueden participar en esta sesión todas las personas que, previamente, se adhirieron al Acuerdo ciudadano y decidieron participar en el grupo de trabajo de Nuevo Modelo Urbano, Sostenibilidad y movilidad.</p><p><br></p><p><br></p>;2020-10-01 18:00:00;2020-10-01 20:00:00;0;0;;Plaça de Jaume Balmes, s/n, 08850 Gavà, Barcelona;Sessió telemàtica;Sesión telemática;G-MEET-2020-09-30;0;0;12;https://participa.gavaciutat.cat/processes/MesQueMaiGava/f/119/meetings/30;"";""
31;;;;;43;https://participa.gavaciutat.cat/processes/MesQueMaiGava?participatory_process_slug=MesQueMaiGava;119;Sessió de contrast i validació de projectes en l'àmbit de Recuperació Social;Sesión de contraste y validación de propuestas en el ámbito de Recuperación Social;<p>Aquesta sessió té com a objectiu el contrast, validació i priorització de propostes per part de la ciutadania en la temàtica de Recuperació Social (teixit social, acció comunitària, salut i sistema sociosanitari).</p><p>Poden participar en aquesta sessió totes les persones que, prèviament, es van adherir a l'Acord ciutadà i van decidir participar en el grup de treball de Recuperació Social. </p><p><br></p><p><br></p>;<p>Esta sesión tiene como objetivo el contraste, validación y priorización de propuestas por parte de la ciudadanía en la temática de Recuperación Social (tejido social, acción comunitaria, salud y sistema sociosanitario).</p><p>Pueden participar en esta sesión todas las personas que, previamente, se adhirieron al Acuerdo ciudadano y decidieron participar en el grupo de trabajo de Recuperación Social.</p><p><br></p><p><br></p>;2020-10-05 18:00:00;2020-10-05 20:00:00;0;0;;Plaça de Jaume Balmes, s/n, 08850 Gavà, Barcelona;Sessió telemàtica;Sesión telemática;G-MEET-2020-09-31;0;0;12;https://participa.gavaciutat.cat/processes/MesQueMaiGava/f/119/meetings/31;"";""
33;;;;;43;https://participa.gavaciutat.cat/processes/MesQueMaiGava?participatory_process_slug=MesQueMaiGava;119;Acte de presentació del Pla de Reactivació i Innovació Més que Mai, Gavà;Acto de presentación del Plan de Reactivación e Innovación Més que Mai, Gavà;"<p>A aquest acte virtual, adreçat a les persones i entitats que es van adherir a l'Acord ""Més que Mai, Gavà"", es presentarà el Pla de Reactivació i Innovació ""Més que Mai, Gavà"". Més informació a alcaldiagava@gava.cat.Podreu seguir l'acte en directe al canal Youtube de l'Ajuntament.</p><p>https://www.youtube.com/channel/UCRDLNSc0UIhn5CLIX9tzwGQ</p><p><br></p>";"<p>En este acto virtual, dirigido a las personas y entidades que se adhirieron al Acuerdo ""Más que Nunca, Gavà"", se presentará el Plan de Reactivación e Innovación ""Más que Nunca, Gavà"". Más información en alcaldiagava@gava.cat.</p><p>Podrás seguir el acte en directo en el canal Youtube de l'Ajuntament.</p><p>https://www.youtube.com/channel/UCRDLNSc0UIhn5CLIX9tzwGQ</p>";2021-01-21 18:30:00;2021-01-21 20:30:00;0;0;;plaça Jaume Balmes, s/n;plaça de Jaume Balmes, s/n;"";G-MEET-2021-01-33;0;0;12;https://participa.gavaciutat.cat/processes/MesQueMaiGava/f/119/meetings/33;"";""
32;;;;;50;https://participa.gavaciutat.cat/processes/Pressupost21?participatory_process_slug=Pressupost21;131;Audiència Pública. Com participar-hi;Cómo participar en la Audiencia Pública ;"<p>L’Audiència Pública és un acte participatiu i obert a tota la ciutadania, a causa del context de la pandèmia del Coronavirus es farà telemàticament</p><p><strong>Teniu dues opcions per a participar-hi:</strong></p><ul><li>Deixant la vostra <strong>qüestió escrita</strong> als comentaris de la <a href=""https://www.decidim.barcelona/assemblies/audiencia-santsmontjuic/f/3983/meetings/3692"" target=""_blank""><strong>pàgina web de l’Audiència Pública</strong></a> fins 24 hores abans de la sessió, o sigui, fins dilluns dia 23 de novembre a les 18.00 h. Per poder-hi publicar aquests comentaris, cal un perfil d’usuari d'aquesta Plataforma Digital. Obrir-lo és molt fàcil 👉🏽 <a href=""https://www.decidim.barcelona/pages/crear-compte"" target=""_blank""><strong><u>con</u></strong></a><a href=""https://participa.gavaciutat.cat/users/sign_up?locale=ca"" target=""_blank""><strong><u>sulta com registrar-t’hi</u></strong>.</a>
</li></ul><p><br></p><ul><li>Intervenint a l’Audiència Pública <strong>per videoconferència</strong> i exposant-hi en directe les preguntes, queixes o propostes que es vulguin plantejar. Per fer-ho,👉🏽 <a href=""https://forms.gle/EvJk55arwPx3hEfz9"" target=""_blank""><strong>cal inscriure’s en aquest formulari</strong></a> abans de dilluns a les 18.00 h. Un cop inscrits, rebreu per correu electrònic l’enllaç per connectar-vos a la videoconferència. A més, es podrà seguir per streaming a través del <a href=""https://www.youtube.com/channel/UCRDLNSc0UIhn5CLIX9tzwGQ"" target=""_blank""><strong>canal youtube de l'Ajuntament de Gavà</strong></a>
</li></ul><p><br></p><p><br></p>";"<p>La Audiencia Pública es un acto participativo abierto a toda la ciudadania, a causa del contexto de la pandemia del Coronavirus se hará telemáticamente.</p><h3><strong>Tienes dos opciones para participar:</strong></h3><p><br></p><p>Dejando su cuestión escrita a los comentarios de la página web de la Audiencia Pública hasta 24 horas antes de la sesión, es decir, hasta el lunes día 23 de noviembre a las 18.00 h. Para poder publicar estos comentarios, es necesario un perfil de usuario de esta Plataforma Digital. Abrirlo es muy fácil 👉🏽<a href=""https://participa.gavaciutat.cat/users/sign_up?locale=es"" target=""_blank""> consulta como registrarte.</a></p><p><br></p><p><strong>Interviniendo en la audiencia pública por videoconferencia</strong> y exponiendo en directo las preguntas, quejas o propuestas que se quieran plantear. Para ello, 👉🏽 hay que inscribirse en este <a href=""https://forms.gle/EvJk55arwPx3hEfz9"" target=""_blank"">formulario</a> antes del lunes a las 18.00 h. Una vez inscritos, recibirá por correo electrónico el enlace para conectarse a la videoconferencia. <strong>Además, se podrá seguir por streaming</strong> a través del canal youtube del Ayuntamiento de Gavà</p><p><br></p><p><br></p><p><br></p>";2020-11-24 18:00:00;2020-11-24 20:00:00;0;0;;plaça Jaume Balmes, s/n;No és un acte presencial, sinó telemàtic. Es farà per videconferència ;No es un acto presencial, es telemático. Se hará  a través de videoconferencia.;G-MEET-2020-11-32;0;0;8;https://participa.gavaciutat.cat/processes/Pressupost21/f/131/meetings/32;"";""
36;;;;;54;https://participa.gavaciutat.cat/processes/PlaLocalHabitatge?participatory_process_slug=PlaLocalHabitatge;137;Punt d’informació i d’enquesta;Punto de información y de encuesta;<p><strong>Carpa</strong> per donar a conèixer el Pla Local d’Habitatge i el procés de participació, i per recollir propostes i idees a través d’una enquesta.</p><p><strong>Quan?</strong></p><p>👉🏻Dissabte, 6 de març, de 17.00 a 20.30h. Carrer de Sant Pere, Illa de Vianants. Prop del monument a la Pagesa.</p>;<p><strong>Carpa</strong> para dar a conocer el Plan Local de Vivienda y el proceso de participación, así como para recoger propuestas e ideas a través d'una encuesta.</p><p><strong>¿Cuándo?</strong></p><p>👉Sábado, 6 de marzo, de 17.00 a 20.30h. Calle de Sant Pere, Illa de Vianants, cerca del monumento a la pagesa. </p>;2021-03-06 17:00:00;2021-03-06 20:30:00;0;0;;carrer de Sant Pere,32. Gavà; Carrer de Sant Pere, Illa de Vianants, prop del monument a la Pagesa; Calle de Sant Pere, Illa de Vianants, cerca del monumento a la pagesa.;G-MEET-2021-02-36;0;0;12;https://participa.gavaciutat.cat/processes/PlaLocalHabitatge/f/137/meetings/36;"";""
35;;;;;54;https://participa.gavaciutat.cat/processes/PlaLocalHabitatge?participatory_process_slug=PlaLocalHabitatge;137;Punt d’informació i d’enquesta;Punto de información y de encuesta;<p><strong>Carpa</strong> per donar a conèixer el Pla Local d’Habitatge i el procés de participació, i per recollir propostes i idees a través d’una enquesta.</p><p><strong>Quan?</strong></p><p>👉🏻Dissabte, 27 de febrer, de 10.00 a 14.30h. Davant del Merca Gavà (cantonada Carrer Joan XXIII amb Plaça de Catalunya).</p><p><br></p>;<p><strong>Carpa</strong> para dar a conocer el Plan Local de Vivienda y el proceso de participación, así como para recoger propuestas e ideas a través d'una encuesta.  </p><p><strong>¿Cuándo?</strong></p><p>👉Sábado, 27 de febrer, de 10.00 a 14.30h. Delante del Merca Gavà (esquina Avenida Joan XXIII  con Plaça de Catalunya).</p>;2021-02-27 10:00:00;2021-02-27 14:00:00;0;0;;Avinguda Joan XXIII,7. Gavà;Davant el Merca Gavà, Avinguda Joan XXIII, cantonada amb plaça de Catalunya;Delante  del Merca Gavà, Avenida Joan XXIII, esquina con plaza de Catalunya;G-MEET-2021-02-35;0;0;11;https://participa.gavaciutat.cat/processes/PlaLocalHabitatge/f/137/meetings/35;"";""
34;;;;;54;https://participa.gavaciutat.cat/processes/PlaLocalHabitatge?participatory_process_slug=PlaLocalHabitatge;138;Participa a la Trobada ciutadana “parlem del Pla local d’Habitatge”.;"";"<p><strong>Sessió virtual</strong>, on es presentará de manera resumida  Pla Local d'Habitatge de Gavà i les seves principals línies d'actuació, així com i d’opinió, debat i presentació de propostes per millorar la situació de l’habitatge a Gavà.</p><p>Sessió oberta ala ciutadania. A causa del context de pandèmia es desenvoluparà per videoconferència. </p><p>Per participar-hi,👉🏽 <strong> cal inscriure’s prèviament en aquest </strong><a href=""https://forms.gle/PqpC9sj7AK8ziqSd9"" target=""_blank""><strong>formulari</strong> </a>abans de dilluns dia 9 a les 18.00 h. Un cop inscrits,<strong> rebreu per correu electrònic l’enllaç per connectar-vos a la videoconferència.</strong> </p>";"";2021-03-09 18:30:00;2021-03-09 20:30:00;0;0;;plaça Jaume Balmes, s/n;Atenció: no és un acte presencial, es farà per videconferència.  Cal inscripció prèvia, tens l'enllaç per a fer-ho en aquesta pàgina-;"";G-MEET-2021-02-34;0;0;11;https://participa.gavaciutat.cat/processes/PlaLocalHabitatge/f/138/meetings/34;"";""
