id;category/id;category/name;scope/id;scope/name;participatory_space/id;participatory_space/url;component/id;title/ca;title/es;description/ca;description/es;start_time;end_time;attendees;contributions;organizations;address;location/ca;location/es;reference;comments;attachments;followers;url;related_proposals;related_results
422;;;;;216;http://decidim-calaf.diba.cat/processes/pressupostosparticipatiuscalaf2020?participatory_process_slug=pressupostosparticipatiuscalaf2020;888;Presentació pública de les propostes;"";"<p>El dia <strong>11 de gener</strong> hi ha la <strong>Presentació pública de les propostes </strong>i és <strong>OBLIGATORI</strong> que mínim un representant de cada projecte apte es presenti a la jornada i exposi el seu projecte. <strong>Serà a les 11h a l' IMFP</strong>. En cas que no es presenti ningú per explicar la seva proposta, el projecte quedarà <strong>ELIMINAT</strong> dels Pressupostos Participatius 2020.</p><p>La jornada serà molt senzilla, durant màxim 5 minuts, el/s representat/s de cada proposta explicaran a la resta de població i participants en què consisteix el seu projecte i perquè l'haurien de votar. </p><p>Per tal d'organitzar l'ordre de les presentacions i explicar prèviament com funcionarà la jornada, es convoca als representants de cada projecte el mateix dia a les <strong>10.30h a l'IMFP. </strong></p><p>Per a qualsevol dubte, contacteu-nos a <a href=""mailto:participacio.calaf@gmail.com"" target=""_blank"">participacio.calaf@gmail.com</a></p>";"";2020-01-11 10:00:00;2020-01-11 12:00:00;0;0;;Carrer Francesc Casajoana, 12-32, 08280 Calaf;Calaf;"";calaf-MEET-2019-12-422;0;0;15;http://decidim-calaf.diba.cat/processes/pressupostosparticipatiuscalaf2020/f/888/meetings/422;"";""
437;;;;;216;http://decidim-calaf.diba.cat/processes/pressupostosparticipatiuscalaf2020?participatory_process_slug=pressupostosparticipatiuscalaf2020;1063;Biblioteca de Calaf;"";<p>Biblioteca de Calaf</p><p><strong>Matins</strong> dilluns/dimecres/dissabte de 10 a 13h</p><p><strong>Tardes</strong> de dilluns a dijous de 15.30h a 20h i divendres de15.30h a 19h</p>;"";2020-01-10 08:00:00;2020-02-02 23:00:00;0;0;;Sant Joan Baptista de la Salle, 6-8  08280 Calaf;Biblioteca de Calaf;"";calaf-MEET-2020-01-437;0;0;14;http://decidim-calaf.diba.cat/processes/pressupostosparticipatiuscalaf2020/f/1063/meetings/437;"";""
436;;;;;216;http://decidim-calaf.diba.cat/processes/pressupostosparticipatiuscalaf2020?participatory_process_slug=pressupostosparticipatiuscalaf2020;1063;Ajuntament de Calaf;"";<p>Ajuntament de Calaf</p>;"";2019-01-10 08:00:00;2020-02-02 23:00:00;0;0;;Plaça Gran Nº2, 08280 Calaf;Ajuntament de Calaf;"";calaf-MEET-2020-01-436;0;0;14;http://decidim-calaf.diba.cat/processes/pressupostosparticipatiuscalaf2020/f/1063/meetings/436;"";""
435;;;;;216;http://decidim-calaf.diba.cat/processes/pressupostosparticipatiuscalaf2020?participatory_process_slug=pressupostosparticipatiuscalaf2020;1063;Oficina de Turisme;"";<p>Oficina de Turisme</p>;"";2020-01-10 08:00:00;2020-02-02 23:00:00;0;0;;Plaça dels arbres, Calaf, 08280;Oficina de Turisme;"";calaf-MEET-2020-01-435;0;0;14;http://decidim-calaf.diba.cat/processes/pressupostosparticipatiuscalaf2020/f/1063/meetings/435;"";""
428;;;;;216;http://decidim-calaf.diba.cat/processes/pressupostosparticipatiuscalaf2020?participatory_process_slug=pressupostosparticipatiuscalaf2020;1063;Mercat de Calaf;"";<p>El dissabte 1 de febrer al Mercat de Calaf de 12h a 14h</p>;"";2020-02-01 11:00:00;2020-02-01 13:00:00;0;0;;Plaça dels arbres, Calaf, 08280;Mercat de Calaf;"";calaf-MEET-2020-01-428;0;0;14;http://decidim-calaf.diba.cat/processes/pressupostosparticipatiuscalaf2020/f/1063/meetings/428;"";""
427;;;;;216;http://decidim-calaf.diba.cat/processes/pressupostosparticipatiuscalaf2020?participatory_process_slug=pressupostosparticipatiuscalaf2020;1063;Poliesportiu municipal;"";<p>El dissabte 25 de gener al Poliesportiu de 17.30h a 19.30h</p>;"";2020-01-25 16:30:00;2020-01-25 18:30:00;0;0;; Alcalde Mas Domènech, s/n  08280 Calaf ;Poliesportiu municipal;"";calaf-MEET-2020-01-427;0;0;14;http://decidim-calaf.diba.cat/processes/pressupostosparticipatiuscalaf2020/f/1063/meetings/427;"";""
426;;;;;216;http://decidim-calaf.diba.cat/processes/pressupostosparticipatiuscalaf2020?participatory_process_slug=pressupostosparticipatiuscalaf2020;1063;Casa Bertran - Esplai de la Gent Gran;"";<p>El dimecres 22 de gener a l’Esplai de la Gent Gran d’11 a 13h</p>;"";2020-01-22 10:00:00;2020-01-22 12:00:00;0;0;; Passeig de Santa Calamanda, 6  08280 Calaf ;Casa Bertran;"";calaf-MEET-2020-01-426;0;0;14;http://decidim-calaf.diba.cat/processes/pressupostosparticipatiuscalaf2020/f/1063/meetings/426;"";""
425;;;;;216;http://decidim-calaf.diba.cat/processes/pressupostosparticipatiuscalaf2020?participatory_process_slug=pressupostosparticipatiuscalaf2020;1063;Camp de futbol Les Garrigues;"";<p>El dissabte 18 de gener al Camp de futbol de 17.30h a 19.30h</p>;"";2020-01-18 16:30:00;2020-01-18 18:30:00;0;0;;Camí de la Fortesa, s/n  08280 Calaf ;Camp de futbol Les Garrigues;"";calaf-MEET-2020-01-425;0;0;14;http://decidim-calaf.diba.cat/processes/pressupostosparticipatiuscalaf2020/f/1063/meetings/425;"";""
423;;;;;216;http://decidim-calaf.diba.cat/processes/pressupostosparticipatiuscalaf2020?participatory_process_slug=pressupostosparticipatiuscalaf2020;1063;Vota a l'IMFP;"";<p>Vine a votar pels Pressupostos Participatius 2020</p>;"";2020-01-11 10:00:00;2020-01-11 12:00:00;0;0;;Carrer Francesc Casajoana, 12-32, 08280 Calaf, Barcelona;Calaf;"";calaf-MEET-2019-12-423;0;0;14;http://decidim-calaf.diba.cat/processes/pressupostosparticipatiuscalaf2020/f/1063/meetings/423;"";""
