id;category/id;category/name/ca;category/name/es;scope/id;scope/name/ca;scope/name/es;scope/name/en;participatory_space/id;participatory_space/url;component/id;title/ca;body/ca;state;reference;answer/ca;answer/es;answer/en;supports;endorsements/total_count;endorsements/user_endorsements;comments;attachments;followers;published_at;url;meeting_urls;related_proposals;is_amend;original_proposal/title;original_proposal/url
3231;369;Esports ;"";;"";"";"";216;http://decidim-calaf.diba.cat/processes/pressupostosparticipatiuscalaf2020?participatory_process_slug=pressupostosparticipatiuscalaf2020;889;Parc de barres cal·listènia;"Parc de street workout situat a l’aire lliure, complet per a poder fer dominades, abdominals i altres activitats i exercicis físics. Seria accessible per a totes les edats, però encarat per a adolescents i joves.

Veure vídeo de presentació: https://www.youtube.com/watch?v=U-AzGbD6Sew";accepted;calaf-PROP-2019-12-3231;"";"";"";0;0;"";0;0;19;2019-12-17 11:38:59 UTC;http://decidim-calaf.diba.cat/processes/pressupostosparticipatiuscalaf2020/f/889/proposals/3231;"";"";false;;
3230;370;Comunicació i noves tecnologies;"";;"";"";"";216;http://decidim-calaf.diba.cat/processes/pressupostosparticipatiuscalaf2020?participatory_process_slug=pressupostosparticipatiuscalaf2020;889;Panell informatiu digital exterior;"Panell informatiu d’última generació per ubicar en un punt cèntric del municipi que disposarà d’una pantalla de 43 polzades des d’on aniran passant els cartells i actes d’agenda de forma automàtica. També disposarà d’una pantalla tàctil amb què l’usuari podrà navegar per àrees temàtiques relacionades amb els serveis de l’Ajuntament i el patrimoni turístic de Calaf.

Veure vídeo de presentació: https://www.youtube.com/watch?v=Cp3P9-jlqqg";accepted;calaf-PROP-2019-12-3230;"";"";"";0;0;"";0;0;14;2019-12-17 11:35:05 UTC;http://decidim-calaf.diba.cat/processes/pressupostosparticipatiuscalaf2020/f/889/proposals/3230;"";"";false;;
3229;369;Esports ;"";;"";"";"";216;http://decidim-calaf.diba.cat/processes/pressupostosparticipatiuscalaf2020?participatory_process_slug=pressupostosparticipatiuscalaf2020;889;Pista de vòlei sorra;"Substitució de l’actual pista de vòlei sorra per un espai a peu de terra, amb els corresponents drenatges, la sorra adient per la pràctica d’aquest esport i el tancat corresponent.

Veure vídeo de presentació: https://www.youtube.com/watch?v=QuXVh0Cim_o";accepted;calaf-PROP-2019-12-3229;"";"";"";0;0;"";0;0;16;2019-12-17 11:31:49 UTC;http://decidim-calaf.diba.cat/processes/pressupostosparticipatiuscalaf2020/f/889/proposals/3229;"";"";false;;
3228;369;Esports ;"";;"";"";"";216;http://decidim-calaf.diba.cat/processes/pressupostosparticipatiuscalaf2020?participatory_process_slug=pressupostosparticipatiuscalaf2020;889;Instal·lació d'un sistema d'osmosis i descalcificador al camp de futbol;"Projecte per la millora qualitativa de l’aigua de boca al Camp de Futbol Les Garrigues

Veure vídeo de presentació: https://www.youtube.com/watch?v=LhZ7L9h8EYo";accepted;calaf-PROP-2019-12-3228;"";"";"";0;0;"";0;0;14;2019-12-17 11:30:38 UTC;http://decidim-calaf.diba.cat/processes/pressupostosparticipatiuscalaf2020/f/889/proposals/3228;"";"";false;;
3227;369;Esports ;"";;"";"";"";216;http://decidim-calaf.diba.cat/processes/pressupostosparticipatiuscalaf2020?participatory_process_slug=pressupostosparticipatiuscalaf2020;889;"Equip de so i megafonia per al camp de futbol ""Les Garrigues""";"Millorar les instal•lacions de l’espai actual amb un equip de so i megafonia nou.

Veure vídeo de presentació: https://www.youtube.com/watch?v=LhZ7L9h8EYo";accepted;calaf-PROP-2019-12-3227;"";"";"";0;0;"";0;0;14;2019-12-17 10:59:54 UTC;http://decidim-calaf.diba.cat/processes/pressupostosparticipatiuscalaf2020/f/889/proposals/3227;"";"";false;;
3226;369;Esports ;"";;"";"";"";216;http://decidim-calaf.diba.cat/processes/pressupostosparticipatiuscalaf2020?participatory_process_slug=pressupostosparticipatiuscalaf2020;889;Grada desmuntable per esdeveniments al poble;"Grada desmuntable d’alumini amb totes les mesures de seguretat pel públic del 3x3 de futbol que organitza la Penya Barcelonista, però també per diferents esdeveniments del poble. Entre aquests, hi podria haver un espectacle infantil a l’aire lliure o el 3x3 de bàsquet.  Les grades comptarien amb una llargada aproximada de 8 metres, amb 5 nivells diferents, per obtenir una capacitat total d’entre 70-100 persones.

Veure vídeo de presentació: https://www.youtube.com/watch?v=rvqU4PBAp38";accepted;calaf-PROP-2019-12-3226;"";"";"";0;0;"";0;0;17;2019-12-17 10:55:29 UTC;http://decidim-calaf.diba.cat/processes/pressupostosparticipatiuscalaf2020/f/889/proposals/3226;"";"";false;;
3225;368;Cultura;"";;"";"";"";216;http://decidim-calaf.diba.cat/processes/pressupostosparticipatiuscalaf2020?participatory_process_slug=pressupostosparticipatiuscalaf2020;889;Renovació total del vestuari cavalcada de Reis;"Canviar els vestits dels patges i Reis de Calaf, que compten amb més de 20 anys d’antiguitat. A causa del pas del temps i de les torxes, el vestuari està fet malbé i tenen algunes cremades. Fins ara s’han pogut fer petits arranjaments per a aprofitar-los, però es creu convenient una renovació total del vestuari de la cavalcada.

Veure vídeo de presentació: https://www.youtube.com/watch?v=kPUvWaFTkew";accepted;calaf-PROP-2019-12-3225;"";"";"";0;0;"";0;0;21;2019-12-17 10:52:59 UTC;http://decidim-calaf.diba.cat/processes/pressupostosparticipatiuscalaf2020/f/889/proposals/3225;"";"";false;;
3224;362;Ensenyament;"";;"";"";"";216;http://decidim-calaf.diba.cat/processes/pressupostosparticipatiuscalaf2020?participatory_process_slug=pressupostosparticipatiuscalaf2020;889;Projecte 'Tots som Escola' de l'escola Alta Segarra;"El projecte ‘Tots som Escola’ inclou l’adquisició de material o instal•lacions per a l’Escola Alta Segarra per tal que el professorat i l’equip de direcció pugui diversificar les activitats que es realitzen a l’hora del pati, al menjador i a les aules. Dins d’aquesta proposta, hi trobem el material pels espais de Joc simbòlic per Educació infantil, la protecció del terra tou i pati de Cicle inicial, material esportiu per a Cicle Mitjà i Superior, i la millora de les instal•lacions de la Sala Groga. A més a més, també inclou xerrades informatives per a les famílies i l’adquisició de tauletes i un ordinador.

Veure vídeo de presentació:  https://www.youtube.com/watch?v=sJrgockxmdI";accepted;calaf-PROP-2019-12-3224;"";"";"";0;0;"";0;0;17;2019-12-17 10:48:40 UTC;http://decidim-calaf.diba.cat/processes/pressupostosparticipatiuscalaf2020/f/889/proposals/3224;"";"";false;;
3222;362;Ensenyament;"";;"";"";"";216;http://decidim-calaf.diba.cat/processes/pressupostosparticipatiuscalaf2020?participatory_process_slug=pressupostosparticipatiuscalaf2020;889;Compra de contenidors per reciclar i de taquilles per l'INS Alexandre de Riquer;"Per fomentar el reciclatge a l’institut es demanen contenidors per separar els residus, ja que actualment es disposa de poques unitats i totes iguals.  Així mateix, també es volen incorporar taquilles a les aules perquè els alumnes puguin deixar-hi els llibres i no els hagin d’arrossegar diàriament, evitant els mals d’esquena pel sobrepès.

Veure vídeo de presentació: https://www.youtube.com/watch?v=52kh2egBtqM";accepted;calaf-PROP-2019-12-3222;"";"";"";0;0;"";0;0;17;2019-12-17 10:40:29 UTC;http://decidim-calaf.diba.cat/processes/pressupostosparticipatiuscalaf2020/f/889/proposals/3222;"";"";false;;
3221;359;Urbanisme;"";;"";"";"";216;http://decidim-calaf.diba.cat/processes/pressupostosparticipatiuscalaf2020?participatory_process_slug=pressupostosparticipatiuscalaf2020;889;Adquisició d'un elevador unipersonal per les associacions calafines;"Compra d’un elevador unipersonal amb estabilitzador per les diferents associacions calafines, la sala d’actes Teresa Escolà i Torra i altres locals municipals. D’aquesta manera es podrà treballar a alçades màximes de 8 metres amb total seguretat.

Veure vídeo de presentació: https://www.youtube.com/watch?v=K-5haA2Z0eM";accepted;calaf-PROP-2019-12-3221;"";"";"";0;0;"";0;0;14;2019-12-17 10:22:02 UTC;http://decidim-calaf.diba.cat/processes/pressupostosparticipatiuscalaf2020/f/889/proposals/3221;"";"";false;;
3178;359;Urbanisme;"";;"";"";"";216;http://decidim-calaf.diba.cat/processes/pressupostosparticipatiuscalaf2020?participatory_process_slug=pressupostosparticipatiuscalaf2020;889;Millora del paviment del pati de la llar d'infants (fase 3);"Per reduir el grau d’humitat al nou paviment i al sorral es realitzaran diferents actuacions: la demolició d’una part del paviment i del sorral, la construcció de la xarxa de drenatge de la zona on s’actua, el nou paviment de sauló i del sorral, i la col•locació d’una nova tanca de fusta a la zona del sorral i de dos arbres en la zona del sauló.

Veure vídeo de presentació: https://www.youtube.com/watch?v=X7fxHyTTaQM";accepted;calaf-PROP-2019-12-3178;"";"";"";0;0;"";0;0;17;2019-12-17 09:28:15 UTC;http://decidim-calaf.diba.cat/processes/pressupostosparticipatiuscalaf2020/f/889/proposals/3178;"";"";false;;
3223;359;Urbanisme;"";;"";"";"";216;http://decidim-calaf.diba.cat/processes/pressupostosparticipatiuscalaf2020?participatory_process_slug=pressupostosparticipatiuscalaf2020;889;Pintar 3 sales de l'Esplai de la Gent Gran;"Pintar 3 sales de l’Esplai de la Gent Gran: la Sala Polivalent, la Sala Bar i la Sala Televisió.

Veure vídeo de presentació: https://www.youtube.com/watch?v=wO-Sa1f7LGk";accepted;calaf-PROP-2019-12-3223;"";"";"";0;0;"";0;0;15;2019-12-17 10:44:59 UTC;http://decidim-calaf.diba.cat/processes/pressupostosparticipatiuscalaf2020/f/889/proposals/3223;"";"";false;;
