id;category/id;category/name/ca;category/name/es;scope/id;scope/name/en;scope/name/ca;scope/name/es;scope/name/eu;participatory_space/id;participatory_space/url;component/id;title;body;state;reference;answer/en;answer/ca;answer/es;answer/eu;supports;endorsements/total_count;endorsements/user_endorsements;comments;attachments;followers;published_at;url;meeting_urls;related_proposals;is_amend;original_proposal/title;original_proposal/url
60;2;Esports (Tot el municipi );"";;"";"";"";"";4;http://decidim.sencelles.cat/processes/pressupostos2020?participatory_process_slug=pressupostos2020;14;Creació d’un Rocódrom;"Crear un rocòdrom on tota la gent del poble pugui anar a escalar. Un rocòdrom és un espai educatiu i d’aprenentatge, on es poden impartir classes tant a infants com a adults. D’aquesta manera, cream un espai d’oci saludable i alternatiu al municipi. Tenim l’exemple d’altres pobles, com Bunyola, Manacor, Esporles,Valldemossa, on fa anys que està en funcionament i amb molts bons resultats.
#2020";"";decidim.sencelles.cat-PROP-2019-12-60;"";"";"";"";17;5;Carme, Carolina , Javier, Marta P., Jozua;4;0;7;2019-12-28 22:13:17 UTC;http://decidim.sencelles.cat/processes/pressupostos2020/f/14/proposals/60;"";"";false;;
59;2;Esports (Tot el municipi );"";;"";"";"";"";4;http://decidim.sencelles.cat/processes/pressupostos2020?participatory_process_slug=pressupostos2020;14;Camp de voley de platja;"La proposta consisteix en crear un camp de voley platja, per una banda, per fomentar els esports, alternatius al municipi, i per altra, perquè és un projecte poc costós, menys lesiu que el voley pista i es un camp molt sol·licitat arreu de l'illa, per tant, pot aportar beneficis econòmics i esportius.
#2020";"";decidim.sencelles.cat-PROP-2019-12-59;"";"";"";"";7;2;Carme, Albert;0;0;3;2019-12-28 22:05:49 UTC;http://decidim.sencelles.cat/processes/pressupostos2020/f/14/proposals/59;"";"";false;;
64;35;Medi ambient i benestar animal;"";;"";"";"";"";4;http://decidim.sencelles.cat/processes/pressupostos2020?participatory_process_slug=pressupostos2020;14;Millora punts verds;"Millorar els dos punts verds, Sencelles i Biniali.
1. Augmentar l'horari d'obertura del punt verd / permetre entrar amb códi o similar.
2. Quan hi ha un responsable de vigilar que es recicla bé encarregar-se de que es fa així i no només apuntar al usuaris a la llista.
3. No permetre tirar només rebuig, s'ha de reciclar.
4. Augmentar els contenidors d'envasos principalment a l'estiu.
5. En cas de que el punt 3 no es pugui aplicar, millorar l'estalvi en el cas de SI reciclar posant la quota de fems a 0 per als que SI reciclen i apujant-la a qui NO recicli.
6. Aprofitar que el punt verd es per a la gent de fora vila per a crear un taulell d'anuncis on els foravilers puguin consultar les activitats que es fan al poble, agafar programes de festes...
#2020";"";decidim.sencelles.cat-PROP-2019-12-64;"";"";"";"";1;1;Victoriano;0;0;3;2019-12-30 13:24:23 UTC;http://decidim.sencelles.cat/processes/pressupostos2020/f/14/proposals/64;"";"";false;;
61;2;Esports (Tot el municipi );"";;"";"";"";"";4;http://decidim.sencelles.cat/processes/pressupostos2020?participatory_process_slug=pressupostos2020;14;Un Parc Infantil Nou;"Proposo un parc infantil nou a una zona nova del poble. Som moltes les famílies que anam al parc amb els infants, un parc dona vida al poble, els infants tenen la necessitat d'anar a jugar i a trobar-se amb els seus iguals, allà on la imaginació dona per hores i hores de joc i moviment incansable. És un lloc molt estimat i apreciat per a ells i per a total la família, allà on ens reunim, parlem i ...fem poble. Però malauradament a Sencelles el nostre parc no convida a fer aquest ús i és una pena que moltes vegades ens haguem d'anar a altres pobles per poder satisfer les necessitats dels nostres infants i que dins el nostre propi poble no poguem gaudir del parc com ens agradaria. Te unes instal.lacions molt pobres, amb poques propostes de moviment i joc, a més d'estar ja bastant desgastat. La zona on està ubicat és on fa més fred a l'hivern , on fa més calor a l'estiu i on fa més vent els dies que bufa fort. Proposo una zona alternativa, podria ser a la plaça del mercat, o bé darrera les rampes prop de les pistes de pàdel...alternatives de zones no ens falten. El pressupost vindria d'esports? això ja no ho sé...però el que és cert es que és una necessitat real del poble, un PARC INFANTIL NOU. La proposta del rocòdrom es podria incloure dins el nou parc!
#2020";"";decidim.sencelles.cat-PROP-2019-12-61;"";"";"";"";6;0;"";0;0;3;2019-12-29 08:52:19 UTC;http://decidim.sencelles.cat/processes/pressupostos2020/f/14/proposals/61;"";"";false;;
63;;"";"";;"";"";"";"";4;http://decidim.sencelles.cat/processes/pressupostos2020?participatory_process_slug=pressupostos2020;14;Biniali i Sencelles units de forma segura;"Es va crear fa anys un carril per vianants des de Biniali fins Sencelles.
Si sortim des de Sencelles, no hi ha una acera suficientment ample i segura per poder agafar aquest carril de vianants.
Hi ha molta gent que utilitza aquest carril per fer esport o una caminada, de forma que és un lloc ideal per potenciar la salut i l'esbarjo dels habitants de Sencelles i Biniali. 
Com a mare recent, es difícil passejar per dins el poble de forma segura amb un cotxet i aquest carril  faria més fàcil a mi i a altres pares i mares passejar amb els nostres fills.
Per tant, animaria a fer un projecte per enllaçar la sortida des de Sencelles amb el carril, amb una acera suficientment ample com per a que passi un cotxet de bebé o una cadira de rodes.
#2020";withdrawn;decidim.sencelles.cat-PROP-2019-12-63;"";"";"";"";0;0;"";0;0;3;2019-12-29 21:43:48 UTC;http://decidim.sencelles.cat/processes/pressupostos2020/f/14/proposals/63;"";"";true;Biniali i Sencelles units de forma segura;http://decidim.sencelles.cat/processes/pressupostos2020/f/14/proposals/57
57;45;Urbanisme;"";;"";"";"";"";4;http://decidim.sencelles.cat/processes/pressupostos2020?participatory_process_slug=pressupostos2020;14;Biniali i Sencelles units de forma segura;"Es va crear fa anys un carril per vianants des de Biniali fins Sencelles.
Si sortim des de Sencelles, no hi ha una acera suficientment ample i segura per poder agafar aquest carril de vianants.
Hi ha molta gent que utilitza aquest carril per fer esport o una caminada, de forma que és un lloc ideal per potenciar la salut i l'esbarjo dels habitants de Sencelles i Biniali. 
Com a mare recent, es difícil passejar per dins el poble de forma segura amb un cotxet i aquest carril  faria més fàcil a mi i a altres pares i mares passejar amb els nostres fills.
Per tant, animaria a fer un projecte per enllaçar la sortida des de Sencelles amb el carril, amb una acera suficientment ample com per a que passi un cotxet de bebé o una cadira de rodes.
#2020";"";decidim.sencelles.cat-PROP-2019-12-57;"";"";"";"";5;0;"";2;0;3;2019-12-28 17:11:13 UTC;http://decidim.sencelles.cat/processes/pressupostos2020/f/14/proposals/57;"";"";false;;
58;15;Sencelles poble i Jornets - Fires i festes;"";;"";"";"";"";4;http://decidim.sencelles.cat/processes/pressupostos2020?participatory_process_slug=pressupostos2020;14;Tallers tradicionals d'oficis/costums  durant les fires.;"Proposo que durant les fires, es contracti a professionals -millor d'aquí- que realitzin tallers d'iniciació d'oficis  tradicionals (cistelleria, cordar cadires, ebenisteria, agricultura tradicional, pasturatge, fang, ferro, etc.), o costums: receptes, maneres de preservar aliments, usos de materials, costura, llana...  per a ensenyar tant a les noves generacions com a les persones que viuen aquí  que provenen de llocs diferents.
La idea és promoure i preservar la cultura mallorquina, de *sencelles i del *pla: el tradicional en un ambient  obert d'aprenentatge i prova,.
A més crec que pot ser interessant per a recuperar oficis antics, que són sostenibles (mes ecològiques) i molt interessants, que poden tenir sortides professionals. També crec que amb aquesta oferta podria ser una diferència d'altres municipis, de cara a la promoció durant les fires.
#2020";"";decidim.sencelles.cat-PROP-2019-12-58;"";"";"";"";3;0;"";1;0;3;2019-12-28 18:43:46 UTC;http://decidim.sencelles.cat/processes/pressupostos2020/f/14/proposals/58;"";"";false;;
