id;category/id;category/name;scope/id;scope/name;participatory_space/id;participatory_space/url;component/id;title/fr;description/fr;start_time;end_time;attendees;contributions;organizations;address;location/fr;reference;comments;attachments;followers;url;related_proposals;related_results
1;;;;;2;http://budgetparticipatif.ville-roubaix.fr/processes/bpe2019?participatory_process_slug=bpe2019;4;Réunion d’information;"<p>La Ville de Roubaix a souhaité mettre en place une expérimentation de Budget Participatif - dans les quartiers est uniquement pour le moment. </p><p>A l'occasion du lancement de l'étape de dépôt de propositions, une réunion d'information est prévue le mardi 15 janvier à 18h à la salle Lejeune, en présence de Mme Leman, Mme Wenderbecq et Mme Cressent.</p><p>La ville de Roubaix vous présentera la démarche et le fonctionnement de cette plateforme internet dédiée à la démarche. Ceux qui le veulent pourront déjà commencer à réfléchir à des propositions.</p><p><a href=""https://budgetparticipatif.ville-roubaix.fr/uploads/decidim/attachment/file/1/20181121_reglement_bpe_2019_web.pdf"" target=""_blank"">Vous pouvez déjà regarder le règlement qui a été voté en Conseil municipal</a>.</p>";2019-01-15 17:00:00;2019-01-15 19:00:00;0;0;;21 rue d'Anzin 59100 Roubaix;Salle Richard Lejeune;master-MEET-2019-01-1;0;0;14;http://budgetparticipatif.ville-roubaix.fr/processes/bpe2019/f/4/meetings/1;"";""
2;;;;;2;http://budgetparticipatif.ville-roubaix.fr/processes/bpe2019?participatory_process_slug=bpe2019;4;Temps d'échanges mercredi 6 février 2019;"<ul><li>Faites connaître vos idées</li><li>Découvrez en d'<a href=""/processes/bpe2019/f/6/"" target=""_blank"">autres</a></li><li>Echangez sur le <a href=""/processes/bpe2019/f/5/"" target=""_blank"">secteur</a></li><li>Déposez vos idées sur la plate-forme, en étant accompagné</li><li>Trouvez des réponses à vos questions sur le Budget participatif</li></ul><p>La Maison du Projet “&nbsp;Tout Pile&nbsp;” vous accueille dès 12h30 pour un moment de partage convivial sous forme d'auberge espagnole où chacun amène son repas.</p><p><a href=""https://budgetparticipatif.ville-roubaix.fr/uploads/decidim/attachment/file/1/20181121_reglement_bpe_2019_web.pdf"" target=""_blank"">Règlement officiel du budget participatif 2019 sur les quartiers Est de la ville de Roubaix </a></p>";2019-02-06 13:00:00;2019-02-06 15:30:00;0;0;;53 rue de Condé 59100 Roubaix;Maison du Projet “ Tout Pile ” ;master-MEET-2019-01-2;0;0;14;http://budgetparticipatif.ville-roubaix.fr/processes/bpe2019/f/4/meetings/2;"";""
4;;;;;2;http://budgetparticipatif.ville-roubaix.fr/processes/bpe2019?participatory_process_slug=bpe2019;4;Proclamation publique des résultats du Budget participatif des quartiers Est 2019;<p>Monsieur Guillaume Delbar, Maire de Roubaix, proclamera les résultats du Budget participatif des quartiers Est 2019 à la Maison des services Est de Roubaix.</p>;2019-06-29 10:00:00;2019-06-29 11:00:00;0;0;;71 avenue de Verdun 59100 Roubaix;Maison des services;master-MEET-2019-06-4;0;0;14;http://budgetparticipatif.ville-roubaix.fr/processes/bpe2019/f/4/meetings/4;"";""
3;;;;;3;http://budgetparticipatif.ville-roubaix.fr/processes/pcp2019?participatory_process_slug=pcp2019;12;Soirée festive de lancement du vote des projets culturels participatifs;<p>Présentation par les porteurs des projets soumis au vote le vendredi 14 juin au Conservatoire de Roubaix, autour d'un buffet.</p>;2019-06-14 16:00:00;2019-06-14 18:00:00;0;0;;80 rue de Lille 59100 Roubaix;Conservatoire;master-MEET-2019-06-3;0;0;13;http://budgetparticipatif.ville-roubaix.fr/processes/pcp2019/f/12/meetings/3;"";""
